nx_glob, nz_glob: 200 100
dx,dz: 100.000000 100.000000
dt: 0.333333
*** OUTPUT ***
Elapsed Time: 0.000000 / 1000.000000
Elapsed Time: 0.333333 / 1000.000000
Elapsed Time: 0.666667 / 1000.000000
Elapsed Time: 1.000000 / 1000.000000
Elapsed Time: 1.333333 / 1000.000000
Elapsed Time: 1.666667 / 1000.000000
Elapsed Time: 2.000000 / 1000.000000
Elapsed Time: 2.333333 / 1000.000000
Elapsed Time: 2.666667 / 1000.000000
Elapsed Time: 3.000000 / 1000.000000
Elapsed Time: 3.333333 / 1000.000000
Elapsed Time: 3.666667 / 1000.000000
Elapsed Time: 4.000000 / 1000.000000
Elapsed Time: 4.333333 / 1000.000000
Elapsed Time: 4.666667 / 1000.000000
Elapsed Time: 5.000000 / 1000.000000
Elapsed Time: 5.333333 / 1000.000000
Elapsed Time: 5.666667 / 1000.000000
Elapsed Time: 6.000000 / 1000.000000
Elapsed Time: 6.333333 / 1000.000000
Elapsed Time: 6.666667 / 1000.000000
Elapsed Time: 7.000000 / 1000.000000
Elapsed Time: 7.333333 / 1000.000000
Elapsed Time: 7.666667 / 1000.000000
Elapsed Time: 8.000000 / 1000.000000
Elapsed Time: 8.333333 / 1000.000000
Elapsed Time: 8.666667 / 1000.000000
Elapsed Time: 9.000000 / 1000.000000
Elapsed Time: 9.333333 / 1000.000000
Elapsed Time: 9.666667 / 1000.000000
Elapsed Time: 10.000000 / 1000.000000
Elapsed Time: 10.333333 / 1000.000000
Elapsed Time: 10.666667 / 1000.000000
Elapsed Time: 11.000000 / 1000.000000
Elapsed Time: 11.333333 / 1000.000000
Elapsed Time: 11.666667 / 1000.000000
Elapsed Time: 12.000000 / 1000.000000
Elapsed Time: 12.333333 / 1000.000000
Elapsed Time: 12.666667 / 1000.000000
Elapsed Time: 13.000000 / 1000.000000
Elapsed Time: 13.333333 / 1000.000000
Elapsed Time: 13.666667 / 1000.000000
Elapsed Time: 14.000000 / 1000.000000
Elapsed Time: 14.333333 / 1000.000000
Elapsed Time: 14.666667 / 1000.000000
Elapsed Time: 15.000000 / 1000.000000
Elapsed Time: 15.333333 / 1000.000000
Elapsed Time: 15.666667 / 1000.000000
Elapsed Time: 16.000000 / 1000.000000
Elapsed Time: 16.333333 / 1000.000000
Elapsed Time: 16.666667 / 1000.000000
Elapsed Time: 17.000000 / 1000.000000
Elapsed Time: 17.333333 / 1000.000000
Elapsed Time: 17.666667 / 1000.000000
Elapsed Time: 18.000000 / 1000.000000
Elapsed Time: 18.333333 / 1000.000000
Elapsed Time: 18.666667 / 1000.000000
Elapsed Time: 19.000000 / 1000.000000
Elapsed Time: 19.333333 / 1000.000000
Elapsed Time: 19.666667 / 1000.000000
Elapsed Time: 20.000000 / 1000.000000
Elapsed Time: 20.333333 / 1000.000000
Elapsed Time: 20.666667 / 1000.000000
Elapsed Time: 21.000000 / 1000.000000
Elapsed Time: 21.333333 / 1000.000000
Elapsed Time: 21.666667 / 1000.000000
Elapsed Time: 22.000000 / 1000.000000
Elapsed Time: 22.333333 / 1000.000000
Elapsed Time: 22.666667 / 1000.000000
Elapsed Time: 23.000000 / 1000.000000
Elapsed Time: 23.333333 / 1000.000000
Elapsed Time: 23.666667 / 1000.000000
Elapsed Time: 24.000000 / 1000.000000
Elapsed Time: 24.333333 / 1000.000000
Elapsed Time: 24.666667 / 1000.000000
Elapsed Time: 25.000000 / 1000.000000
Elapsed Time: 25.333333 / 1000.000000
Elapsed Time: 25.666667 / 1000.000000
Elapsed Time: 26.000000 / 1000.000000
Elapsed Time: 26.333333 / 1000.000000
Elapsed Time: 26.666667 / 1000.000000
Elapsed Time: 27.000000 / 1000.000000
Elapsed Time: 27.333333 / 1000.000000
Elapsed Time: 27.666667 / 1000.000000
Elapsed Time: 28.000000 / 1000.000000
Elapsed Time: 28.333333 / 1000.000000
Elapsed Time: 28.666667 / 1000.000000
Elapsed Time: 29.000000 / 1000.000000
Elapsed Time: 29.333333 / 1000.000000
Elapsed Time: 29.666667 / 1000.000000
Elapsed Time: 30.000000 / 1000.000000
Elapsed Time: 30.333333 / 1000.000000
Elapsed Time: 30.666667 / 1000.000000
Elapsed Time: 31.000000 / 1000.000000
Elapsed Time: 31.333333 / 1000.000000
Elapsed Time: 31.666667 / 1000.000000
Elapsed Time: 32.000000 / 1000.000000
Elapsed Time: 32.333333 / 1000.000000
Elapsed Time: 32.666667 / 1000.000000
Elapsed Time: 33.000000 / 1000.000000
Elapsed Time: 33.333333 / 1000.000000
Elapsed Time: 33.666667 / 1000.000000
Elapsed Time: 34.000000 / 1000.000000
Elapsed Time: 34.333333 / 1000.000000
Elapsed Time: 34.666667 / 1000.000000
Elapsed Time: 35.000000 / 1000.000000
Elapsed Time: 35.333333 / 1000.000000
Elapsed Time: 35.666667 / 1000.000000
Elapsed Time: 36.000000 / 1000.000000
Elapsed Time: 36.333333 / 1000.000000
Elapsed Time: 36.666667 / 1000.000000
Elapsed Time: 37.000000 / 1000.000000
Elapsed Time: 37.333333 / 1000.000000
Elapsed Time: 37.666667 / 1000.000000
Elapsed Time: 38.000000 / 1000.000000
Elapsed Time: 38.333333 / 1000.000000
Elapsed Time: 38.666667 / 1000.000000
Elapsed Time: 39.000000 / 1000.000000
Elapsed Time: 39.333333 / 1000.000000
Elapsed Time: 39.666667 / 1000.000000
Elapsed Time: 40.000000 / 1000.000000
Elapsed Time: 40.333333 / 1000.000000
Elapsed Time: 40.666667 / 1000.000000
Elapsed Time: 41.000000 / 1000.000000
Elapsed Time: 41.333333 / 1000.000000
Elapsed Time: 41.666667 / 1000.000000
Elapsed Time: 42.000000 / 1000.000000
Elapsed Time: 42.333333 / 1000.000000
Elapsed Time: 42.666667 / 1000.000000
Elapsed Time: 43.000000 / 1000.000000
Elapsed Time: 43.333333 / 1000.000000
Elapsed Time: 43.666667 / 1000.000000
Elapsed Time: 44.000000 / 1000.000000
Elapsed Time: 44.333333 / 1000.000000
Elapsed Time: 44.666667 / 1000.000000
Elapsed Time: 45.000000 / 1000.000000
Elapsed Time: 45.333333 / 1000.000000
Elapsed Time: 45.666667 / 1000.000000
Elapsed Time: 46.000000 / 1000.000000
Elapsed Time: 46.333333 / 1000.000000
Elapsed Time: 46.666667 / 1000.000000
Elapsed Time: 47.000000 / 1000.000000
Elapsed Time: 47.333333 / 1000.000000
Elapsed Time: 47.666667 / 1000.000000
Elapsed Time: 48.000000 / 1000.000000
Elapsed Time: 48.333333 / 1000.000000
Elapsed Time: 48.666667 / 1000.000000
Elapsed Time: 49.000000 / 1000.000000
Elapsed Time: 49.333333 / 1000.000000
Elapsed Time: 49.666667 / 1000.000000
Elapsed Time: 50.000000 / 1000.000000
Elapsed Time: 50.333333 / 1000.000000
Elapsed Time: 50.666667 / 1000.000000
Elapsed Time: 51.000000 / 1000.000000
Elapsed Time: 51.333333 / 1000.000000
Elapsed Time: 51.666667 / 1000.000000
Elapsed Time: 52.000000 / 1000.000000
Elapsed Time: 52.333333 / 1000.000000
Elapsed Time: 52.666667 / 1000.000000
Elapsed Time: 53.000000 / 1000.000000
Elapsed Time: 53.333333 / 1000.000000
Elapsed Time: 53.666667 / 1000.000000
Elapsed Time: 54.000000 / 1000.000000
Elapsed Time: 54.333333 / 1000.000000
Elapsed Time: 54.666667 / 1000.000000
Elapsed Time: 55.000000 / 1000.000000
Elapsed Time: 55.333333 / 1000.000000
Elapsed Time: 55.666667 / 1000.000000
Elapsed Time: 56.000000 / 1000.000000
Elapsed Time: 56.333333 / 1000.000000
Elapsed Time: 56.666667 / 1000.000000
Elapsed Time: 57.000000 / 1000.000000
Elapsed Time: 57.333333 / 1000.000000
Elapsed Time: 57.666667 / 1000.000000
Elapsed Time: 58.000000 / 1000.000000
Elapsed Time: 58.333333 / 1000.000000
Elapsed Time: 58.666667 / 1000.000000
Elapsed Time: 59.000000 / 1000.000000
Elapsed Time: 59.333333 / 1000.000000
Elapsed Time: 59.666667 / 1000.000000
Elapsed Time: 60.000000 / 1000.000000
Elapsed Time: 60.333333 / 1000.000000
Elapsed Time: 60.666667 / 1000.000000
Elapsed Time: 61.000000 / 1000.000000
Elapsed Time: 61.333333 / 1000.000000
Elapsed Time: 61.666667 / 1000.000000
Elapsed Time: 62.000000 / 1000.000000
Elapsed Time: 62.333333 / 1000.000000
Elapsed Time: 62.666667 / 1000.000000
Elapsed Time: 63.000000 / 1000.000000
Elapsed Time: 63.333333 / 1000.000000
Elapsed Time: 63.666667 / 1000.000000
Elapsed Time: 64.000000 / 1000.000000
Elapsed Time: 64.333333 / 1000.000000
Elapsed Time: 64.666667 / 1000.000000
Elapsed Time: 65.000000 / 1000.000000
Elapsed Time: 65.333333 / 1000.000000
Elapsed Time: 65.666667 / 1000.000000
Elapsed Time: 66.000000 / 1000.000000
Elapsed Time: 66.333333 / 1000.000000
Elapsed Time: 66.666667 / 1000.000000
Elapsed Time: 67.000000 / 1000.000000
Elapsed Time: 67.333333 / 1000.000000
Elapsed Time: 67.666667 / 1000.000000
Elapsed Time: 68.000000 / 1000.000000
Elapsed Time: 68.333333 / 1000.000000
Elapsed Time: 68.666667 / 1000.000000
Elapsed Time: 69.000000 / 1000.000000
Elapsed Time: 69.333333 / 1000.000000
Elapsed Time: 69.666667 / 1000.000000
Elapsed Time: 70.000000 / 1000.000000
Elapsed Time: 70.333333 / 1000.000000
Elapsed Time: 70.666667 / 1000.000000
Elapsed Time: 71.000000 / 1000.000000
Elapsed Time: 71.333333 / 1000.000000
Elapsed Time: 71.666667 / 1000.000000
Elapsed Time: 72.000000 / 1000.000000
Elapsed Time: 72.333333 / 1000.000000
Elapsed Time: 72.666667 / 1000.000000
Elapsed Time: 73.000000 / 1000.000000
Elapsed Time: 73.333333 / 1000.000000
Elapsed Time: 73.666667 / 1000.000000
Elapsed Time: 74.000000 / 1000.000000
Elapsed Time: 74.333333 / 1000.000000
Elapsed Time: 74.666667 / 1000.000000
Elapsed Time: 75.000000 / 1000.000000
Elapsed Time: 75.333333 / 1000.000000
Elapsed Time: 75.666667 / 1000.000000
Elapsed Time: 76.000000 / 1000.000000
Elapsed Time: 76.333333 / 1000.000000
Elapsed Time: 76.666667 / 1000.000000
Elapsed Time: 77.000000 / 1000.000000
Elapsed Time: 77.333333 / 1000.000000
Elapsed Time: 77.666667 / 1000.000000
Elapsed Time: 78.000000 / 1000.000000
Elapsed Time: 78.333333 / 1000.000000
Elapsed Time: 78.666667 / 1000.000000
Elapsed Time: 79.000000 / 1000.000000
Elapsed Time: 79.333333 / 1000.000000
Elapsed Time: 79.666667 / 1000.000000
Elapsed Time: 80.000000 / 1000.000000
Elapsed Time: 80.333333 / 1000.000000
Elapsed Time: 80.666667 / 1000.000000
Elapsed Time: 81.000000 / 1000.000000
Elapsed Time: 81.333333 / 1000.000000
Elapsed Time: 81.666667 / 1000.000000
Elapsed Time: 82.000000 / 1000.000000
Elapsed Time: 82.333333 / 1000.000000
Elapsed Time: 82.666667 / 1000.000000
Elapsed Time: 83.000000 / 1000.000000
Elapsed Time: 83.333333 / 1000.000000
Elapsed Time: 83.666667 / 1000.000000
Elapsed Time: 84.000000 / 1000.000000
Elapsed Time: 84.333333 / 1000.000000
Elapsed Time: 84.666667 / 1000.000000
Elapsed Time: 85.000000 / 1000.000000
Elapsed Time: 85.333333 / 1000.000000
Elapsed Time: 85.666667 / 1000.000000
Elapsed Time: 86.000000 / 1000.000000
Elapsed Time: 86.333333 / 1000.000000
Elapsed Time: 86.666667 / 1000.000000
Elapsed Time: 87.000000 / 1000.000000
Elapsed Time: 87.333333 / 1000.000000
Elapsed Time: 87.666667 / 1000.000000
Elapsed Time: 88.000000 / 1000.000000
Elapsed Time: 88.333333 / 1000.000000
Elapsed Time: 88.666667 / 1000.000000
Elapsed Time: 89.000000 / 1000.000000
Elapsed Time: 89.333333 / 1000.000000
Elapsed Time: 89.666667 / 1000.000000
Elapsed Time: 90.000000 / 1000.000000
Elapsed Time: 90.333333 / 1000.000000
Elapsed Time: 90.666667 / 1000.000000
Elapsed Time: 91.000000 / 1000.000000
Elapsed Time: 91.333333 / 1000.000000
Elapsed Time: 91.666667 / 1000.000000
Elapsed Time: 92.000000 / 1000.000000
Elapsed Time: 92.333333 / 1000.000000
Elapsed Time: 92.666667 / 1000.000000
Elapsed Time: 93.000000 / 1000.000000
Elapsed Time: 93.333333 / 1000.000000
Elapsed Time: 93.666667 / 1000.000000
Elapsed Time: 94.000000 / 1000.000000
Elapsed Time: 94.333333 / 1000.000000
Elapsed Time: 94.666667 / 1000.000000
Elapsed Time: 95.000000 / 1000.000000
Elapsed Time: 95.333333 / 1000.000000
Elapsed Time: 95.666667 / 1000.000000
Elapsed Time: 96.000000 / 1000.000000
Elapsed Time: 96.333333 / 1000.000000
Elapsed Time: 96.666667 / 1000.000000
Elapsed Time: 97.000000 / 1000.000000
Elapsed Time: 97.333333 / 1000.000000
Elapsed Time: 97.666667 / 1000.000000
Elapsed Time: 98.000000 / 1000.000000
Elapsed Time: 98.333333 / 1000.000000
Elapsed Time: 98.666667 / 1000.000000
Elapsed Time: 99.000000 / 1000.000000
Elapsed Time: 99.333333 / 1000.000000
Elapsed Time: 99.666667 / 1000.000000
Elapsed Time: 100.000000 / 1000.000000
Elapsed Time: 100.333333 / 1000.000000
Elapsed Time: 100.666667 / 1000.000000
Elapsed Time: 101.000000 / 1000.000000
Elapsed Time: 101.333333 / 1000.000000
Elapsed Time: 101.666667 / 1000.000000
Elapsed Time: 102.000000 / 1000.000000
Elapsed Time: 102.333333 / 1000.000000
Elapsed Time: 102.666667 / 1000.000000
Elapsed Time: 103.000000 / 1000.000000
Elapsed Time: 103.333333 / 1000.000000
Elapsed Time: 103.666667 / 1000.000000
Elapsed Time: 104.000000 / 1000.000000
Elapsed Time: 104.333333 / 1000.000000
Elapsed Time: 104.666667 / 1000.000000
Elapsed Time: 105.000000 / 1000.000000
Elapsed Time: 105.333333 / 1000.000000
Elapsed Time: 105.666667 / 1000.000000
Elapsed Time: 106.000000 / 1000.000000
Elapsed Time: 106.333333 / 1000.000000
Elapsed Time: 106.666667 / 1000.000000
Elapsed Time: 107.000000 / 1000.000000
Elapsed Time: 107.333333 / 1000.000000
Elapsed Time: 107.666667 / 1000.000000
Elapsed Time: 108.000000 / 1000.000000
Elapsed Time: 108.333333 / 1000.000000
Elapsed Time: 108.666667 / 1000.000000
Elapsed Time: 109.000000 / 1000.000000
Elapsed Time: 109.333333 / 1000.000000
Elapsed Time: 109.666667 / 1000.000000
Elapsed Time: 110.000000 / 1000.000000
Elapsed Time: 110.333333 / 1000.000000
Elapsed Time: 110.666667 / 1000.000000
Elapsed Time: 111.000000 / 1000.000000
Elapsed Time: 111.333333 / 1000.000000
Elapsed Time: 111.666667 / 1000.000000
Elapsed Time: 112.000000 / 1000.000000
Elapsed Time: 112.333333 / 1000.000000
Elapsed Time: 112.666667 / 1000.000000
Elapsed Time: 113.000000 / 1000.000000
Elapsed Time: 113.333333 / 1000.000000
Elapsed Time: 113.666667 / 1000.000000
Elapsed Time: 114.000000 / 1000.000000
Elapsed Time: 114.333333 / 1000.000000
Elapsed Time: 114.666667 / 1000.000000
Elapsed Time: 115.000000 / 1000.000000
Elapsed Time: 115.333333 / 1000.000000
Elapsed Time: 115.666667 / 1000.000000
Elapsed Time: 116.000000 / 1000.000000
Elapsed Time: 116.333333 / 1000.000000
Elapsed Time: 116.666667 / 1000.000000
Elapsed Time: 117.000000 / 1000.000000
Elapsed Time: 117.333333 / 1000.000000
Elapsed Time: 117.666667 / 1000.000000
Elapsed Time: 118.000000 / 1000.000000
Elapsed Time: 118.333333 / 1000.000000
Elapsed Time: 118.666667 / 1000.000000
Elapsed Time: 119.000000 / 1000.000000
Elapsed Time: 119.333333 / 1000.000000
Elapsed Time: 119.666667 / 1000.000000
Elapsed Time: 120.000000 / 1000.000000
Elapsed Time: 120.333333 / 1000.000000
Elapsed Time: 120.666667 / 1000.000000
Elapsed Time: 121.000000 / 1000.000000
Elapsed Time: 121.333333 / 1000.000000
Elapsed Time: 121.666667 / 1000.000000
Elapsed Time: 122.000000 / 1000.000000
Elapsed Time: 122.333333 / 1000.000000
Elapsed Time: 122.666667 / 1000.000000
Elapsed Time: 123.000000 / 1000.000000
Elapsed Time: 123.333333 / 1000.000000
Elapsed Time: 123.666667 / 1000.000000
Elapsed Time: 124.000000 / 1000.000000
Elapsed Time: 124.333333 / 1000.000000
Elapsed Time: 124.666667 / 1000.000000
Elapsed Time: 125.000000 / 1000.000000
Elapsed Time: 125.333333 / 1000.000000
Elapsed Time: 125.666667 / 1000.000000
Elapsed Time: 126.000000 / 1000.000000
Elapsed Time: 126.333333 / 1000.000000
Elapsed Time: 126.666667 / 1000.000000
Elapsed Time: 127.000000 / 1000.000000
Elapsed Time: 127.333333 / 1000.000000
Elapsed Time: 127.666667 / 1000.000000
Elapsed Time: 128.000000 / 1000.000000
Elapsed Time: 128.333333 / 1000.000000
Elapsed Time: 128.666667 / 1000.000000
Elapsed Time: 129.000000 / 1000.000000
Elapsed Time: 129.333333 / 1000.000000
Elapsed Time: 129.666667 / 1000.000000
Elapsed Time: 130.000000 / 1000.000000
Elapsed Time: 130.333333 / 1000.000000
Elapsed Time: 130.666667 / 1000.000000
Elapsed Time: 131.000000 / 1000.000000
Elapsed Time: 131.333333 / 1000.000000
Elapsed Time: 131.666667 / 1000.000000
Elapsed Time: 132.000000 / 1000.000000
Elapsed Time: 132.333333 / 1000.000000
Elapsed Time: 132.666667 / 1000.000000
Elapsed Time: 133.000000 / 1000.000000
Elapsed Time: 133.333333 / 1000.000000
Elapsed Time: 133.666667 / 1000.000000
Elapsed Time: 134.000000 / 1000.000000
Elapsed Time: 134.333333 / 1000.000000
Elapsed Time: 134.666667 / 1000.000000
Elapsed Time: 135.000000 / 1000.000000
Elapsed Time: 135.333333 / 1000.000000
Elapsed Time: 135.666667 / 1000.000000
Elapsed Time: 136.000000 / 1000.000000
Elapsed Time: 136.333333 / 1000.000000
Elapsed Time: 136.666667 / 1000.000000
Elapsed Time: 137.000000 / 1000.000000
Elapsed Time: 137.333333 / 1000.000000
Elapsed Time: 137.666667 / 1000.000000
Elapsed Time: 138.000000 / 1000.000000
Elapsed Time: 138.333333 / 1000.000000
Elapsed Time: 138.666667 / 1000.000000
Elapsed Time: 139.000000 / 1000.000000
Elapsed Time: 139.333333 / 1000.000000
Elapsed Time: 139.666667 / 1000.000000
Elapsed Time: 140.000000 / 1000.000000
Elapsed Time: 140.333333 / 1000.000000
Elapsed Time: 140.666667 / 1000.000000
Elapsed Time: 141.000000 / 1000.000000
Elapsed Time: 141.333333 / 1000.000000
Elapsed Time: 141.666667 / 1000.000000
Elapsed Time: 142.000000 / 1000.000000
Elapsed Time: 142.333333 / 1000.000000
Elapsed Time: 142.666667 / 1000.000000
Elapsed Time: 143.000000 / 1000.000000
Elapsed Time: 143.333333 / 1000.000000
Elapsed Time: 143.666667 / 1000.000000
Elapsed Time: 144.000000 / 1000.000000
Elapsed Time: 144.333333 / 1000.000000
Elapsed Time: 144.666667 / 1000.000000
Elapsed Time: 145.000000 / 1000.000000
Elapsed Time: 145.333333 / 1000.000000
Elapsed Time: 145.666667 / 1000.000000
Elapsed Time: 146.000000 / 1000.000000
Elapsed Time: 146.333333 / 1000.000000
Elapsed Time: 146.666667 / 1000.000000
Elapsed Time: 147.000000 / 1000.000000
Elapsed Time: 147.333333 / 1000.000000
Elapsed Time: 147.666667 / 1000.000000
Elapsed Time: 148.000000 / 1000.000000
Elapsed Time: 148.333333 / 1000.000000
Elapsed Time: 148.666667 / 1000.000000
Elapsed Time: 149.000000 / 1000.000000
Elapsed Time: 149.333333 / 1000.000000
Elapsed Time: 149.666667 / 1000.000000
Elapsed Time: 150.000000 / 1000.000000
Elapsed Time: 150.333333 / 1000.000000
Elapsed Time: 150.666667 / 1000.000000
Elapsed Time: 151.000000 / 1000.000000
Elapsed Time: 151.333333 / 1000.000000
Elapsed Time: 151.666667 / 1000.000000
Elapsed Time: 152.000000 / 1000.000000
Elapsed Time: 152.333333 / 1000.000000
Elapsed Time: 152.666667 / 1000.000000
Elapsed Time: 153.000000 / 1000.000000
Elapsed Time: 153.333333 / 1000.000000
Elapsed Time: 153.666667 / 1000.000000
Elapsed Time: 154.000000 / 1000.000000
Elapsed Time: 154.333333 / 1000.000000
Elapsed Time: 154.666667 / 1000.000000
Elapsed Time: 155.000000 / 1000.000000
Elapsed Time: 155.333333 / 1000.000000
Elapsed Time: 155.666667 / 1000.000000
Elapsed Time: 156.000000 / 1000.000000
Elapsed Time: 156.333333 / 1000.000000
Elapsed Time: 156.666667 / 1000.000000
Elapsed Time: 157.000000 / 1000.000000
Elapsed Time: 157.333333 / 1000.000000
Elapsed Time: 157.666667 / 1000.000000
Elapsed Time: 158.000000 / 1000.000000
Elapsed Time: 158.333333 / 1000.000000
Elapsed Time: 158.666667 / 1000.000000
Elapsed Time: 159.000000 / 1000.000000
Elapsed Time: 159.333333 / 1000.000000
Elapsed Time: 159.666667 / 1000.000000
Elapsed Time: 160.000000 / 1000.000000
Elapsed Time: 160.333333 / 1000.000000
Elapsed Time: 160.666667 / 1000.000000
Elapsed Time: 161.000000 / 1000.000000
Elapsed Time: 161.333333 / 1000.000000
Elapsed Time: 161.666667 / 1000.000000
Elapsed Time: 162.000000 / 1000.000000
Elapsed Time: 162.333333 / 1000.000000
Elapsed Time: 162.666667 / 1000.000000
Elapsed Time: 163.000000 / 1000.000000
Elapsed Time: 163.333333 / 1000.000000
Elapsed Time: 163.666667 / 1000.000000
Elapsed Time: 164.000000 / 1000.000000
Elapsed Time: 164.333333 / 1000.000000
Elapsed Time: 164.666667 / 1000.000000
Elapsed Time: 165.000000 / 1000.000000
Elapsed Time: 165.333333 / 1000.000000
Elapsed Time: 165.666667 / 1000.000000
Elapsed Time: 166.000000 / 1000.000000
Elapsed Time: 166.333333 / 1000.000000
Elapsed Time: 166.666667 / 1000.000000
Elapsed Time: 167.000000 / 1000.000000
Elapsed Time: 167.333333 / 1000.000000
Elapsed Time: 167.666667 / 1000.000000
Elapsed Time: 168.000000 / 1000.000000
Elapsed Time: 168.333333 / 1000.000000
Elapsed Time: 168.666667 / 1000.000000
Elapsed Time: 169.000000 / 1000.000000
Elapsed Time: 169.333333 / 1000.000000
Elapsed Time: 169.666667 / 1000.000000
Elapsed Time: 170.000000 / 1000.000000
Elapsed Time: 170.333333 / 1000.000000
Elapsed Time: 170.666667 / 1000.000000
Elapsed Time: 171.000000 / 1000.000000
Elapsed Time: 171.333333 / 1000.000000
Elapsed Time: 171.666667 / 1000.000000
Elapsed Time: 172.000000 / 1000.000000
Elapsed Time: 172.333333 / 1000.000000
Elapsed Time: 172.666667 / 1000.000000
Elapsed Time: 173.000000 / 1000.000000
Elapsed Time: 173.333333 / 1000.000000
Elapsed Time: 173.666667 / 1000.000000
Elapsed Time: 174.000000 / 1000.000000
Elapsed Time: 174.333333 / 1000.000000
Elapsed Time: 174.666667 / 1000.000000
Elapsed Time: 175.000000 / 1000.000000
Elapsed Time: 175.333333 / 1000.000000
Elapsed Time: 175.666667 / 1000.000000
Elapsed Time: 176.000000 / 1000.000000
Elapsed Time: 176.333333 / 1000.000000
Elapsed Time: 176.666667 / 1000.000000
Elapsed Time: 177.000000 / 1000.000000
Elapsed Time: 177.333333 / 1000.000000
Elapsed Time: 177.666667 / 1000.000000
Elapsed Time: 178.000000 / 1000.000000
Elapsed Time: 178.333333 / 1000.000000
Elapsed Time: 178.666667 / 1000.000000
Elapsed Time: 179.000000 / 1000.000000
Elapsed Time: 179.333333 / 1000.000000
Elapsed Time: 179.666667 / 1000.000000
Elapsed Time: 180.000000 / 1000.000000
Elapsed Time: 180.333333 / 1000.000000
Elapsed Time: 180.666667 / 1000.000000
Elapsed Time: 181.000000 / 1000.000000
Elapsed Time: 181.333333 / 1000.000000
Elapsed Time: 181.666667 / 1000.000000
Elapsed Time: 182.000000 / 1000.000000
Elapsed Time: 182.333333 / 1000.000000
Elapsed Time: 182.666667 / 1000.000000
Elapsed Time: 183.000000 / 1000.000000
Elapsed Time: 183.333333 / 1000.000000
Elapsed Time: 183.666667 / 1000.000000
Elapsed Time: 184.000000 / 1000.000000
Elapsed Time: 184.333333 / 1000.000000
Elapsed Time: 184.666667 / 1000.000000
Elapsed Time: 185.000000 / 1000.000000
Elapsed Time: 185.333333 / 1000.000000
Elapsed Time: 185.666667 / 1000.000000
Elapsed Time: 186.000000 / 1000.000000
Elapsed Time: 186.333333 / 1000.000000
Elapsed Time: 186.666667 / 1000.000000
Elapsed Time: 187.000000 / 1000.000000
Elapsed Time: 187.333333 / 1000.000000
Elapsed Time: 187.666667 / 1000.000000
Elapsed Time: 188.000000 / 1000.000000
Elapsed Time: 188.333333 / 1000.000000
Elapsed Time: 188.666667 / 1000.000000
Elapsed Time: 189.000000 / 1000.000000
Elapsed Time: 189.333333 / 1000.000000
Elapsed Time: 189.666667 / 1000.000000
Elapsed Time: 190.000000 / 1000.000000
Elapsed Time: 190.333333 / 1000.000000
Elapsed Time: 190.666667 / 1000.000000
Elapsed Time: 191.000000 / 1000.000000
Elapsed Time: 191.333333 / 1000.000000
Elapsed Time: 191.666667 / 1000.000000
Elapsed Time: 192.000000 / 1000.000000
Elapsed Time: 192.333333 / 1000.000000
Elapsed Time: 192.666667 / 1000.000000
Elapsed Time: 193.000000 / 1000.000000
Elapsed Time: 193.333333 / 1000.000000
Elapsed Time: 193.666667 / 1000.000000
Elapsed Time: 194.000000 / 1000.000000
Elapsed Time: 194.333333 / 1000.000000
Elapsed Time: 194.666667 / 1000.000000
Elapsed Time: 195.000000 / 1000.000000
Elapsed Time: 195.333333 / 1000.000000
Elapsed Time: 195.666667 / 1000.000000
Elapsed Time: 196.000000 / 1000.000000
Elapsed Time: 196.333333 / 1000.000000
Elapsed Time: 196.666667 / 1000.000000
Elapsed Time: 197.000000 / 1000.000000
Elapsed Time: 197.333333 / 1000.000000
Elapsed Time: 197.666667 / 1000.000000
Elapsed Time: 198.000000 / 1000.000000
Elapsed Time: 198.333333 / 1000.000000
Elapsed Time: 198.666667 / 1000.000000
Elapsed Time: 199.000000 / 1000.000000
Elapsed Time: 199.333333 / 1000.000000
Elapsed Time: 199.666667 / 1000.000000
Elapsed Time: 200.000000 / 1000.000000
Elapsed Time: 200.333333 / 1000.000000
Elapsed Time: 200.666667 / 1000.000000
Elapsed Time: 201.000000 / 1000.000000
Elapsed Time: 201.333333 / 1000.000000
Elapsed Time: 201.666667 / 1000.000000
Elapsed Time: 202.000000 / 1000.000000
Elapsed Time: 202.333333 / 1000.000000
Elapsed Time: 202.666667 / 1000.000000
Elapsed Time: 203.000000 / 1000.000000
Elapsed Time: 203.333333 / 1000.000000
Elapsed Time: 203.666667 / 1000.000000
Elapsed Time: 204.000000 / 1000.000000
Elapsed Time: 204.333333 / 1000.000000
Elapsed Time: 204.666667 / 1000.000000
Elapsed Time: 205.000000 / 1000.000000
Elapsed Time: 205.333333 / 1000.000000
Elapsed Time: 205.666667 / 1000.000000
Elapsed Time: 206.000000 / 1000.000000
Elapsed Time: 206.333333 / 1000.000000
Elapsed Time: 206.666667 / 1000.000000
Elapsed Time: 207.000000 / 1000.000000
Elapsed Time: 207.333333 / 1000.000000
Elapsed Time: 207.666667 / 1000.000000
Elapsed Time: 208.000000 / 1000.000000
Elapsed Time: 208.333333 / 1000.000000
Elapsed Time: 208.666667 / 1000.000000
Elapsed Time: 209.000000 / 1000.000000
Elapsed Time: 209.333333 / 1000.000000
Elapsed Time: 209.666667 / 1000.000000
Elapsed Time: 210.000000 / 1000.000000
Elapsed Time: 210.333333 / 1000.000000
Elapsed Time: 210.666667 / 1000.000000
Elapsed Time: 211.000000 / 1000.000000
Elapsed Time: 211.333333 / 1000.000000
Elapsed Time: 211.666667 / 1000.000000
Elapsed Time: 212.000000 / 1000.000000
Elapsed Time: 212.333333 / 1000.000000
Elapsed Time: 212.666667 / 1000.000000
Elapsed Time: 213.000000 / 1000.000000
Elapsed Time: 213.333333 / 1000.000000
Elapsed Time: 213.666667 / 1000.000000
Elapsed Time: 214.000000 / 1000.000000
Elapsed Time: 214.333333 / 1000.000000
Elapsed Time: 214.666667 / 1000.000000
Elapsed Time: 215.000000 / 1000.000000
Elapsed Time: 215.333333 / 1000.000000
Elapsed Time: 215.666667 / 1000.000000
Elapsed Time: 216.000000 / 1000.000000
Elapsed Time: 216.333333 / 1000.000000
Elapsed Time: 216.666667 / 1000.000000
Elapsed Time: 217.000000 / 1000.000000
Elapsed Time: 217.333333 / 1000.000000
Elapsed Time: 217.666667 / 1000.000000
Elapsed Time: 218.000000 / 1000.000000
Elapsed Time: 218.333333 / 1000.000000
Elapsed Time: 218.666667 / 1000.000000
Elapsed Time: 219.000000 / 1000.000000
Elapsed Time: 219.333333 / 1000.000000
Elapsed Time: 219.666667 / 1000.000000
Elapsed Time: 220.000000 / 1000.000000
Elapsed Time: 220.333333 / 1000.000000
Elapsed Time: 220.666667 / 1000.000000
Elapsed Time: 221.000000 / 1000.000000
Elapsed Time: 221.333333 / 1000.000000
Elapsed Time: 221.666667 / 1000.000000
Elapsed Time: 222.000000 / 1000.000000
Elapsed Time: 222.333333 / 1000.000000
Elapsed Time: 222.666667 / 1000.000000
Elapsed Time: 223.000000 / 1000.000000
Elapsed Time: 223.333333 / 1000.000000
Elapsed Time: 223.666667 / 1000.000000
Elapsed Time: 224.000000 / 1000.000000
Elapsed Time: 224.333333 / 1000.000000
Elapsed Time: 224.666667 / 1000.000000
Elapsed Time: 225.000000 / 1000.000000
Elapsed Time: 225.333333 / 1000.000000
Elapsed Time: 225.666667 / 1000.000000
Elapsed Time: 226.000000 / 1000.000000
Elapsed Time: 226.333333 / 1000.000000
Elapsed Time: 226.666667 / 1000.000000
Elapsed Time: 227.000000 / 1000.000000
Elapsed Time: 227.333333 / 1000.000000
Elapsed Time: 227.666667 / 1000.000000
Elapsed Time: 228.000000 / 1000.000000
Elapsed Time: 228.333333 / 1000.000000
Elapsed Time: 228.666667 / 1000.000000
Elapsed Time: 229.000000 / 1000.000000
Elapsed Time: 229.333333 / 1000.000000
Elapsed Time: 229.666667 / 1000.000000
Elapsed Time: 230.000000 / 1000.000000
Elapsed Time: 230.333333 / 1000.000000
Elapsed Time: 230.666667 / 1000.000000
Elapsed Time: 231.000000 / 1000.000000
Elapsed Time: 231.333333 / 1000.000000
Elapsed Time: 231.666667 / 1000.000000
Elapsed Time: 232.000000 / 1000.000000
Elapsed Time: 232.333333 / 1000.000000
Elapsed Time: 232.666667 / 1000.000000
Elapsed Time: 233.000000 / 1000.000000
Elapsed Time: 233.333333 / 1000.000000
Elapsed Time: 233.666667 / 1000.000000
Elapsed Time: 234.000000 / 1000.000000
Elapsed Time: 234.333333 / 1000.000000
Elapsed Time: 234.666667 / 1000.000000
Elapsed Time: 235.000000 / 1000.000000
Elapsed Time: 235.333333 / 1000.000000
Elapsed Time: 235.666667 / 1000.000000
Elapsed Time: 236.000000 / 1000.000000
Elapsed Time: 236.333333 / 1000.000000
Elapsed Time: 236.666667 / 1000.000000
Elapsed Time: 237.000000 / 1000.000000
Elapsed Time: 237.333333 / 1000.000000
Elapsed Time: 237.666667 / 1000.000000
Elapsed Time: 238.000000 / 1000.000000
Elapsed Time: 238.333333 / 1000.000000
Elapsed Time: 238.666667 / 1000.000000
Elapsed Time: 239.000000 / 1000.000000
Elapsed Time: 239.333333 / 1000.000000
Elapsed Time: 239.666667 / 1000.000000
Elapsed Time: 240.000000 / 1000.000000
Elapsed Time: 240.333333 / 1000.000000
Elapsed Time: 240.666667 / 1000.000000
Elapsed Time: 241.000000 / 1000.000000
Elapsed Time: 241.333333 / 1000.000000
Elapsed Time: 241.666667 / 1000.000000
Elapsed Time: 242.000000 / 1000.000000
Elapsed Time: 242.333333 / 1000.000000
Elapsed Time: 242.666667 / 1000.000000
Elapsed Time: 243.000000 / 1000.000000
Elapsed Time: 243.333333 / 1000.000000
Elapsed Time: 243.666667 / 1000.000000
Elapsed Time: 244.000000 / 1000.000000
Elapsed Time: 244.333333 / 1000.000000
Elapsed Time: 244.666667 / 1000.000000
Elapsed Time: 245.000000 / 1000.000000
Elapsed Time: 245.333333 / 1000.000000
Elapsed Time: 245.666667 / 1000.000000
Elapsed Time: 246.000000 / 1000.000000
Elapsed Time: 246.333333 / 1000.000000
Elapsed Time: 246.666667 / 1000.000000
Elapsed Time: 247.000000 / 1000.000000
Elapsed Time: 247.333333 / 1000.000000
Elapsed Time: 247.666667 / 1000.000000
Elapsed Time: 248.000000 / 1000.000000
Elapsed Time: 248.333333 / 1000.000000
Elapsed Time: 248.666667 / 1000.000000
Elapsed Time: 249.000000 / 1000.000000
Elapsed Time: 249.333333 / 1000.000000
Elapsed Time: 249.666667 / 1000.000000
Elapsed Time: 250.000000 / 1000.000000
Elapsed Time: 250.333333 / 1000.000000
Elapsed Time: 250.666667 / 1000.000000
Elapsed Time: 251.000000 / 1000.000000
Elapsed Time: 251.333333 / 1000.000000
Elapsed Time: 251.666667 / 1000.000000
Elapsed Time: 252.000000 / 1000.000000
Elapsed Time: 252.333333 / 1000.000000
Elapsed Time: 252.666667 / 1000.000000
Elapsed Time: 253.000000 / 1000.000000
Elapsed Time: 253.333333 / 1000.000000
Elapsed Time: 253.666667 / 1000.000000
Elapsed Time: 254.000000 / 1000.000000
Elapsed Time: 254.333333 / 1000.000000
Elapsed Time: 254.666667 / 1000.000000
Elapsed Time: 255.000000 / 1000.000000
Elapsed Time: 255.333333 / 1000.000000
Elapsed Time: 255.666667 / 1000.000000
Elapsed Time: 256.000000 / 1000.000000
Elapsed Time: 256.333333 / 1000.000000
Elapsed Time: 256.666667 / 1000.000000
Elapsed Time: 257.000000 / 1000.000000
Elapsed Time: 257.333333 / 1000.000000
Elapsed Time: 257.666667 / 1000.000000
Elapsed Time: 258.000000 / 1000.000000
Elapsed Time: 258.333333 / 1000.000000
Elapsed Time: 258.666667 / 1000.000000
Elapsed Time: 259.000000 / 1000.000000
Elapsed Time: 259.333333 / 1000.000000
Elapsed Time: 259.666667 / 1000.000000
Elapsed Time: 260.000000 / 1000.000000
Elapsed Time: 260.333333 / 1000.000000
Elapsed Time: 260.666667 / 1000.000000
Elapsed Time: 261.000000 / 1000.000000
Elapsed Time: 261.333333 / 1000.000000
Elapsed Time: 261.666667 / 1000.000000
Elapsed Time: 262.000000 / 1000.000000
Elapsed Time: 262.333333 / 1000.000000
Elapsed Time: 262.666667 / 1000.000000
Elapsed Time: 263.000000 / 1000.000000
Elapsed Time: 263.333333 / 1000.000000
Elapsed Time: 263.666667 / 1000.000000
Elapsed Time: 264.000000 / 1000.000000
Elapsed Time: 264.333333 / 1000.000000
Elapsed Time: 264.666667 / 1000.000000
Elapsed Time: 265.000000 / 1000.000000
Elapsed Time: 265.333333 / 1000.000000
Elapsed Time: 265.666667 / 1000.000000
Elapsed Time: 266.000000 / 1000.000000
Elapsed Time: 266.333333 / 1000.000000
Elapsed Time: 266.666667 / 1000.000000
Elapsed Time: 267.000000 / 1000.000000
Elapsed Time: 267.333333 / 1000.000000
Elapsed Time: 267.666667 / 1000.000000
Elapsed Time: 268.000000 / 1000.000000
Elapsed Time: 268.333333 / 1000.000000
Elapsed Time: 268.666667 / 1000.000000
Elapsed Time: 269.000000 / 1000.000000
Elapsed Time: 269.333333 / 1000.000000
Elapsed Time: 269.666667 / 1000.000000
Elapsed Time: 270.000000 / 1000.000000
Elapsed Time: 270.333333 / 1000.000000
Elapsed Time: 270.666667 / 1000.000000
Elapsed Time: 271.000000 / 1000.000000
Elapsed Time: 271.333333 / 1000.000000
Elapsed Time: 271.666667 / 1000.000000
Elapsed Time: 272.000000 / 1000.000000
Elapsed Time: 272.333333 / 1000.000000
Elapsed Time: 272.666667 / 1000.000000
Elapsed Time: 273.000000 / 1000.000000
Elapsed Time: 273.333333 / 1000.000000
Elapsed Time: 273.666667 / 1000.000000
Elapsed Time: 274.000000 / 1000.000000
Elapsed Time: 274.333333 / 1000.000000
Elapsed Time: 274.666667 / 1000.000000
Elapsed Time: 275.000000 / 1000.000000
Elapsed Time: 275.333333 / 1000.000000
Elapsed Time: 275.666667 / 1000.000000
Elapsed Time: 276.000000 / 1000.000000
Elapsed Time: 276.333333 / 1000.000000
Elapsed Time: 276.666667 / 1000.000000
Elapsed Time: 277.000000 / 1000.000000
Elapsed Time: 277.333333 / 1000.000000
Elapsed Time: 277.666667 / 1000.000000
Elapsed Time: 278.000000 / 1000.000000
Elapsed Time: 278.333333 / 1000.000000
Elapsed Time: 278.666667 / 1000.000000
Elapsed Time: 279.000000 / 1000.000000
Elapsed Time: 279.333333 / 1000.000000
Elapsed Time: 279.666667 / 1000.000000
Elapsed Time: 280.000000 / 1000.000000
Elapsed Time: 280.333333 / 1000.000000
Elapsed Time: 280.666667 / 1000.000000
Elapsed Time: 281.000000 / 1000.000000
Elapsed Time: 281.333333 / 1000.000000
Elapsed Time: 281.666667 / 1000.000000
Elapsed Time: 282.000000 / 1000.000000
Elapsed Time: 282.333333 / 1000.000000
Elapsed Time: 282.666667 / 1000.000000
Elapsed Time: 283.000000 / 1000.000000
Elapsed Time: 283.333333 / 1000.000000
Elapsed Time: 283.666667 / 1000.000000
Elapsed Time: 284.000000 / 1000.000000
Elapsed Time: 284.333333 / 1000.000000
Elapsed Time: 284.666667 / 1000.000000
Elapsed Time: 285.000000 / 1000.000000
Elapsed Time: 285.333333 / 1000.000000
Elapsed Time: 285.666667 / 1000.000000
Elapsed Time: 286.000000 / 1000.000000
Elapsed Time: 286.333333 / 1000.000000
Elapsed Time: 286.666667 / 1000.000000
Elapsed Time: 287.000000 / 1000.000000
Elapsed Time: 287.333333 / 1000.000000
Elapsed Time: 287.666667 / 1000.000000
Elapsed Time: 288.000000 / 1000.000000
Elapsed Time: 288.333333 / 1000.000000
Elapsed Time: 288.666667 / 1000.000000
Elapsed Time: 289.000000 / 1000.000000
Elapsed Time: 289.333333 / 1000.000000
Elapsed Time: 289.666667 / 1000.000000
Elapsed Time: 290.000000 / 1000.000000
Elapsed Time: 290.333333 / 1000.000000
Elapsed Time: 290.666667 / 1000.000000
Elapsed Time: 291.000000 / 1000.000000
Elapsed Time: 291.333333 / 1000.000000
Elapsed Time: 291.666667 / 1000.000000
Elapsed Time: 292.000000 / 1000.000000
Elapsed Time: 292.333333 / 1000.000000
Elapsed Time: 292.666667 / 1000.000000
Elapsed Time: 293.000000 / 1000.000000
Elapsed Time: 293.333333 / 1000.000000
Elapsed Time: 293.666667 / 1000.000000
Elapsed Time: 294.000000 / 1000.000000
Elapsed Time: 294.333333 / 1000.000000
Elapsed Time: 294.666667 / 1000.000000
Elapsed Time: 295.000000 / 1000.000000
Elapsed Time: 295.333333 / 1000.000000
Elapsed Time: 295.666667 / 1000.000000
Elapsed Time: 296.000000 / 1000.000000
Elapsed Time: 296.333333 / 1000.000000
Elapsed Time: 296.666667 / 1000.000000
Elapsed Time: 297.000000 / 1000.000000
Elapsed Time: 297.333333 / 1000.000000
Elapsed Time: 297.666667 / 1000.000000
Elapsed Time: 298.000000 / 1000.000000
Elapsed Time: 298.333333 / 1000.000000
Elapsed Time: 298.666667 / 1000.000000
Elapsed Time: 299.000000 / 1000.000000
Elapsed Time: 299.333333 / 1000.000000
Elapsed Time: 299.666667 / 1000.000000
Elapsed Time: 300.000000 / 1000.000000
Elapsed Time: 300.333333 / 1000.000000
Elapsed Time: 300.666667 / 1000.000000
Elapsed Time: 301.000000 / 1000.000000
Elapsed Time: 301.333333 / 1000.000000
Elapsed Time: 301.666667 / 1000.000000
Elapsed Time: 302.000000 / 1000.000000
Elapsed Time: 302.333333 / 1000.000000
Elapsed Time: 302.666667 / 1000.000000
Elapsed Time: 303.000000 / 1000.000000
Elapsed Time: 303.333333 / 1000.000000
Elapsed Time: 303.666667 / 1000.000000
Elapsed Time: 304.000000 / 1000.000000
Elapsed Time: 304.333333 / 1000.000000
Elapsed Time: 304.666667 / 1000.000000
Elapsed Time: 305.000000 / 1000.000000
Elapsed Time: 305.333333 / 1000.000000
Elapsed Time: 305.666667 / 1000.000000
Elapsed Time: 306.000000 / 1000.000000
Elapsed Time: 306.333333 / 1000.000000
Elapsed Time: 306.666667 / 1000.000000
Elapsed Time: 307.000000 / 1000.000000
Elapsed Time: 307.333333 / 1000.000000
Elapsed Time: 307.666667 / 1000.000000
Elapsed Time: 308.000000 / 1000.000000
Elapsed Time: 308.333333 / 1000.000000
Elapsed Time: 308.666667 / 1000.000000
Elapsed Time: 309.000000 / 1000.000000
Elapsed Time: 309.333333 / 1000.000000
Elapsed Time: 309.666667 / 1000.000000
Elapsed Time: 310.000000 / 1000.000000
Elapsed Time: 310.333333 / 1000.000000
Elapsed Time: 310.666667 / 1000.000000
Elapsed Time: 311.000000 / 1000.000000
Elapsed Time: 311.333333 / 1000.000000
Elapsed Time: 311.666667 / 1000.000000
Elapsed Time: 312.000000 / 1000.000000
Elapsed Time: 312.333333 / 1000.000000
Elapsed Time: 312.666667 / 1000.000000
Elapsed Time: 313.000000 / 1000.000000
Elapsed Time: 313.333333 / 1000.000000
Elapsed Time: 313.666667 / 1000.000000
Elapsed Time: 314.000000 / 1000.000000
Elapsed Time: 314.333333 / 1000.000000
Elapsed Time: 314.666667 / 1000.000000
Elapsed Time: 315.000000 / 1000.000000
Elapsed Time: 315.333333 / 1000.000000
Elapsed Time: 315.666667 / 1000.000000
Elapsed Time: 316.000000 / 1000.000000
Elapsed Time: 316.333333 / 1000.000000
Elapsed Time: 316.666667 / 1000.000000
Elapsed Time: 317.000000 / 1000.000000
Elapsed Time: 317.333333 / 1000.000000
Elapsed Time: 317.666667 / 1000.000000
Elapsed Time: 318.000000 / 1000.000000
Elapsed Time: 318.333333 / 1000.000000
Elapsed Time: 318.666667 / 1000.000000
Elapsed Time: 319.000000 / 1000.000000
Elapsed Time: 319.333333 / 1000.000000
Elapsed Time: 319.666667 / 1000.000000
Elapsed Time: 320.000000 / 1000.000000
Elapsed Time: 320.333333 / 1000.000000
Elapsed Time: 320.666667 / 1000.000000
Elapsed Time: 321.000000 / 1000.000000
Elapsed Time: 321.333333 / 1000.000000
Elapsed Time: 321.666667 / 1000.000000
Elapsed Time: 322.000000 / 1000.000000
Elapsed Time: 322.333333 / 1000.000000
Elapsed Time: 322.666667 / 1000.000000
Elapsed Time: 323.000000 / 1000.000000
Elapsed Time: 323.333333 / 1000.000000
Elapsed Time: 323.666667 / 1000.000000
Elapsed Time: 324.000000 / 1000.000000
Elapsed Time: 324.333333 / 1000.000000
Elapsed Time: 324.666667 / 1000.000000
Elapsed Time: 325.000000 / 1000.000000
Elapsed Time: 325.333333 / 1000.000000
Elapsed Time: 325.666667 / 1000.000000
Elapsed Time: 326.000000 / 1000.000000
Elapsed Time: 326.333333 / 1000.000000
Elapsed Time: 326.666667 / 1000.000000
Elapsed Time: 327.000000 / 1000.000000
Elapsed Time: 327.333333 / 1000.000000
Elapsed Time: 327.666667 / 1000.000000
Elapsed Time: 328.000000 / 1000.000000
Elapsed Time: 328.333333 / 1000.000000
Elapsed Time: 328.666667 / 1000.000000
Elapsed Time: 329.000000 / 1000.000000
Elapsed Time: 329.333333 / 1000.000000
Elapsed Time: 329.666667 / 1000.000000
Elapsed Time: 330.000000 / 1000.000000
Elapsed Time: 330.333333 / 1000.000000
Elapsed Time: 330.666667 / 1000.000000
Elapsed Time: 331.000000 / 1000.000000
Elapsed Time: 331.333333 / 1000.000000
Elapsed Time: 331.666667 / 1000.000000
Elapsed Time: 332.000000 / 1000.000000
Elapsed Time: 332.333333 / 1000.000000
Elapsed Time: 332.666667 / 1000.000000
Elapsed Time: 333.000000 / 1000.000000
Elapsed Time: 333.333333 / 1000.000000
Elapsed Time: 333.666667 / 1000.000000
Elapsed Time: 334.000000 / 1000.000000
Elapsed Time: 334.333333 / 1000.000000
Elapsed Time: 334.666667 / 1000.000000
Elapsed Time: 335.000000 / 1000.000000
Elapsed Time: 335.333333 / 1000.000000
Elapsed Time: 335.666667 / 1000.000000
Elapsed Time: 336.000000 / 1000.000000
Elapsed Time: 336.333333 / 1000.000000
Elapsed Time: 336.666667 / 1000.000000
Elapsed Time: 337.000000 / 1000.000000
Elapsed Time: 337.333333 / 1000.000000
Elapsed Time: 337.666667 / 1000.000000
Elapsed Time: 338.000000 / 1000.000000
Elapsed Time: 338.333333 / 1000.000000
Elapsed Time: 338.666667 / 1000.000000
Elapsed Time: 339.000000 / 1000.000000
Elapsed Time: 339.333333 / 1000.000000
Elapsed Time: 339.666667 / 1000.000000
Elapsed Time: 340.000000 / 1000.000000
Elapsed Time: 340.333333 / 1000.000000
Elapsed Time: 340.666667 / 1000.000000
Elapsed Time: 341.000000 / 1000.000000
Elapsed Time: 341.333333 / 1000.000000
Elapsed Time: 341.666667 / 1000.000000
Elapsed Time: 342.000000 / 1000.000000
Elapsed Time: 342.333333 / 1000.000000
Elapsed Time: 342.666667 / 1000.000000
Elapsed Time: 343.000000 / 1000.000000
Elapsed Time: 343.333333 / 1000.000000
Elapsed Time: 343.666667 / 1000.000000
Elapsed Time: 344.000000 / 1000.000000
Elapsed Time: 344.333333 / 1000.000000
Elapsed Time: 344.666667 / 1000.000000
Elapsed Time: 345.000000 / 1000.000000
Elapsed Time: 345.333333 / 1000.000000
Elapsed Time: 345.666667 / 1000.000000
Elapsed Time: 346.000000 / 1000.000000
Elapsed Time: 346.333333 / 1000.000000
Elapsed Time: 346.666667 / 1000.000000
Elapsed Time: 347.000000 / 1000.000000
Elapsed Time: 347.333333 / 1000.000000
Elapsed Time: 347.666667 / 1000.000000
Elapsed Time: 348.000000 / 1000.000000
Elapsed Time: 348.333333 / 1000.000000
Elapsed Time: 348.666667 / 1000.000000
Elapsed Time: 349.000000 / 1000.000000
Elapsed Time: 349.333333 / 1000.000000
Elapsed Time: 349.666667 / 1000.000000
Elapsed Time: 350.000000 / 1000.000000
Elapsed Time: 350.333333 / 1000.000000
Elapsed Time: 350.666667 / 1000.000000
Elapsed Time: 351.000000 / 1000.000000
Elapsed Time: 351.333333 / 1000.000000
Elapsed Time: 351.666667 / 1000.000000
Elapsed Time: 352.000000 / 1000.000000
Elapsed Time: 352.333333 / 1000.000000
Elapsed Time: 352.666667 / 1000.000000
Elapsed Time: 353.000000 / 1000.000000
Elapsed Time: 353.333333 / 1000.000000
Elapsed Time: 353.666667 / 1000.000000
Elapsed Time: 354.000000 / 1000.000000
Elapsed Time: 354.333333 / 1000.000000
Elapsed Time: 354.666667 / 1000.000000
Elapsed Time: 355.000000 / 1000.000000
Elapsed Time: 355.333333 / 1000.000000
Elapsed Time: 355.666667 / 1000.000000
Elapsed Time: 356.000000 / 1000.000000
Elapsed Time: 356.333333 / 1000.000000
Elapsed Time: 356.666667 / 1000.000000
Elapsed Time: 357.000000 / 1000.000000
Elapsed Time: 357.333333 / 1000.000000
Elapsed Time: 357.666667 / 1000.000000
Elapsed Time: 358.000000 / 1000.000000
Elapsed Time: 358.333333 / 1000.000000
Elapsed Time: 358.666667 / 1000.000000
Elapsed Time: 359.000000 / 1000.000000
Elapsed Time: 359.333333 / 1000.000000
Elapsed Time: 359.666667 / 1000.000000
Elapsed Time: 360.000000 / 1000.000000
Elapsed Time: 360.333333 / 1000.000000
Elapsed Time: 360.666667 / 1000.000000
Elapsed Time: 361.000000 / 1000.000000
Elapsed Time: 361.333333 / 1000.000000
Elapsed Time: 361.666667 / 1000.000000
Elapsed Time: 362.000000 / 1000.000000
Elapsed Time: 362.333333 / 1000.000000
Elapsed Time: 362.666667 / 1000.000000
Elapsed Time: 363.000000 / 1000.000000
Elapsed Time: 363.333333 / 1000.000000
Elapsed Time: 363.666667 / 1000.000000
Elapsed Time: 364.000000 / 1000.000000
Elapsed Time: 364.333333 / 1000.000000
Elapsed Time: 364.666667 / 1000.000000
Elapsed Time: 365.000000 / 1000.000000
Elapsed Time: 365.333333 / 1000.000000
Elapsed Time: 365.666667 / 1000.000000
Elapsed Time: 366.000000 / 1000.000000
Elapsed Time: 366.333333 / 1000.000000
Elapsed Time: 366.666667 / 1000.000000
Elapsed Time: 367.000000 / 1000.000000
Elapsed Time: 367.333333 / 1000.000000
Elapsed Time: 367.666667 / 1000.000000
Elapsed Time: 368.000000 / 1000.000000
Elapsed Time: 368.333333 / 1000.000000
Elapsed Time: 368.666667 / 1000.000000
Elapsed Time: 369.000000 / 1000.000000
Elapsed Time: 369.333333 / 1000.000000
Elapsed Time: 369.666667 / 1000.000000
Elapsed Time: 370.000000 / 1000.000000
Elapsed Time: 370.333333 / 1000.000000
Elapsed Time: 370.666667 / 1000.000000
Elapsed Time: 371.000000 / 1000.000000
Elapsed Time: 371.333333 / 1000.000000
Elapsed Time: 371.666667 / 1000.000000
Elapsed Time: 372.000000 / 1000.000000
Elapsed Time: 372.333333 / 1000.000000
Elapsed Time: 372.666667 / 1000.000000
Elapsed Time: 373.000000 / 1000.000000
Elapsed Time: 373.333333 / 1000.000000
Elapsed Time: 373.666667 / 1000.000000
Elapsed Time: 374.000000 / 1000.000000
Elapsed Time: 374.333333 / 1000.000000
Elapsed Time: 374.666667 / 1000.000000
Elapsed Time: 375.000000 / 1000.000000
Elapsed Time: 375.333333 / 1000.000000
Elapsed Time: 375.666667 / 1000.000000
Elapsed Time: 376.000000 / 1000.000000
Elapsed Time: 376.333333 / 1000.000000
Elapsed Time: 376.666667 / 1000.000000
Elapsed Time: 377.000000 / 1000.000000
Elapsed Time: 377.333333 / 1000.000000
Elapsed Time: 377.666667 / 1000.000000
Elapsed Time: 378.000000 / 1000.000000
Elapsed Time: 378.333333 / 1000.000000
Elapsed Time: 378.666667 / 1000.000000
Elapsed Time: 379.000000 / 1000.000000
Elapsed Time: 379.333333 / 1000.000000
Elapsed Time: 379.666667 / 1000.000000
Elapsed Time: 380.000000 / 1000.000000
Elapsed Time: 380.333333 / 1000.000000
Elapsed Time: 380.666667 / 1000.000000
Elapsed Time: 381.000000 / 1000.000000
Elapsed Time: 381.333333 / 1000.000000
Elapsed Time: 381.666667 / 1000.000000
Elapsed Time: 382.000000 / 1000.000000
Elapsed Time: 382.333333 / 1000.000000
Elapsed Time: 382.666667 / 1000.000000
Elapsed Time: 383.000000 / 1000.000000
Elapsed Time: 383.333333 / 1000.000000
Elapsed Time: 383.666667 / 1000.000000
Elapsed Time: 384.000000 / 1000.000000
Elapsed Time: 384.333333 / 1000.000000
Elapsed Time: 384.666667 / 1000.000000
Elapsed Time: 385.000000 / 1000.000000
Elapsed Time: 385.333333 / 1000.000000
Elapsed Time: 385.666667 / 1000.000000
Elapsed Time: 386.000000 / 1000.000000
Elapsed Time: 386.333333 / 1000.000000
Elapsed Time: 386.666667 / 1000.000000
Elapsed Time: 387.000000 / 1000.000000
Elapsed Time: 387.333333 / 1000.000000
Elapsed Time: 387.666667 / 1000.000000
Elapsed Time: 388.000000 / 1000.000000
Elapsed Time: 388.333333 / 1000.000000
Elapsed Time: 388.666667 / 1000.000000
Elapsed Time: 389.000000 / 1000.000000
Elapsed Time: 389.333333 / 1000.000000
Elapsed Time: 389.666667 / 1000.000000
Elapsed Time: 390.000000 / 1000.000000
Elapsed Time: 390.333333 / 1000.000000
Elapsed Time: 390.666667 / 1000.000000
Elapsed Time: 391.000000 / 1000.000000
Elapsed Time: 391.333333 / 1000.000000
Elapsed Time: 391.666667 / 1000.000000
Elapsed Time: 392.000000 / 1000.000000
Elapsed Time: 392.333333 / 1000.000000
Elapsed Time: 392.666667 / 1000.000000
Elapsed Time: 393.000000 / 1000.000000
Elapsed Time: 393.333333 / 1000.000000
Elapsed Time: 393.666667 / 1000.000000
Elapsed Time: 394.000000 / 1000.000000
Elapsed Time: 394.333333 / 1000.000000
Elapsed Time: 394.666667 / 1000.000000
Elapsed Time: 395.000000 / 1000.000000
Elapsed Time: 395.333333 / 1000.000000
Elapsed Time: 395.666667 / 1000.000000
Elapsed Time: 396.000000 / 1000.000000
Elapsed Time: 396.333333 / 1000.000000
Elapsed Time: 396.666667 / 1000.000000
Elapsed Time: 397.000000 / 1000.000000
Elapsed Time: 397.333333 / 1000.000000
Elapsed Time: 397.666667 / 1000.000000
Elapsed Time: 398.000000 / 1000.000000
Elapsed Time: 398.333333 / 1000.000000
Elapsed Time: 398.666667 / 1000.000000
Elapsed Time: 399.000000 / 1000.000000
Elapsed Time: 399.333333 / 1000.000000
Elapsed Time: 399.666667 / 1000.000000
Elapsed Time: 400.000000 / 1000.000000
Elapsed Time: 400.333333 / 1000.000000
Elapsed Time: 400.666667 / 1000.000000
Elapsed Time: 401.000000 / 1000.000000
Elapsed Time: 401.333333 / 1000.000000
Elapsed Time: 401.666667 / 1000.000000
Elapsed Time: 402.000000 / 1000.000000
Elapsed Time: 402.333333 / 1000.000000
Elapsed Time: 402.666667 / 1000.000000
Elapsed Time: 403.000000 / 1000.000000
Elapsed Time: 403.333333 / 1000.000000
Elapsed Time: 403.666667 / 1000.000000
Elapsed Time: 404.000000 / 1000.000000
Elapsed Time: 404.333333 / 1000.000000
Elapsed Time: 404.666667 / 1000.000000
Elapsed Time: 405.000000 / 1000.000000
Elapsed Time: 405.333333 / 1000.000000
Elapsed Time: 405.666667 / 1000.000000
Elapsed Time: 406.000000 / 1000.000000
Elapsed Time: 406.333333 / 1000.000000
Elapsed Time: 406.666667 / 1000.000000
Elapsed Time: 407.000000 / 1000.000000
Elapsed Time: 407.333333 / 1000.000000
Elapsed Time: 407.666667 / 1000.000000
Elapsed Time: 408.000000 / 1000.000000
Elapsed Time: 408.333333 / 1000.000000
Elapsed Time: 408.666667 / 1000.000000
Elapsed Time: 409.000000 / 1000.000000
Elapsed Time: 409.333333 / 1000.000000
Elapsed Time: 409.666667 / 1000.000000
Elapsed Time: 410.000000 / 1000.000000
Elapsed Time: 410.333333 / 1000.000000
Elapsed Time: 410.666667 / 1000.000000
Elapsed Time: 411.000000 / 1000.000000
Elapsed Time: 411.333333 / 1000.000000
Elapsed Time: 411.666667 / 1000.000000
Elapsed Time: 412.000000 / 1000.000000
Elapsed Time: 412.333333 / 1000.000000
Elapsed Time: 412.666667 / 1000.000000
Elapsed Time: 413.000000 / 1000.000000
Elapsed Time: 413.333333 / 1000.000000
Elapsed Time: 413.666667 / 1000.000000
Elapsed Time: 414.000000 / 1000.000000
Elapsed Time: 414.333333 / 1000.000000
Elapsed Time: 414.666667 / 1000.000000
Elapsed Time: 415.000000 / 1000.000000
Elapsed Time: 415.333333 / 1000.000000
Elapsed Time: 415.666667 / 1000.000000
Elapsed Time: 416.000000 / 1000.000000
Elapsed Time: 416.333333 / 1000.000000
Elapsed Time: 416.666667 / 1000.000000
Elapsed Time: 417.000000 / 1000.000000
Elapsed Time: 417.333333 / 1000.000000
Elapsed Time: 417.666667 / 1000.000000
Elapsed Time: 418.000000 / 1000.000000
Elapsed Time: 418.333333 / 1000.000000
Elapsed Time: 418.666667 / 1000.000000
Elapsed Time: 419.000000 / 1000.000000
Elapsed Time: 419.333333 / 1000.000000
Elapsed Time: 419.666667 / 1000.000000
Elapsed Time: 420.000000 / 1000.000000
Elapsed Time: 420.333333 / 1000.000000
Elapsed Time: 420.666667 / 1000.000000
Elapsed Time: 421.000000 / 1000.000000
Elapsed Time: 421.333333 / 1000.000000
Elapsed Time: 421.666667 / 1000.000000
Elapsed Time: 422.000000 / 1000.000000
Elapsed Time: 422.333333 / 1000.000000
Elapsed Time: 422.666667 / 1000.000000
Elapsed Time: 423.000000 / 1000.000000
Elapsed Time: 423.333333 / 1000.000000
Elapsed Time: 423.666667 / 1000.000000
Elapsed Time: 424.000000 / 1000.000000
Elapsed Time: 424.333333 / 1000.000000
Elapsed Time: 424.666667 / 1000.000000
Elapsed Time: 425.000000 / 1000.000000
Elapsed Time: 425.333333 / 1000.000000
Elapsed Time: 425.666667 / 1000.000000
Elapsed Time: 426.000000 / 1000.000000
Elapsed Time: 426.333333 / 1000.000000
Elapsed Time: 426.666667 / 1000.000000
Elapsed Time: 427.000000 / 1000.000000
Elapsed Time: 427.333333 / 1000.000000
Elapsed Time: 427.666667 / 1000.000000
Elapsed Time: 428.000000 / 1000.000000
Elapsed Time: 428.333333 / 1000.000000
Elapsed Time: 428.666667 / 1000.000000
Elapsed Time: 429.000000 / 1000.000000
Elapsed Time: 429.333333 / 1000.000000
Elapsed Time: 429.666667 / 1000.000000
Elapsed Time: 430.000000 / 1000.000000
Elapsed Time: 430.333333 / 1000.000000
Elapsed Time: 430.666667 / 1000.000000
Elapsed Time: 431.000000 / 1000.000000
Elapsed Time: 431.333333 / 1000.000000
Elapsed Time: 431.666667 / 1000.000000
Elapsed Time: 432.000000 / 1000.000000
Elapsed Time: 432.333333 / 1000.000000
Elapsed Time: 432.666667 / 1000.000000
Elapsed Time: 433.000000 / 1000.000000
Elapsed Time: 433.333333 / 1000.000000
Elapsed Time: 433.666667 / 1000.000000
Elapsed Time: 434.000000 / 1000.000000
Elapsed Time: 434.333333 / 1000.000000
Elapsed Time: 434.666667 / 1000.000000
Elapsed Time: 435.000000 / 1000.000000
Elapsed Time: 435.333333 / 1000.000000
Elapsed Time: 435.666667 / 1000.000000
Elapsed Time: 436.000000 / 1000.000000
Elapsed Time: 436.333333 / 1000.000000
Elapsed Time: 436.666667 / 1000.000000
Elapsed Time: 437.000000 / 1000.000000
Elapsed Time: 437.333333 / 1000.000000
Elapsed Time: 437.666667 / 1000.000000
Elapsed Time: 438.000000 / 1000.000000
Elapsed Time: 438.333333 / 1000.000000
Elapsed Time: 438.666667 / 1000.000000
Elapsed Time: 439.000000 / 1000.000000
Elapsed Time: 439.333333 / 1000.000000
Elapsed Time: 439.666667 / 1000.000000
Elapsed Time: 440.000000 / 1000.000000
Elapsed Time: 440.333333 / 1000.000000
Elapsed Time: 440.666667 / 1000.000000
Elapsed Time: 441.000000 / 1000.000000
Elapsed Time: 441.333333 / 1000.000000
Elapsed Time: 441.666667 / 1000.000000
Elapsed Time: 442.000000 / 1000.000000
Elapsed Time: 442.333333 / 1000.000000
Elapsed Time: 442.666667 / 1000.000000
Elapsed Time: 443.000000 / 1000.000000
Elapsed Time: 443.333333 / 1000.000000
Elapsed Time: 443.666667 / 1000.000000
Elapsed Time: 444.000000 / 1000.000000
Elapsed Time: 444.333333 / 1000.000000
Elapsed Time: 444.666667 / 1000.000000
Elapsed Time: 445.000000 / 1000.000000
Elapsed Time: 445.333333 / 1000.000000
Elapsed Time: 445.666667 / 1000.000000
Elapsed Time: 446.000000 / 1000.000000
Elapsed Time: 446.333333 / 1000.000000
Elapsed Time: 446.666667 / 1000.000000
Elapsed Time: 447.000000 / 1000.000000
Elapsed Time: 447.333333 / 1000.000000
Elapsed Time: 447.666667 / 1000.000000
Elapsed Time: 448.000000 / 1000.000000
Elapsed Time: 448.333333 / 1000.000000
Elapsed Time: 448.666667 / 1000.000000
Elapsed Time: 449.000000 / 1000.000000
Elapsed Time: 449.333333 / 1000.000000
Elapsed Time: 449.666667 / 1000.000000
Elapsed Time: 450.000000 / 1000.000000
Elapsed Time: 450.333333 / 1000.000000
Elapsed Time: 450.666667 / 1000.000000
Elapsed Time: 451.000000 / 1000.000000
Elapsed Time: 451.333333 / 1000.000000
Elapsed Time: 451.666667 / 1000.000000
Elapsed Time: 452.000000 / 1000.000000
Elapsed Time: 452.333333 / 1000.000000
Elapsed Time: 452.666667 / 1000.000000
Elapsed Time: 453.000000 / 1000.000000
Elapsed Time: 453.333333 / 1000.000000
Elapsed Time: 453.666667 / 1000.000000
Elapsed Time: 454.000000 / 1000.000000
Elapsed Time: 454.333333 / 1000.000000
Elapsed Time: 454.666667 / 1000.000000
Elapsed Time: 455.000000 / 1000.000000
Elapsed Time: 455.333333 / 1000.000000
Elapsed Time: 455.666667 / 1000.000000
Elapsed Time: 456.000000 / 1000.000000
Elapsed Time: 456.333333 / 1000.000000
Elapsed Time: 456.666667 / 1000.000000
Elapsed Time: 457.000000 / 1000.000000
Elapsed Time: 457.333333 / 1000.000000
Elapsed Time: 457.666667 / 1000.000000
Elapsed Time: 458.000000 / 1000.000000
Elapsed Time: 458.333333 / 1000.000000
Elapsed Time: 458.666667 / 1000.000000
Elapsed Time: 459.000000 / 1000.000000
Elapsed Time: 459.333333 / 1000.000000
Elapsed Time: 459.666667 / 1000.000000
Elapsed Time: 460.000000 / 1000.000000
Elapsed Time: 460.333333 / 1000.000000
Elapsed Time: 460.666667 / 1000.000000
Elapsed Time: 461.000000 / 1000.000000
Elapsed Time: 461.333333 / 1000.000000
Elapsed Time: 461.666667 / 1000.000000
Elapsed Time: 462.000000 / 1000.000000
Elapsed Time: 462.333333 / 1000.000000
Elapsed Time: 462.666667 / 1000.000000
Elapsed Time: 463.000000 / 1000.000000
Elapsed Time: 463.333333 / 1000.000000
Elapsed Time: 463.666667 / 1000.000000
Elapsed Time: 464.000000 / 1000.000000
Elapsed Time: 464.333333 / 1000.000000
Elapsed Time: 464.666667 / 1000.000000
Elapsed Time: 465.000000 / 1000.000000
Elapsed Time: 465.333333 / 1000.000000
Elapsed Time: 465.666667 / 1000.000000
Elapsed Time: 466.000000 / 1000.000000
Elapsed Time: 466.333333 / 1000.000000
Elapsed Time: 466.666667 / 1000.000000
Elapsed Time: 467.000000 / 1000.000000
Elapsed Time: 467.333333 / 1000.000000
Elapsed Time: 467.666667 / 1000.000000
Elapsed Time: 468.000000 / 1000.000000
Elapsed Time: 468.333333 / 1000.000000
Elapsed Time: 468.666667 / 1000.000000
Elapsed Time: 469.000000 / 1000.000000
Elapsed Time: 469.333333 / 1000.000000
Elapsed Time: 469.666667 / 1000.000000
Elapsed Time: 470.000000 / 1000.000000
Elapsed Time: 470.333333 / 1000.000000
Elapsed Time: 470.666667 / 1000.000000
Elapsed Time: 471.000000 / 1000.000000
Elapsed Time: 471.333333 / 1000.000000
Elapsed Time: 471.666667 / 1000.000000
Elapsed Time: 472.000000 / 1000.000000
Elapsed Time: 472.333333 / 1000.000000
Elapsed Time: 472.666667 / 1000.000000
Elapsed Time: 473.000000 / 1000.000000
Elapsed Time: 473.333333 / 1000.000000
Elapsed Time: 473.666667 / 1000.000000
Elapsed Time: 474.000000 / 1000.000000
Elapsed Time: 474.333333 / 1000.000000
Elapsed Time: 474.666667 / 1000.000000
Elapsed Time: 475.000000 / 1000.000000
Elapsed Time: 475.333333 / 1000.000000
Elapsed Time: 475.666667 / 1000.000000
Elapsed Time: 476.000000 / 1000.000000
Elapsed Time: 476.333333 / 1000.000000
Elapsed Time: 476.666667 / 1000.000000
Elapsed Time: 477.000000 / 1000.000000
Elapsed Time: 477.333333 / 1000.000000
Elapsed Time: 477.666667 / 1000.000000
Elapsed Time: 478.000000 / 1000.000000
Elapsed Time: 478.333333 / 1000.000000
Elapsed Time: 478.666667 / 1000.000000
Elapsed Time: 479.000000 / 1000.000000
Elapsed Time: 479.333333 / 1000.000000
Elapsed Time: 479.666667 / 1000.000000
Elapsed Time: 480.000000 / 1000.000000
Elapsed Time: 480.333333 / 1000.000000
Elapsed Time: 480.666667 / 1000.000000
Elapsed Time: 481.000000 / 1000.000000
Elapsed Time: 481.333333 / 1000.000000
Elapsed Time: 481.666667 / 1000.000000
Elapsed Time: 482.000000 / 1000.000000
Elapsed Time: 482.333333 / 1000.000000
Elapsed Time: 482.666667 / 1000.000000
Elapsed Time: 483.000000 / 1000.000000
Elapsed Time: 483.333333 / 1000.000000
Elapsed Time: 483.666667 / 1000.000000
Elapsed Time: 484.000000 / 1000.000000
Elapsed Time: 484.333333 / 1000.000000
Elapsed Time: 484.666667 / 1000.000000
Elapsed Time: 485.000000 / 1000.000000
Elapsed Time: 485.333333 / 1000.000000
Elapsed Time: 485.666667 / 1000.000000
Elapsed Time: 486.000000 / 1000.000000
Elapsed Time: 486.333333 / 1000.000000
Elapsed Time: 486.666667 / 1000.000000
Elapsed Time: 487.000000 / 1000.000000
Elapsed Time: 487.333333 / 1000.000000
Elapsed Time: 487.666667 / 1000.000000
Elapsed Time: 488.000000 / 1000.000000
Elapsed Time: 488.333333 / 1000.000000
Elapsed Time: 488.666667 / 1000.000000
Elapsed Time: 489.000000 / 1000.000000
Elapsed Time: 489.333333 / 1000.000000
Elapsed Time: 489.666667 / 1000.000000
Elapsed Time: 490.000000 / 1000.000000
Elapsed Time: 490.333333 / 1000.000000
Elapsed Time: 490.666667 / 1000.000000
Elapsed Time: 491.000000 / 1000.000000
Elapsed Time: 491.333333 / 1000.000000
Elapsed Time: 491.666667 / 1000.000000
Elapsed Time: 492.000000 / 1000.000000
Elapsed Time: 492.333333 / 1000.000000
Elapsed Time: 492.666667 / 1000.000000
Elapsed Time: 493.000000 / 1000.000000
Elapsed Time: 493.333333 / 1000.000000
Elapsed Time: 493.666667 / 1000.000000
Elapsed Time: 494.000000 / 1000.000000
Elapsed Time: 494.333333 / 1000.000000
Elapsed Time: 494.666667 / 1000.000000
Elapsed Time: 495.000000 / 1000.000000
Elapsed Time: 495.333333 / 1000.000000
Elapsed Time: 495.666667 / 1000.000000
Elapsed Time: 496.000000 / 1000.000000
Elapsed Time: 496.333333 / 1000.000000
Elapsed Time: 496.666667 / 1000.000000
Elapsed Time: 497.000000 / 1000.000000
Elapsed Time: 497.333333 / 1000.000000
Elapsed Time: 497.666667 / 1000.000000
Elapsed Time: 498.000000 / 1000.000000
Elapsed Time: 498.333333 / 1000.000000
Elapsed Time: 498.666667 / 1000.000000
Elapsed Time: 499.000000 / 1000.000000
Elapsed Time: 499.333333 / 1000.000000
Elapsed Time: 499.666667 / 1000.000000
Elapsed Time: 500.000000 / 1000.000000
Elapsed Time: 500.333333 / 1000.000000
Elapsed Time: 500.666667 / 1000.000000
Elapsed Time: 501.000000 / 1000.000000
Elapsed Time: 501.333333 / 1000.000000
Elapsed Time: 501.666667 / 1000.000000
Elapsed Time: 502.000000 / 1000.000000
Elapsed Time: 502.333333 / 1000.000000
Elapsed Time: 502.666667 / 1000.000000
Elapsed Time: 503.000000 / 1000.000000
Elapsed Time: 503.333333 / 1000.000000
Elapsed Time: 503.666667 / 1000.000000
Elapsed Time: 504.000000 / 1000.000000
Elapsed Time: 504.333333 / 1000.000000
Elapsed Time: 504.666667 / 1000.000000
Elapsed Time: 505.000000 / 1000.000000
Elapsed Time: 505.333333 / 1000.000000
Elapsed Time: 505.666667 / 1000.000000
Elapsed Time: 506.000000 / 1000.000000
Elapsed Time: 506.333333 / 1000.000000
Elapsed Time: 506.666667 / 1000.000000
Elapsed Time: 507.000000 / 1000.000000
Elapsed Time: 507.333333 / 1000.000000
Elapsed Time: 507.666667 / 1000.000000
Elapsed Time: 508.000000 / 1000.000000
Elapsed Time: 508.333333 / 1000.000000
Elapsed Time: 508.666667 / 1000.000000
Elapsed Time: 509.000000 / 1000.000000
Elapsed Time: 509.333333 / 1000.000000
Elapsed Time: 509.666667 / 1000.000000
Elapsed Time: 510.000000 / 1000.000000
Elapsed Time: 510.333333 / 1000.000000
Elapsed Time: 510.666667 / 1000.000000
Elapsed Time: 511.000000 / 1000.000000
Elapsed Time: 511.333333 / 1000.000000
Elapsed Time: 511.666667 / 1000.000000
Elapsed Time: 512.000000 / 1000.000000
Elapsed Time: 512.333333 / 1000.000000
Elapsed Time: 512.666667 / 1000.000000
Elapsed Time: 513.000000 / 1000.000000
Elapsed Time: 513.333333 / 1000.000000
Elapsed Time: 513.666667 / 1000.000000
Elapsed Time: 514.000000 / 1000.000000
Elapsed Time: 514.333333 / 1000.000000
Elapsed Time: 514.666667 / 1000.000000
Elapsed Time: 515.000000 / 1000.000000
Elapsed Time: 515.333333 / 1000.000000
Elapsed Time: 515.666667 / 1000.000000
Elapsed Time: 516.000000 / 1000.000000
Elapsed Time: 516.333333 / 1000.000000
Elapsed Time: 516.666667 / 1000.000000
Elapsed Time: 517.000000 / 1000.000000
Elapsed Time: 517.333333 / 1000.000000
Elapsed Time: 517.666667 / 1000.000000
Elapsed Time: 518.000000 / 1000.000000
Elapsed Time: 518.333333 / 1000.000000
Elapsed Time: 518.666667 / 1000.000000
Elapsed Time: 519.000000 / 1000.000000
Elapsed Time: 519.333333 / 1000.000000
Elapsed Time: 519.666667 / 1000.000000
Elapsed Time: 520.000000 / 1000.000000
Elapsed Time: 520.333333 / 1000.000000
Elapsed Time: 520.666667 / 1000.000000
Elapsed Time: 521.000000 / 1000.000000
Elapsed Time: 521.333333 / 1000.000000
Elapsed Time: 521.666667 / 1000.000000
Elapsed Time: 522.000000 / 1000.000000
Elapsed Time: 522.333333 / 1000.000000
Elapsed Time: 522.666667 / 1000.000000
Elapsed Time: 523.000000 / 1000.000000
Elapsed Time: 523.333333 / 1000.000000
Elapsed Time: 523.666667 / 1000.000000
Elapsed Time: 524.000000 / 1000.000000
Elapsed Time: 524.333333 / 1000.000000
Elapsed Time: 524.666667 / 1000.000000
Elapsed Time: 525.000000 / 1000.000000
Elapsed Time: 525.333333 / 1000.000000
Elapsed Time: 525.666667 / 1000.000000
Elapsed Time: 526.000000 / 1000.000000
Elapsed Time: 526.333333 / 1000.000000
Elapsed Time: 526.666667 / 1000.000000
Elapsed Time: 527.000000 / 1000.000000
Elapsed Time: 527.333333 / 1000.000000
Elapsed Time: 527.666667 / 1000.000000
Elapsed Time: 528.000000 / 1000.000000
Elapsed Time: 528.333333 / 1000.000000
Elapsed Time: 528.666667 / 1000.000000
Elapsed Time: 529.000000 / 1000.000000
Elapsed Time: 529.333333 / 1000.000000
Elapsed Time: 529.666667 / 1000.000000
Elapsed Time: 530.000000 / 1000.000000
Elapsed Time: 530.333333 / 1000.000000
Elapsed Time: 530.666667 / 1000.000000
Elapsed Time: 531.000000 / 1000.000000
Elapsed Time: 531.333333 / 1000.000000
Elapsed Time: 531.666667 / 1000.000000
Elapsed Time: 532.000000 / 1000.000000
Elapsed Time: 532.333333 / 1000.000000
Elapsed Time: 532.666667 / 1000.000000
Elapsed Time: 533.000000 / 1000.000000
Elapsed Time: 533.333333 / 1000.000000
Elapsed Time: 533.666667 / 1000.000000
Elapsed Time: 534.000000 / 1000.000000
Elapsed Time: 534.333333 / 1000.000000
Elapsed Time: 534.666667 / 1000.000000
Elapsed Time: 535.000000 / 1000.000000
Elapsed Time: 535.333333 / 1000.000000
Elapsed Time: 535.666667 / 1000.000000
Elapsed Time: 536.000000 / 1000.000000
Elapsed Time: 536.333333 / 1000.000000
Elapsed Time: 536.666667 / 1000.000000
Elapsed Time: 537.000000 / 1000.000000
Elapsed Time: 537.333333 / 1000.000000
Elapsed Time: 537.666667 / 1000.000000
Elapsed Time: 538.000000 / 1000.000000
Elapsed Time: 538.333333 / 1000.000000
Elapsed Time: 538.666667 / 1000.000000
Elapsed Time: 539.000000 / 1000.000000
Elapsed Time: 539.333333 / 1000.000000
Elapsed Time: 539.666667 / 1000.000000
Elapsed Time: 540.000000 / 1000.000000
Elapsed Time: 540.333333 / 1000.000000
Elapsed Time: 540.666667 / 1000.000000
Elapsed Time: 541.000000 / 1000.000000
Elapsed Time: 541.333333 / 1000.000000
Elapsed Time: 541.666667 / 1000.000000
Elapsed Time: 542.000000 / 1000.000000
Elapsed Time: 542.333333 / 1000.000000
Elapsed Time: 542.666667 / 1000.000000
Elapsed Time: 543.000000 / 1000.000000
Elapsed Time: 543.333333 / 1000.000000
Elapsed Time: 543.666667 / 1000.000000
Elapsed Time: 544.000000 / 1000.000000
Elapsed Time: 544.333333 / 1000.000000
Elapsed Time: 544.666667 / 1000.000000
Elapsed Time: 545.000000 / 1000.000000
Elapsed Time: 545.333333 / 1000.000000
Elapsed Time: 545.666667 / 1000.000000
Elapsed Time: 546.000000 / 1000.000000
Elapsed Time: 546.333333 / 1000.000000
Elapsed Time: 546.666667 / 1000.000000
Elapsed Time: 547.000000 / 1000.000000
Elapsed Time: 547.333333 / 1000.000000
Elapsed Time: 547.666667 / 1000.000000
Elapsed Time: 548.000000 / 1000.000000
Elapsed Time: 548.333333 / 1000.000000
Elapsed Time: 548.666667 / 1000.000000
Elapsed Time: 549.000000 / 1000.000000
Elapsed Time: 549.333333 / 1000.000000
Elapsed Time: 549.666667 / 1000.000000
Elapsed Time: 550.000000 / 1000.000000
Elapsed Time: 550.333333 / 1000.000000
Elapsed Time: 550.666667 / 1000.000000
Elapsed Time: 551.000000 / 1000.000000
Elapsed Time: 551.333333 / 1000.000000
Elapsed Time: 551.666667 / 1000.000000
Elapsed Time: 552.000000 / 1000.000000
Elapsed Time: 552.333333 / 1000.000000
Elapsed Time: 552.666667 / 1000.000000
Elapsed Time: 553.000000 / 1000.000000
Elapsed Time: 553.333333 / 1000.000000
Elapsed Time: 553.666667 / 1000.000000
Elapsed Time: 554.000000 / 1000.000000
Elapsed Time: 554.333333 / 1000.000000
Elapsed Time: 554.666667 / 1000.000000
Elapsed Time: 555.000000 / 1000.000000
Elapsed Time: 555.333333 / 1000.000000
Elapsed Time: 555.666667 / 1000.000000
Elapsed Time: 556.000000 / 1000.000000
Elapsed Time: 556.333333 / 1000.000000
Elapsed Time: 556.666667 / 1000.000000
Elapsed Time: 557.000000 / 1000.000000
Elapsed Time: 557.333333 / 1000.000000
Elapsed Time: 557.666667 / 1000.000000
Elapsed Time: 558.000000 / 1000.000000
Elapsed Time: 558.333333 / 1000.000000
Elapsed Time: 558.666667 / 1000.000000
Elapsed Time: 559.000000 / 1000.000000
Elapsed Time: 559.333333 / 1000.000000
Elapsed Time: 559.666667 / 1000.000000
Elapsed Time: 560.000000 / 1000.000000
Elapsed Time: 560.333333 / 1000.000000
Elapsed Time: 560.666667 / 1000.000000
Elapsed Time: 561.000000 / 1000.000000
Elapsed Time: 561.333333 / 1000.000000
Elapsed Time: 561.666667 / 1000.000000
Elapsed Time: 562.000000 / 1000.000000
Elapsed Time: 562.333333 / 1000.000000
Elapsed Time: 562.666667 / 1000.000000
Elapsed Time: 563.000000 / 1000.000000
Elapsed Time: 563.333333 / 1000.000000
Elapsed Time: 563.666667 / 1000.000000
Elapsed Time: 564.000000 / 1000.000000
Elapsed Time: 564.333333 / 1000.000000
Elapsed Time: 564.666667 / 1000.000000
Elapsed Time: 565.000000 / 1000.000000
Elapsed Time: 565.333333 / 1000.000000
Elapsed Time: 565.666667 / 1000.000000
Elapsed Time: 566.000000 / 1000.000000
Elapsed Time: 566.333333 / 1000.000000
Elapsed Time: 566.666667 / 1000.000000
Elapsed Time: 567.000000 / 1000.000000
Elapsed Time: 567.333333 / 1000.000000
Elapsed Time: 567.666667 / 1000.000000
Elapsed Time: 568.000000 / 1000.000000
Elapsed Time: 568.333333 / 1000.000000
Elapsed Time: 568.666667 / 1000.000000
Elapsed Time: 569.000000 / 1000.000000
Elapsed Time: 569.333333 / 1000.000000
Elapsed Time: 569.666667 / 1000.000000
Elapsed Time: 570.000000 / 1000.000000
Elapsed Time: 570.333333 / 1000.000000
Elapsed Time: 570.666667 / 1000.000000
Elapsed Time: 571.000000 / 1000.000000
Elapsed Time: 571.333333 / 1000.000000
Elapsed Time: 571.666667 / 1000.000000
Elapsed Time: 572.000000 / 1000.000000
Elapsed Time: 572.333333 / 1000.000000
Elapsed Time: 572.666667 / 1000.000000
Elapsed Time: 573.000000 / 1000.000000
Elapsed Time: 573.333333 / 1000.000000
Elapsed Time: 573.666667 / 1000.000000
Elapsed Time: 574.000000 / 1000.000000
Elapsed Time: 574.333333 / 1000.000000
Elapsed Time: 574.666667 / 1000.000000
Elapsed Time: 575.000000 / 1000.000000
Elapsed Time: 575.333333 / 1000.000000
Elapsed Time: 575.666667 / 1000.000000
Elapsed Time: 576.000000 / 1000.000000
Elapsed Time: 576.333333 / 1000.000000
Elapsed Time: 576.666667 / 1000.000000
Elapsed Time: 577.000000 / 1000.000000
Elapsed Time: 577.333333 / 1000.000000
Elapsed Time: 577.666667 / 1000.000000
Elapsed Time: 578.000000 / 1000.000000
Elapsed Time: 578.333333 / 1000.000000
Elapsed Time: 578.666667 / 1000.000000
Elapsed Time: 579.000000 / 1000.000000
Elapsed Time: 579.333333 / 1000.000000
Elapsed Time: 579.666667 / 1000.000000
Elapsed Time: 580.000000 / 1000.000000
Elapsed Time: 580.333333 / 1000.000000
Elapsed Time: 580.666667 / 1000.000000
Elapsed Time: 581.000000 / 1000.000000
Elapsed Time: 581.333333 / 1000.000000
Elapsed Time: 581.666667 / 1000.000000
Elapsed Time: 582.000000 / 1000.000000
Elapsed Time: 582.333333 / 1000.000000
Elapsed Time: 582.666667 / 1000.000000
Elapsed Time: 583.000000 / 1000.000000
Elapsed Time: 583.333333 / 1000.000000
Elapsed Time: 583.666667 / 1000.000000
Elapsed Time: 584.000000 / 1000.000000
Elapsed Time: 584.333333 / 1000.000000
Elapsed Time: 584.666667 / 1000.000000
Elapsed Time: 585.000000 / 1000.000000
Elapsed Time: 585.333333 / 1000.000000
Elapsed Time: 585.666667 / 1000.000000
Elapsed Time: 586.000000 / 1000.000000
Elapsed Time: 586.333333 / 1000.000000
Elapsed Time: 586.666667 / 1000.000000
Elapsed Time: 587.000000 / 1000.000000
Elapsed Time: 587.333333 / 1000.000000
Elapsed Time: 587.666667 / 1000.000000
Elapsed Time: 588.000000 / 1000.000000
Elapsed Time: 588.333333 / 1000.000000
Elapsed Time: 588.666667 / 1000.000000
Elapsed Time: 589.000000 / 1000.000000
Elapsed Time: 589.333333 / 1000.000000
Elapsed Time: 589.666667 / 1000.000000
Elapsed Time: 590.000000 / 1000.000000
Elapsed Time: 590.333333 / 1000.000000
Elapsed Time: 590.666667 / 1000.000000
Elapsed Time: 591.000000 / 1000.000000
Elapsed Time: 591.333333 / 1000.000000
Elapsed Time: 591.666667 / 1000.000000
Elapsed Time: 592.000000 / 1000.000000
Elapsed Time: 592.333333 / 1000.000000
Elapsed Time: 592.666667 / 1000.000000
Elapsed Time: 593.000000 / 1000.000000
Elapsed Time: 593.333333 / 1000.000000
Elapsed Time: 593.666667 / 1000.000000
Elapsed Time: 594.000000 / 1000.000000
Elapsed Time: 594.333333 / 1000.000000
Elapsed Time: 594.666667 / 1000.000000
Elapsed Time: 595.000000 / 1000.000000
Elapsed Time: 595.333333 / 1000.000000
Elapsed Time: 595.666667 / 1000.000000
Elapsed Time: 596.000000 / 1000.000000
Elapsed Time: 596.333333 / 1000.000000
Elapsed Time: 596.666667 / 1000.000000
Elapsed Time: 597.000000 / 1000.000000
Elapsed Time: 597.333333 / 1000.000000
Elapsed Time: 597.666667 / 1000.000000
Elapsed Time: 598.000000 / 1000.000000
Elapsed Time: 598.333333 / 1000.000000
Elapsed Time: 598.666667 / 1000.000000
Elapsed Time: 599.000000 / 1000.000000
Elapsed Time: 599.333333 / 1000.000000
Elapsed Time: 599.666667 / 1000.000000
Elapsed Time: 600.000000 / 1000.000000
Elapsed Time: 600.333333 / 1000.000000
Elapsed Time: 600.666667 / 1000.000000
Elapsed Time: 601.000000 / 1000.000000
Elapsed Time: 601.333333 / 1000.000000
Elapsed Time: 601.666667 / 1000.000000
Elapsed Time: 602.000000 / 1000.000000
Elapsed Time: 602.333333 / 1000.000000
Elapsed Time: 602.666667 / 1000.000000
Elapsed Time: 603.000000 / 1000.000000
Elapsed Time: 603.333333 / 1000.000000
Elapsed Time: 603.666667 / 1000.000000
Elapsed Time: 604.000000 / 1000.000000
Elapsed Time: 604.333333 / 1000.000000
Elapsed Time: 604.666667 / 1000.000000
Elapsed Time: 605.000000 / 1000.000000
Elapsed Time: 605.333333 / 1000.000000
Elapsed Time: 605.666667 / 1000.000000
Elapsed Time: 606.000000 / 1000.000000
Elapsed Time: 606.333333 / 1000.000000
Elapsed Time: 606.666667 / 1000.000000
Elapsed Time: 607.000000 / 1000.000000
Elapsed Time: 607.333333 / 1000.000000
Elapsed Time: 607.666667 / 1000.000000
Elapsed Time: 608.000000 / 1000.000000
Elapsed Time: 608.333333 / 1000.000000
Elapsed Time: 608.666667 / 1000.000000
Elapsed Time: 609.000000 / 1000.000000
Elapsed Time: 609.333333 / 1000.000000
Elapsed Time: 609.666667 / 1000.000000
Elapsed Time: 610.000000 / 1000.000000
Elapsed Time: 610.333333 / 1000.000000
Elapsed Time: 610.666667 / 1000.000000
Elapsed Time: 611.000000 / 1000.000000
Elapsed Time: 611.333333 / 1000.000000
Elapsed Time: 611.666667 / 1000.000000
Elapsed Time: 612.000000 / 1000.000000
Elapsed Time: 612.333333 / 1000.000000
Elapsed Time: 612.666667 / 1000.000000
Elapsed Time: 613.000000 / 1000.000000
Elapsed Time: 613.333333 / 1000.000000
Elapsed Time: 613.666667 / 1000.000000
Elapsed Time: 614.000000 / 1000.000000
Elapsed Time: 614.333333 / 1000.000000
Elapsed Time: 614.666667 / 1000.000000
Elapsed Time: 615.000000 / 1000.000000
Elapsed Time: 615.333333 / 1000.000000
Elapsed Time: 615.666667 / 1000.000000
Elapsed Time: 616.000000 / 1000.000000
Elapsed Time: 616.333333 / 1000.000000
Elapsed Time: 616.666667 / 1000.000000
Elapsed Time: 617.000000 / 1000.000000
Elapsed Time: 617.333333 / 1000.000000
Elapsed Time: 617.666667 / 1000.000000
Elapsed Time: 618.000000 / 1000.000000
Elapsed Time: 618.333333 / 1000.000000
Elapsed Time: 618.666667 / 1000.000000
Elapsed Time: 619.000000 / 1000.000000
Elapsed Time: 619.333333 / 1000.000000
Elapsed Time: 619.666667 / 1000.000000
Elapsed Time: 620.000000 / 1000.000000
Elapsed Time: 620.333333 / 1000.000000
Elapsed Time: 620.666667 / 1000.000000
Elapsed Time: 621.000000 / 1000.000000
Elapsed Time: 621.333333 / 1000.000000
Elapsed Time: 621.666667 / 1000.000000
Elapsed Time: 622.000000 / 1000.000000
Elapsed Time: 622.333333 / 1000.000000
Elapsed Time: 622.666667 / 1000.000000
Elapsed Time: 623.000000 / 1000.000000
Elapsed Time: 623.333333 / 1000.000000
Elapsed Time: 623.666667 / 1000.000000
Elapsed Time: 624.000000 / 1000.000000
Elapsed Time: 624.333333 / 1000.000000
Elapsed Time: 624.666667 / 1000.000000
Elapsed Time: 625.000000 / 1000.000000
Elapsed Time: 625.333333 / 1000.000000
Elapsed Time: 625.666667 / 1000.000000
Elapsed Time: 626.000000 / 1000.000000
Elapsed Time: 626.333333 / 1000.000000
Elapsed Time: 626.666667 / 1000.000000
Elapsed Time: 627.000000 / 1000.000000
Elapsed Time: 627.333333 / 1000.000000
Elapsed Time: 627.666667 / 1000.000000
Elapsed Time: 628.000000 / 1000.000000
Elapsed Time: 628.333333 / 1000.000000
Elapsed Time: 628.666667 / 1000.000000
Elapsed Time: 629.000000 / 1000.000000
Elapsed Time: 629.333333 / 1000.000000
Elapsed Time: 629.666667 / 1000.000000
Elapsed Time: 630.000000 / 1000.000000
Elapsed Time: 630.333333 / 1000.000000
Elapsed Time: 630.666667 / 1000.000000
Elapsed Time: 631.000000 / 1000.000000
Elapsed Time: 631.333333 / 1000.000000
Elapsed Time: 631.666667 / 1000.000000
Elapsed Time: 632.000000 / 1000.000000
Elapsed Time: 632.333333 / 1000.000000
Elapsed Time: 632.666667 / 1000.000000
Elapsed Time: 633.000000 / 1000.000000
Elapsed Time: 633.333333 / 1000.000000
Elapsed Time: 633.666667 / 1000.000000
Elapsed Time: 634.000000 / 1000.000000
Elapsed Time: 634.333333 / 1000.000000
Elapsed Time: 634.666667 / 1000.000000
Elapsed Time: 635.000000 / 1000.000000
Elapsed Time: 635.333333 / 1000.000000
Elapsed Time: 635.666667 / 1000.000000
Elapsed Time: 636.000000 / 1000.000000
Elapsed Time: 636.333333 / 1000.000000
Elapsed Time: 636.666667 / 1000.000000
Elapsed Time: 637.000000 / 1000.000000
Elapsed Time: 637.333333 / 1000.000000
Elapsed Time: 637.666667 / 1000.000000
Elapsed Time: 638.000000 / 1000.000000
Elapsed Time: 638.333333 / 1000.000000
Elapsed Time: 638.666667 / 1000.000000
Elapsed Time: 639.000000 / 1000.000000
Elapsed Time: 639.333333 / 1000.000000
Elapsed Time: 639.666667 / 1000.000000
Elapsed Time: 640.000000 / 1000.000000
Elapsed Time: 640.333333 / 1000.000000
Elapsed Time: 640.666667 / 1000.000000
Elapsed Time: 641.000000 / 1000.000000
Elapsed Time: 641.333333 / 1000.000000
Elapsed Time: 641.666667 / 1000.000000
Elapsed Time: 642.000000 / 1000.000000
Elapsed Time: 642.333333 / 1000.000000
Elapsed Time: 642.666667 / 1000.000000
Elapsed Time: 643.000000 / 1000.000000
Elapsed Time: 643.333333 / 1000.000000
Elapsed Time: 643.666667 / 1000.000000
Elapsed Time: 644.000000 / 1000.000000
Elapsed Time: 644.333333 / 1000.000000
Elapsed Time: 644.666667 / 1000.000000
Elapsed Time: 645.000000 / 1000.000000
Elapsed Time: 645.333333 / 1000.000000
Elapsed Time: 645.666667 / 1000.000000
Elapsed Time: 646.000000 / 1000.000000
Elapsed Time: 646.333333 / 1000.000000
Elapsed Time: 646.666667 / 1000.000000
Elapsed Time: 647.000000 / 1000.000000
Elapsed Time: 647.333333 / 1000.000000
Elapsed Time: 647.666667 / 1000.000000
Elapsed Time: 648.000000 / 1000.000000
Elapsed Time: 648.333333 / 1000.000000
Elapsed Time: 648.666667 / 1000.000000
Elapsed Time: 649.000000 / 1000.000000
Elapsed Time: 649.333333 / 1000.000000
Elapsed Time: 649.666667 / 1000.000000
Elapsed Time: 650.000000 / 1000.000000
Elapsed Time: 650.333333 / 1000.000000
Elapsed Time: 650.666667 / 1000.000000
Elapsed Time: 651.000000 / 1000.000000
Elapsed Time: 651.333333 / 1000.000000
Elapsed Time: 651.666667 / 1000.000000
Elapsed Time: 652.000000 / 1000.000000
Elapsed Time: 652.333333 / 1000.000000
Elapsed Time: 652.666667 / 1000.000000
Elapsed Time: 653.000000 / 1000.000000
Elapsed Time: 653.333333 / 1000.000000
Elapsed Time: 653.666667 / 1000.000000
Elapsed Time: 654.000000 / 1000.000000
Elapsed Time: 654.333333 / 1000.000000
Elapsed Time: 654.666667 / 1000.000000
Elapsed Time: 655.000000 / 1000.000000
Elapsed Time: 655.333333 / 1000.000000
Elapsed Time: 655.666667 / 1000.000000
Elapsed Time: 656.000000 / 1000.000000
Elapsed Time: 656.333333 / 1000.000000
Elapsed Time: 656.666667 / 1000.000000
Elapsed Time: 657.000000 / 1000.000000
Elapsed Time: 657.333333 / 1000.000000
Elapsed Time: 657.666667 / 1000.000000
Elapsed Time: 658.000000 / 1000.000000
Elapsed Time: 658.333333 / 1000.000000
Elapsed Time: 658.666667 / 1000.000000
Elapsed Time: 659.000000 / 1000.000000
Elapsed Time: 659.333333 / 1000.000000
Elapsed Time: 659.666667 / 1000.000000
Elapsed Time: 660.000000 / 1000.000000
Elapsed Time: 660.333333 / 1000.000000
Elapsed Time: 660.666667 / 1000.000000
Elapsed Time: 661.000000 / 1000.000000
Elapsed Time: 661.333333 / 1000.000000
Elapsed Time: 661.666667 / 1000.000000
Elapsed Time: 662.000000 / 1000.000000
Elapsed Time: 662.333333 / 1000.000000
Elapsed Time: 662.666667 / 1000.000000
Elapsed Time: 663.000000 / 1000.000000
Elapsed Time: 663.333333 / 1000.000000
Elapsed Time: 663.666667 / 1000.000000
Elapsed Time: 664.000000 / 1000.000000
Elapsed Time: 664.333333 / 1000.000000
Elapsed Time: 664.666667 / 1000.000000
Elapsed Time: 665.000000 / 1000.000000
Elapsed Time: 665.333333 / 1000.000000
Elapsed Time: 665.666667 / 1000.000000
Elapsed Time: 666.000000 / 1000.000000
Elapsed Time: 666.333333 / 1000.000000
Elapsed Time: 666.666667 / 1000.000000
Elapsed Time: 667.000000 / 1000.000000
Elapsed Time: 667.333333 / 1000.000000
Elapsed Time: 667.666667 / 1000.000000
Elapsed Time: 668.000000 / 1000.000000
Elapsed Time: 668.333333 / 1000.000000
Elapsed Time: 668.666667 / 1000.000000
Elapsed Time: 669.000000 / 1000.000000
Elapsed Time: 669.333333 / 1000.000000
Elapsed Time: 669.666667 / 1000.000000
Elapsed Time: 670.000000 / 1000.000000
Elapsed Time: 670.333333 / 1000.000000
Elapsed Time: 670.666667 / 1000.000000
Elapsed Time: 671.000000 / 1000.000000
Elapsed Time: 671.333333 / 1000.000000
Elapsed Time: 671.666667 / 1000.000000
Elapsed Time: 672.000000 / 1000.000000
Elapsed Time: 672.333333 / 1000.000000
Elapsed Time: 672.666667 / 1000.000000
Elapsed Time: 673.000000 / 1000.000000
Elapsed Time: 673.333333 / 1000.000000
Elapsed Time: 673.666667 / 1000.000000
Elapsed Time: 674.000000 / 1000.000000
Elapsed Time: 674.333333 / 1000.000000
Elapsed Time: 674.666667 / 1000.000000
Elapsed Time: 675.000000 / 1000.000000
Elapsed Time: 675.333333 / 1000.000000
Elapsed Time: 675.666667 / 1000.000000
Elapsed Time: 676.000000 / 1000.000000
Elapsed Time: 676.333333 / 1000.000000
Elapsed Time: 676.666667 / 1000.000000
Elapsed Time: 677.000000 / 1000.000000
Elapsed Time: 677.333333 / 1000.000000
Elapsed Time: 677.666667 / 1000.000000
Elapsed Time: 678.000000 / 1000.000000
Elapsed Time: 678.333333 / 1000.000000
Elapsed Time: 678.666667 / 1000.000000
Elapsed Time: 679.000000 / 1000.000000
Elapsed Time: 679.333333 / 1000.000000
Elapsed Time: 679.666667 / 1000.000000
Elapsed Time: 680.000000 / 1000.000000
Elapsed Time: 680.333333 / 1000.000000
Elapsed Time: 680.666667 / 1000.000000
Elapsed Time: 681.000000 / 1000.000000
Elapsed Time: 681.333333 / 1000.000000
Elapsed Time: 681.666667 / 1000.000000
Elapsed Time: 682.000000 / 1000.000000
Elapsed Time: 682.333333 / 1000.000000
Elapsed Time: 682.666667 / 1000.000000
Elapsed Time: 683.000000 / 1000.000000
Elapsed Time: 683.333333 / 1000.000000
Elapsed Time: 683.666667 / 1000.000000
Elapsed Time: 684.000000 / 1000.000000
Elapsed Time: 684.333333 / 1000.000000
Elapsed Time: 684.666667 / 1000.000000
Elapsed Time: 685.000000 / 1000.000000
Elapsed Time: 685.333333 / 1000.000000
Elapsed Time: 685.666667 / 1000.000000
Elapsed Time: 686.000000 / 1000.000000
Elapsed Time: 686.333333 / 1000.000000
Elapsed Time: 686.666667 / 1000.000000
Elapsed Time: 687.000000 / 1000.000000
Elapsed Time: 687.333333 / 1000.000000
Elapsed Time: 687.666667 / 1000.000000
Elapsed Time: 688.000000 / 1000.000000
Elapsed Time: 688.333333 / 1000.000000
Elapsed Time: 688.666667 / 1000.000000
Elapsed Time: 689.000000 / 1000.000000
Elapsed Time: 689.333333 / 1000.000000
Elapsed Time: 689.666667 / 1000.000000
Elapsed Time: 690.000000 / 1000.000000
Elapsed Time: 690.333333 / 1000.000000
Elapsed Time: 690.666667 / 1000.000000
Elapsed Time: 691.000000 / 1000.000000
Elapsed Time: 691.333333 / 1000.000000
Elapsed Time: 691.666667 / 1000.000000
Elapsed Time: 692.000000 / 1000.000000
Elapsed Time: 692.333333 / 1000.000000
Elapsed Time: 692.666667 / 1000.000000
Elapsed Time: 693.000000 / 1000.000000
Elapsed Time: 693.333333 / 1000.000000
Elapsed Time: 693.666667 / 1000.000000
Elapsed Time: 694.000000 / 1000.000000
Elapsed Time: 694.333333 / 1000.000000
Elapsed Time: 694.666667 / 1000.000000
Elapsed Time: 695.000000 / 1000.000000
Elapsed Time: 695.333333 / 1000.000000
Elapsed Time: 695.666667 / 1000.000000
Elapsed Time: 696.000000 / 1000.000000
Elapsed Time: 696.333333 / 1000.000000
Elapsed Time: 696.666667 / 1000.000000
Elapsed Time: 697.000000 / 1000.000000
Elapsed Time: 697.333333 / 1000.000000
Elapsed Time: 697.666667 / 1000.000000
Elapsed Time: 698.000000 / 1000.000000
Elapsed Time: 698.333333 / 1000.000000
Elapsed Time: 698.666667 / 1000.000000
Elapsed Time: 699.000000 / 1000.000000
Elapsed Time: 699.333333 / 1000.000000
Elapsed Time: 699.666667 / 1000.000000
Elapsed Time: 700.000000 / 1000.000000
Elapsed Time: 700.333333 / 1000.000000
Elapsed Time: 700.666667 / 1000.000000
Elapsed Time: 701.000000 / 1000.000000
Elapsed Time: 701.333333 / 1000.000000
Elapsed Time: 701.666667 / 1000.000000
Elapsed Time: 702.000000 / 1000.000000
Elapsed Time: 702.333333 / 1000.000000
Elapsed Time: 702.666667 / 1000.000000
Elapsed Time: 703.000000 / 1000.000000
Elapsed Time: 703.333333 / 1000.000000
Elapsed Time: 703.666667 / 1000.000000
Elapsed Time: 704.000000 / 1000.000000
Elapsed Time: 704.333333 / 1000.000000
Elapsed Time: 704.666667 / 1000.000000
Elapsed Time: 705.000000 / 1000.000000
Elapsed Time: 705.333333 / 1000.000000
Elapsed Time: 705.666667 / 1000.000000
Elapsed Time: 706.000000 / 1000.000000
Elapsed Time: 706.333333 / 1000.000000
Elapsed Time: 706.666667 / 1000.000000
Elapsed Time: 707.000000 / 1000.000000
Elapsed Time: 707.333333 / 1000.000000
Elapsed Time: 707.666667 / 1000.000000
Elapsed Time: 708.000000 / 1000.000000
Elapsed Time: 708.333333 / 1000.000000
Elapsed Time: 708.666667 / 1000.000000
Elapsed Time: 709.000000 / 1000.000000
Elapsed Time: 709.333333 / 1000.000000
Elapsed Time: 709.666667 / 1000.000000
Elapsed Time: 710.000000 / 1000.000000
Elapsed Time: 710.333333 / 1000.000000
Elapsed Time: 710.666667 / 1000.000000
Elapsed Time: 711.000000 / 1000.000000
Elapsed Time: 711.333333 / 1000.000000
Elapsed Time: 711.666667 / 1000.000000
Elapsed Time: 712.000000 / 1000.000000
Elapsed Time: 712.333333 / 1000.000000
Elapsed Time: 712.666667 / 1000.000000
Elapsed Time: 713.000000 / 1000.000000
Elapsed Time: 713.333333 / 1000.000000
Elapsed Time: 713.666667 / 1000.000000
Elapsed Time: 714.000000 / 1000.000000
Elapsed Time: 714.333333 / 1000.000000
Elapsed Time: 714.666667 / 1000.000000
Elapsed Time: 715.000000 / 1000.000000
Elapsed Time: 715.333333 / 1000.000000
Elapsed Time: 715.666667 / 1000.000000
Elapsed Time: 716.000000 / 1000.000000
Elapsed Time: 716.333333 / 1000.000000
Elapsed Time: 716.666667 / 1000.000000
Elapsed Time: 717.000000 / 1000.000000
Elapsed Time: 717.333333 / 1000.000000
Elapsed Time: 717.666667 / 1000.000000
Elapsed Time: 718.000000 / 1000.000000
Elapsed Time: 718.333333 / 1000.000000
Elapsed Time: 718.666667 / 1000.000000
Elapsed Time: 719.000000 / 1000.000000
Elapsed Time: 719.333333 / 1000.000000
Elapsed Time: 719.666667 / 1000.000000
Elapsed Time: 720.000000 / 1000.000000
Elapsed Time: 720.333333 / 1000.000000
Elapsed Time: 720.666667 / 1000.000000
Elapsed Time: 721.000000 / 1000.000000
Elapsed Time: 721.333333 / 1000.000000
Elapsed Time: 721.666667 / 1000.000000
Elapsed Time: 722.000000 / 1000.000000
Elapsed Time: 722.333333 / 1000.000000
Elapsed Time: 722.666667 / 1000.000000
Elapsed Time: 723.000000 / 1000.000000
Elapsed Time: 723.333333 / 1000.000000
Elapsed Time: 723.666667 / 1000.000000
Elapsed Time: 724.000000 / 1000.000000
Elapsed Time: 724.333333 / 1000.000000
Elapsed Time: 724.666667 / 1000.000000
Elapsed Time: 725.000000 / 1000.000000
Elapsed Time: 725.333333 / 1000.000000
Elapsed Time: 725.666667 / 1000.000000
Elapsed Time: 726.000000 / 1000.000000
Elapsed Time: 726.333333 / 1000.000000
Elapsed Time: 726.666667 / 1000.000000
Elapsed Time: 727.000000 / 1000.000000
Elapsed Time: 727.333333 / 1000.000000
Elapsed Time: 727.666667 / 1000.000000
Elapsed Time: 728.000000 / 1000.000000
Elapsed Time: 728.333333 / 1000.000000
Elapsed Time: 728.666667 / 1000.000000
Elapsed Time: 729.000000 / 1000.000000
Elapsed Time: 729.333333 / 1000.000000
Elapsed Time: 729.666667 / 1000.000000
Elapsed Time: 730.000000 / 1000.000000
Elapsed Time: 730.333333 / 1000.000000
Elapsed Time: 730.666667 / 1000.000000
Elapsed Time: 731.000000 / 1000.000000
Elapsed Time: 731.333333 / 1000.000000
Elapsed Time: 731.666667 / 1000.000000
Elapsed Time: 732.000000 / 1000.000000
Elapsed Time: 732.333333 / 1000.000000
Elapsed Time: 732.666667 / 1000.000000
Elapsed Time: 733.000000 / 1000.000000
Elapsed Time: 733.333333 / 1000.000000
Elapsed Time: 733.666667 / 1000.000000
Elapsed Time: 734.000000 / 1000.000000
Elapsed Time: 734.333333 / 1000.000000
Elapsed Time: 734.666667 / 1000.000000
Elapsed Time: 735.000000 / 1000.000000
Elapsed Time: 735.333333 / 1000.000000
Elapsed Time: 735.666667 / 1000.000000
Elapsed Time: 736.000000 / 1000.000000
Elapsed Time: 736.333333 / 1000.000000
Elapsed Time: 736.666667 / 1000.000000
Elapsed Time: 737.000000 / 1000.000000
Elapsed Time: 737.333333 / 1000.000000
Elapsed Time: 737.666667 / 1000.000000
Elapsed Time: 738.000000 / 1000.000000
Elapsed Time: 738.333333 / 1000.000000
Elapsed Time: 738.666667 / 1000.000000
Elapsed Time: 739.000000 / 1000.000000
Elapsed Time: 739.333333 / 1000.000000
Elapsed Time: 739.666667 / 1000.000000
Elapsed Time: 740.000000 / 1000.000000
Elapsed Time: 740.333333 / 1000.000000
Elapsed Time: 740.666667 / 1000.000000
Elapsed Time: 741.000000 / 1000.000000
Elapsed Time: 741.333333 / 1000.000000
Elapsed Time: 741.666667 / 1000.000000
Elapsed Time: 742.000000 / 1000.000000
Elapsed Time: 742.333333 / 1000.000000
Elapsed Time: 742.666667 / 1000.000000
Elapsed Time: 743.000000 / 1000.000000
Elapsed Time: 743.333333 / 1000.000000
Elapsed Time: 743.666667 / 1000.000000
Elapsed Time: 744.000000 / 1000.000000
Elapsed Time: 744.333333 / 1000.000000
Elapsed Time: 744.666667 / 1000.000000
Elapsed Time: 745.000000 / 1000.000000
Elapsed Time: 745.333333 / 1000.000000
Elapsed Time: 745.666667 / 1000.000000
Elapsed Time: 746.000000 / 1000.000000
Elapsed Time: 746.333333 / 1000.000000
Elapsed Time: 746.666667 / 1000.000000
Elapsed Time: 747.000000 / 1000.000000
Elapsed Time: 747.333333 / 1000.000000
Elapsed Time: 747.666667 / 1000.000000
Elapsed Time: 748.000000 / 1000.000000
Elapsed Time: 748.333333 / 1000.000000
Elapsed Time: 748.666667 / 1000.000000
Elapsed Time: 749.000000 / 1000.000000
Elapsed Time: 749.333333 / 1000.000000
Elapsed Time: 749.666667 / 1000.000000
Elapsed Time: 750.000000 / 1000.000000
Elapsed Time: 750.333333 / 1000.000000
Elapsed Time: 750.666667 / 1000.000000
Elapsed Time: 751.000000 / 1000.000000
Elapsed Time: 751.333333 / 1000.000000
Elapsed Time: 751.666667 / 1000.000000
Elapsed Time: 752.000000 / 1000.000000
Elapsed Time: 752.333333 / 1000.000000
Elapsed Time: 752.666667 / 1000.000000
Elapsed Time: 753.000000 / 1000.000000
Elapsed Time: 753.333333 / 1000.000000
Elapsed Time: 753.666667 / 1000.000000
Elapsed Time: 754.000000 / 1000.000000
Elapsed Time: 754.333333 / 1000.000000
Elapsed Time: 754.666667 / 1000.000000
Elapsed Time: 755.000000 / 1000.000000
Elapsed Time: 755.333333 / 1000.000000
Elapsed Time: 755.666667 / 1000.000000
Elapsed Time: 756.000000 / 1000.000000
Elapsed Time: 756.333333 / 1000.000000
Elapsed Time: 756.666667 / 1000.000000
Elapsed Time: 757.000000 / 1000.000000
Elapsed Time: 757.333333 / 1000.000000
Elapsed Time: 757.666667 / 1000.000000
Elapsed Time: 758.000000 / 1000.000000
Elapsed Time: 758.333333 / 1000.000000
Elapsed Time: 758.666667 / 1000.000000
Elapsed Time: 759.000000 / 1000.000000
Elapsed Time: 759.333333 / 1000.000000
Elapsed Time: 759.666667 / 1000.000000
Elapsed Time: 760.000000 / 1000.000000
Elapsed Time: 760.333333 / 1000.000000
Elapsed Time: 760.666667 / 1000.000000
Elapsed Time: 761.000000 / 1000.000000
Elapsed Time: 761.333333 / 1000.000000
Elapsed Time: 761.666667 / 1000.000000
Elapsed Time: 762.000000 / 1000.000000
Elapsed Time: 762.333333 / 1000.000000
Elapsed Time: 762.666667 / 1000.000000
Elapsed Time: 763.000000 / 1000.000000
Elapsed Time: 763.333333 / 1000.000000
Elapsed Time: 763.666667 / 1000.000000
Elapsed Time: 764.000000 / 1000.000000
Elapsed Time: 764.333333 / 1000.000000
Elapsed Time: 764.666667 / 1000.000000
Elapsed Time: 765.000000 / 1000.000000
Elapsed Time: 765.333333 / 1000.000000
Elapsed Time: 765.666667 / 1000.000000
Elapsed Time: 766.000000 / 1000.000000
Elapsed Time: 766.333333 / 1000.000000
Elapsed Time: 766.666667 / 1000.000000
Elapsed Time: 767.000000 / 1000.000000
Elapsed Time: 767.333333 / 1000.000000
Elapsed Time: 767.666667 / 1000.000000
Elapsed Time: 768.000000 / 1000.000000
Elapsed Time: 768.333333 / 1000.000000
Elapsed Time: 768.666667 / 1000.000000
Elapsed Time: 769.000000 / 1000.000000
Elapsed Time: 769.333333 / 1000.000000
Elapsed Time: 769.666667 / 1000.000000
Elapsed Time: 770.000000 / 1000.000000
Elapsed Time: 770.333333 / 1000.000000
Elapsed Time: 770.666667 / 1000.000000
Elapsed Time: 771.000000 / 1000.000000
Elapsed Time: 771.333333 / 1000.000000
Elapsed Time: 771.666667 / 1000.000000
Elapsed Time: 772.000000 / 1000.000000
Elapsed Time: 772.333333 / 1000.000000
Elapsed Time: 772.666667 / 1000.000000
Elapsed Time: 773.000000 / 1000.000000
Elapsed Time: 773.333333 / 1000.000000
Elapsed Time: 773.666667 / 1000.000000
Elapsed Time: 774.000000 / 1000.000000
Elapsed Time: 774.333333 / 1000.000000
Elapsed Time: 774.666667 / 1000.000000
Elapsed Time: 775.000000 / 1000.000000
Elapsed Time: 775.333333 / 1000.000000
Elapsed Time: 775.666667 / 1000.000000
Elapsed Time: 776.000000 / 1000.000000
Elapsed Time: 776.333333 / 1000.000000
Elapsed Time: 776.666667 / 1000.000000
Elapsed Time: 777.000000 / 1000.000000
Elapsed Time: 777.333333 / 1000.000000
Elapsed Time: 777.666667 / 1000.000000
Elapsed Time: 778.000000 / 1000.000000
Elapsed Time: 778.333333 / 1000.000000
Elapsed Time: 778.666667 / 1000.000000
Elapsed Time: 779.000000 / 1000.000000
Elapsed Time: 779.333333 / 1000.000000
Elapsed Time: 779.666667 / 1000.000000
Elapsed Time: 780.000000 / 1000.000000
Elapsed Time: 780.333333 / 1000.000000
Elapsed Time: 780.666667 / 1000.000000
Elapsed Time: 781.000000 / 1000.000000
Elapsed Time: 781.333333 / 1000.000000
Elapsed Time: 781.666667 / 1000.000000
Elapsed Time: 782.000000 / 1000.000000
Elapsed Time: 782.333333 / 1000.000000
Elapsed Time: 782.666667 / 1000.000000
Elapsed Time: 783.000000 / 1000.000000
Elapsed Time: 783.333333 / 1000.000000
Elapsed Time: 783.666667 / 1000.000000
Elapsed Time: 784.000000 / 1000.000000
Elapsed Time: 784.333333 / 1000.000000
Elapsed Time: 784.666667 / 1000.000000
Elapsed Time: 785.000000 / 1000.000000
Elapsed Time: 785.333333 / 1000.000000
Elapsed Time: 785.666667 / 1000.000000
Elapsed Time: 786.000000 / 1000.000000
Elapsed Time: 786.333333 / 1000.000000
Elapsed Time: 786.666667 / 1000.000000
Elapsed Time: 787.000000 / 1000.000000
Elapsed Time: 787.333333 / 1000.000000
Elapsed Time: 787.666667 / 1000.000000
Elapsed Time: 788.000000 / 1000.000000
Elapsed Time: 788.333333 / 1000.000000
Elapsed Time: 788.666667 / 1000.000000
Elapsed Time: 789.000000 / 1000.000000
Elapsed Time: 789.333333 / 1000.000000
Elapsed Time: 789.666667 / 1000.000000
Elapsed Time: 790.000000 / 1000.000000
Elapsed Time: 790.333333 / 1000.000000
Elapsed Time: 790.666667 / 1000.000000
Elapsed Time: 791.000000 / 1000.000000
Elapsed Time: 791.333333 / 1000.000000
Elapsed Time: 791.666667 / 1000.000000
Elapsed Time: 792.000000 / 1000.000000
Elapsed Time: 792.333333 / 1000.000000
Elapsed Time: 792.666667 / 1000.000000
Elapsed Time: 793.000000 / 1000.000000
Elapsed Time: 793.333333 / 1000.000000
Elapsed Time: 793.666667 / 1000.000000
Elapsed Time: 794.000000 / 1000.000000
Elapsed Time: 794.333333 / 1000.000000
Elapsed Time: 794.666667 / 1000.000000
Elapsed Time: 795.000000 / 1000.000000
Elapsed Time: 795.333333 / 1000.000000
Elapsed Time: 795.666667 / 1000.000000
Elapsed Time: 796.000000 / 1000.000000
Elapsed Time: 796.333333 / 1000.000000
Elapsed Time: 796.666667 / 1000.000000
Elapsed Time: 797.000000 / 1000.000000
Elapsed Time: 797.333333 / 1000.000000
Elapsed Time: 797.666667 / 1000.000000
Elapsed Time: 798.000000 / 1000.000000
Elapsed Time: 798.333333 / 1000.000000
Elapsed Time: 798.666667 / 1000.000000
Elapsed Time: 799.000000 / 1000.000000
Elapsed Time: 799.333333 / 1000.000000
Elapsed Time: 799.666667 / 1000.000000
Elapsed Time: 800.000000 / 1000.000000
Elapsed Time: 800.333333 / 1000.000000
Elapsed Time: 800.666667 / 1000.000000
Elapsed Time: 801.000000 / 1000.000000
Elapsed Time: 801.333333 / 1000.000000
Elapsed Time: 801.666667 / 1000.000000
Elapsed Time: 802.000000 / 1000.000000
Elapsed Time: 802.333333 / 1000.000000
Elapsed Time: 802.666667 / 1000.000000
Elapsed Time: 803.000000 / 1000.000000
Elapsed Time: 803.333333 / 1000.000000
Elapsed Time: 803.666667 / 1000.000000
Elapsed Time: 804.000000 / 1000.000000
Elapsed Time: 804.333333 / 1000.000000
Elapsed Time: 804.666667 / 1000.000000
Elapsed Time: 805.000000 / 1000.000000
Elapsed Time: 805.333333 / 1000.000000
Elapsed Time: 805.666667 / 1000.000000
Elapsed Time: 806.000000 / 1000.000000
Elapsed Time: 806.333333 / 1000.000000
Elapsed Time: 806.666667 / 1000.000000
Elapsed Time: 807.000000 / 1000.000000
Elapsed Time: 807.333333 / 1000.000000
Elapsed Time: 807.666667 / 1000.000000
Elapsed Time: 808.000000 / 1000.000000
Elapsed Time: 808.333333 / 1000.000000
Elapsed Time: 808.666667 / 1000.000000
Elapsed Time: 809.000000 / 1000.000000
Elapsed Time: 809.333333 / 1000.000000
Elapsed Time: 809.666667 / 1000.000000
Elapsed Time: 810.000000 / 1000.000000
Elapsed Time: 810.333333 / 1000.000000
Elapsed Time: 810.666667 / 1000.000000
Elapsed Time: 811.000000 / 1000.000000
Elapsed Time: 811.333333 / 1000.000000
Elapsed Time: 811.666667 / 1000.000000
Elapsed Time: 812.000000 / 1000.000000
Elapsed Time: 812.333333 / 1000.000000
Elapsed Time: 812.666667 / 1000.000000
Elapsed Time: 813.000000 / 1000.000000
Elapsed Time: 813.333333 / 1000.000000
Elapsed Time: 813.666667 / 1000.000000
Elapsed Time: 814.000000 / 1000.000000
Elapsed Time: 814.333333 / 1000.000000
Elapsed Time: 814.666667 / 1000.000000
Elapsed Time: 815.000000 / 1000.000000
Elapsed Time: 815.333333 / 1000.000000
Elapsed Time: 815.666667 / 1000.000000
Elapsed Time: 816.000000 / 1000.000000
Elapsed Time: 816.333333 / 1000.000000
Elapsed Time: 816.666667 / 1000.000000
Elapsed Time: 817.000000 / 1000.000000
Elapsed Time: 817.333333 / 1000.000000
Elapsed Time: 817.666667 / 1000.000000
Elapsed Time: 818.000000 / 1000.000000
Elapsed Time: 818.333333 / 1000.000000
Elapsed Time: 818.666667 / 1000.000000
Elapsed Time: 819.000000 / 1000.000000
Elapsed Time: 819.333333 / 1000.000000
Elapsed Time: 819.666667 / 1000.000000
Elapsed Time: 820.000000 / 1000.000000
Elapsed Time: 820.333333 / 1000.000000
Elapsed Time: 820.666667 / 1000.000000
Elapsed Time: 821.000000 / 1000.000000
Elapsed Time: 821.333333 / 1000.000000
Elapsed Time: 821.666667 / 1000.000000
Elapsed Time: 822.000000 / 1000.000000
Elapsed Time: 822.333333 / 1000.000000
Elapsed Time: 822.666667 / 1000.000000
Elapsed Time: 823.000000 / 1000.000000
Elapsed Time: 823.333333 / 1000.000000
Elapsed Time: 823.666667 / 1000.000000
Elapsed Time: 824.000000 / 1000.000000
Elapsed Time: 824.333333 / 1000.000000
Elapsed Time: 824.666667 / 1000.000000
Elapsed Time: 825.000000 / 1000.000000
Elapsed Time: 825.333333 / 1000.000000
Elapsed Time: 825.666667 / 1000.000000
Elapsed Time: 826.000000 / 1000.000000
Elapsed Time: 826.333333 / 1000.000000
Elapsed Time: 826.666667 / 1000.000000
Elapsed Time: 827.000000 / 1000.000000
Elapsed Time: 827.333333 / 1000.000000
Elapsed Time: 827.666667 / 1000.000000
Elapsed Time: 828.000000 / 1000.000000
Elapsed Time: 828.333333 / 1000.000000
Elapsed Time: 828.666667 / 1000.000000
Elapsed Time: 829.000000 / 1000.000000
Elapsed Time: 829.333333 / 1000.000000
Elapsed Time: 829.666667 / 1000.000000
Elapsed Time: 830.000000 / 1000.000000
Elapsed Time: 830.333333 / 1000.000000
Elapsed Time: 830.666667 / 1000.000000
Elapsed Time: 831.000000 / 1000.000000
Elapsed Time: 831.333333 / 1000.000000
Elapsed Time: 831.666667 / 1000.000000
Elapsed Time: 832.000000 / 1000.000000
Elapsed Time: 832.333333 / 1000.000000
Elapsed Time: 832.666667 / 1000.000000
Elapsed Time: 833.000000 / 1000.000000
Elapsed Time: 833.333333 / 1000.000000
Elapsed Time: 833.666667 / 1000.000000
Elapsed Time: 834.000000 / 1000.000000
Elapsed Time: 834.333333 / 1000.000000
Elapsed Time: 834.666667 / 1000.000000
Elapsed Time: 835.000000 / 1000.000000
Elapsed Time: 835.333333 / 1000.000000
Elapsed Time: 835.666667 / 1000.000000
Elapsed Time: 836.000000 / 1000.000000
Elapsed Time: 836.333333 / 1000.000000
Elapsed Time: 836.666667 / 1000.000000
Elapsed Time: 837.000000 / 1000.000000
Elapsed Time: 837.333333 / 1000.000000
Elapsed Time: 837.666667 / 1000.000000
Elapsed Time: 838.000000 / 1000.000000
Elapsed Time: 838.333333 / 1000.000000
Elapsed Time: 838.666667 / 1000.000000
Elapsed Time: 839.000000 / 1000.000000
Elapsed Time: 839.333333 / 1000.000000
Elapsed Time: 839.666667 / 1000.000000
Elapsed Time: 840.000000 / 1000.000000
Elapsed Time: 840.333333 / 1000.000000
Elapsed Time: 840.666667 / 1000.000000
Elapsed Time: 841.000000 / 1000.000000
Elapsed Time: 841.333333 / 1000.000000
Elapsed Time: 841.666667 / 1000.000000
Elapsed Time: 842.000000 / 1000.000000
Elapsed Time: 842.333333 / 1000.000000
Elapsed Time: 842.666667 / 1000.000000
Elapsed Time: 843.000000 / 1000.000000
Elapsed Time: 843.333333 / 1000.000000
Elapsed Time: 843.666667 / 1000.000000
Elapsed Time: 844.000000 / 1000.000000
Elapsed Time: 844.333333 / 1000.000000
Elapsed Time: 844.666667 / 1000.000000
Elapsed Time: 845.000000 / 1000.000000
Elapsed Time: 845.333333 / 1000.000000
Elapsed Time: 845.666667 / 1000.000000
Elapsed Time: 846.000000 / 1000.000000
Elapsed Time: 846.333333 / 1000.000000
Elapsed Time: 846.666667 / 1000.000000
Elapsed Time: 847.000000 / 1000.000000
Elapsed Time: 847.333333 / 1000.000000
Elapsed Time: 847.666667 / 1000.000000
Elapsed Time: 848.000000 / 1000.000000
Elapsed Time: 848.333333 / 1000.000000
Elapsed Time: 848.666667 / 1000.000000
Elapsed Time: 849.000000 / 1000.000000
Elapsed Time: 849.333333 / 1000.000000
Elapsed Time: 849.666667 / 1000.000000
Elapsed Time: 850.000000 / 1000.000000
Elapsed Time: 850.333333 / 1000.000000
Elapsed Time: 850.666667 / 1000.000000
Elapsed Time: 851.000000 / 1000.000000
Elapsed Time: 851.333333 / 1000.000000
Elapsed Time: 851.666667 / 1000.000000
Elapsed Time: 852.000000 / 1000.000000
Elapsed Time: 852.333333 / 1000.000000
Elapsed Time: 852.666667 / 1000.000000
Elapsed Time: 853.000000 / 1000.000000
Elapsed Time: 853.333333 / 1000.000000
Elapsed Time: 853.666667 / 1000.000000
Elapsed Time: 854.000000 / 1000.000000
Elapsed Time: 854.333333 / 1000.000000
Elapsed Time: 854.666667 / 1000.000000
Elapsed Time: 855.000000 / 1000.000000
Elapsed Time: 855.333333 / 1000.000000
Elapsed Time: 855.666667 / 1000.000000
Elapsed Time: 856.000000 / 1000.000000
Elapsed Time: 856.333333 / 1000.000000
Elapsed Time: 856.666667 / 1000.000000
Elapsed Time: 857.000000 / 1000.000000
Elapsed Time: 857.333333 / 1000.000000
Elapsed Time: 857.666667 / 1000.000000
Elapsed Time: 858.000000 / 1000.000000
Elapsed Time: 858.333333 / 1000.000000
Elapsed Time: 858.666667 / 1000.000000
Elapsed Time: 859.000000 / 1000.000000
Elapsed Time: 859.333333 / 1000.000000
Elapsed Time: 859.666667 / 1000.000000
Elapsed Time: 860.000000 / 1000.000000
Elapsed Time: 860.333333 / 1000.000000
Elapsed Time: 860.666667 / 1000.000000
Elapsed Time: 861.000000 / 1000.000000
Elapsed Time: 861.333333 / 1000.000000
Elapsed Time: 861.666667 / 1000.000000
Elapsed Time: 862.000000 / 1000.000000
Elapsed Time: 862.333333 / 1000.000000
Elapsed Time: 862.666667 / 1000.000000
Elapsed Time: 863.000000 / 1000.000000
Elapsed Time: 863.333333 / 1000.000000
Elapsed Time: 863.666667 / 1000.000000
Elapsed Time: 864.000000 / 1000.000000
Elapsed Time: 864.333333 / 1000.000000
Elapsed Time: 864.666667 / 1000.000000
Elapsed Time: 865.000000 / 1000.000000
Elapsed Time: 865.333333 / 1000.000000
Elapsed Time: 865.666667 / 1000.000000
Elapsed Time: 866.000000 / 1000.000000
Elapsed Time: 866.333333 / 1000.000000
Elapsed Time: 866.666667 / 1000.000000
Elapsed Time: 867.000000 / 1000.000000
Elapsed Time: 867.333333 / 1000.000000
Elapsed Time: 867.666667 / 1000.000000
Elapsed Time: 868.000000 / 1000.000000
Elapsed Time: 868.333333 / 1000.000000
Elapsed Time: 868.666667 / 1000.000000
Elapsed Time: 869.000000 / 1000.000000
Elapsed Time: 869.333333 / 1000.000000
Elapsed Time: 869.666667 / 1000.000000
Elapsed Time: 870.000000 / 1000.000000
Elapsed Time: 870.333333 / 1000.000000
Elapsed Time: 870.666667 / 1000.000000
Elapsed Time: 871.000000 / 1000.000000
Elapsed Time: 871.333333 / 1000.000000
Elapsed Time: 871.666667 / 1000.000000
Elapsed Time: 872.000000 / 1000.000000
Elapsed Time: 872.333333 / 1000.000000
Elapsed Time: 872.666667 / 1000.000000
Elapsed Time: 873.000000 / 1000.000000
Elapsed Time: 873.333333 / 1000.000000
Elapsed Time: 873.666667 / 1000.000000
Elapsed Time: 874.000000 / 1000.000000
Elapsed Time: 874.333333 / 1000.000000
Elapsed Time: 874.666667 / 1000.000000
Elapsed Time: 875.000000 / 1000.000000
Elapsed Time: 875.333333 / 1000.000000
Elapsed Time: 875.666667 / 1000.000000
Elapsed Time: 876.000000 / 1000.000000
Elapsed Time: 876.333333 / 1000.000000
Elapsed Time: 876.666667 / 1000.000000
Elapsed Time: 877.000000 / 1000.000000
Elapsed Time: 877.333333 / 1000.000000
Elapsed Time: 877.666667 / 1000.000000
Elapsed Time: 878.000000 / 1000.000000
Elapsed Time: 878.333333 / 1000.000000
Elapsed Time: 878.666667 / 1000.000000
Elapsed Time: 879.000000 / 1000.000000
Elapsed Time: 879.333333 / 1000.000000
Elapsed Time: 879.666667 / 1000.000000
Elapsed Time: 880.000000 / 1000.000000
Elapsed Time: 880.333333 / 1000.000000
Elapsed Time: 880.666667 / 1000.000000
Elapsed Time: 881.000000 / 1000.000000
Elapsed Time: 881.333333 / 1000.000000
Elapsed Time: 881.666667 / 1000.000000
Elapsed Time: 882.000000 / 1000.000000
Elapsed Time: 882.333333 / 1000.000000
Elapsed Time: 882.666667 / 1000.000000
Elapsed Time: 883.000000 / 1000.000000
Elapsed Time: 883.333333 / 1000.000000
Elapsed Time: 883.666667 / 1000.000000
Elapsed Time: 884.000000 / 1000.000000
Elapsed Time: 884.333333 / 1000.000000
Elapsed Time: 884.666667 / 1000.000000
Elapsed Time: 885.000000 / 1000.000000
Elapsed Time: 885.333333 / 1000.000000
Elapsed Time: 885.666667 / 1000.000000
Elapsed Time: 886.000000 / 1000.000000
Elapsed Time: 886.333333 / 1000.000000
Elapsed Time: 886.666667 / 1000.000000
Elapsed Time: 887.000000 / 1000.000000
Elapsed Time: 887.333333 / 1000.000000
Elapsed Time: 887.666667 / 1000.000000
Elapsed Time: 888.000000 / 1000.000000
Elapsed Time: 888.333333 / 1000.000000
Elapsed Time: 888.666667 / 1000.000000
Elapsed Time: 889.000000 / 1000.000000
Elapsed Time: 889.333333 / 1000.000000
Elapsed Time: 889.666667 / 1000.000000
Elapsed Time: 890.000000 / 1000.000000
Elapsed Time: 890.333333 / 1000.000000
Elapsed Time: 890.666667 / 1000.000000
Elapsed Time: 891.000000 / 1000.000000
Elapsed Time: 891.333333 / 1000.000000
Elapsed Time: 891.666667 / 1000.000000
Elapsed Time: 892.000000 / 1000.000000
Elapsed Time: 892.333333 / 1000.000000
Elapsed Time: 892.666667 / 1000.000000
Elapsed Time: 893.000000 / 1000.000000
Elapsed Time: 893.333333 / 1000.000000
Elapsed Time: 893.666667 / 1000.000000
Elapsed Time: 894.000000 / 1000.000000
Elapsed Time: 894.333333 / 1000.000000
Elapsed Time: 894.666667 / 1000.000000
Elapsed Time: 895.000000 / 1000.000000
Elapsed Time: 895.333333 / 1000.000000
Elapsed Time: 895.666667 / 1000.000000
Elapsed Time: 896.000000 / 1000.000000
Elapsed Time: 896.333333 / 1000.000000
Elapsed Time: 896.666667 / 1000.000000
Elapsed Time: 897.000000 / 1000.000000
Elapsed Time: 897.333333 / 1000.000000
Elapsed Time: 897.666667 / 1000.000000
Elapsed Time: 898.000000 / 1000.000000
Elapsed Time: 898.333333 / 1000.000000
Elapsed Time: 898.666667 / 1000.000000
Elapsed Time: 899.000000 / 1000.000000
Elapsed Time: 899.333333 / 1000.000000
Elapsed Time: 899.666667 / 1000.000000
Elapsed Time: 900.000000 / 1000.000000
Elapsed Time: 900.333333 / 1000.000000
Elapsed Time: 900.666667 / 1000.000000
Elapsed Time: 901.000000 / 1000.000000
Elapsed Time: 901.333333 / 1000.000000
Elapsed Time: 901.666667 / 1000.000000
Elapsed Time: 902.000000 / 1000.000000
Elapsed Time: 902.333333 / 1000.000000
Elapsed Time: 902.666667 / 1000.000000
Elapsed Time: 903.000000 / 1000.000000
Elapsed Time: 903.333333 / 1000.000000
Elapsed Time: 903.666667 / 1000.000000
Elapsed Time: 904.000000 / 1000.000000
Elapsed Time: 904.333333 / 1000.000000
Elapsed Time: 904.666667 / 1000.000000
Elapsed Time: 905.000000 / 1000.000000
Elapsed Time: 905.333333 / 1000.000000
Elapsed Time: 905.666667 / 1000.000000
Elapsed Time: 906.000000 / 1000.000000
Elapsed Time: 906.333333 / 1000.000000
Elapsed Time: 906.666667 / 1000.000000
Elapsed Time: 907.000000 / 1000.000000
Elapsed Time: 907.333333 / 1000.000000
Elapsed Time: 907.666667 / 1000.000000
Elapsed Time: 908.000000 / 1000.000000
Elapsed Time: 908.333333 / 1000.000000
Elapsed Time: 908.666667 / 1000.000000
Elapsed Time: 909.000000 / 1000.000000
Elapsed Time: 909.333333 / 1000.000000
Elapsed Time: 909.666667 / 1000.000000
Elapsed Time: 910.000000 / 1000.000000
Elapsed Time: 910.333333 / 1000.000000
Elapsed Time: 910.666667 / 1000.000000
Elapsed Time: 911.000000 / 1000.000000
Elapsed Time: 911.333333 / 1000.000000
Elapsed Time: 911.666667 / 1000.000000
Elapsed Time: 912.000000 / 1000.000000
Elapsed Time: 912.333333 / 1000.000000
Elapsed Time: 912.666667 / 1000.000000
Elapsed Time: 913.000000 / 1000.000000
Elapsed Time: 913.333333 / 1000.000000
Elapsed Time: 913.666667 / 1000.000000
Elapsed Time: 914.000000 / 1000.000000
Elapsed Time: 914.333333 / 1000.000000
Elapsed Time: 914.666667 / 1000.000000
Elapsed Time: 915.000000 / 1000.000000
Elapsed Time: 915.333333 / 1000.000000
Elapsed Time: 915.666667 / 1000.000000
Elapsed Time: 916.000000 / 1000.000000
Elapsed Time: 916.333333 / 1000.000000
Elapsed Time: 916.666667 / 1000.000000
Elapsed Time: 917.000000 / 1000.000000
Elapsed Time: 917.333333 / 1000.000000
Elapsed Time: 917.666667 / 1000.000000
Elapsed Time: 918.000000 / 1000.000000
Elapsed Time: 918.333333 / 1000.000000
Elapsed Time: 918.666667 / 1000.000000
Elapsed Time: 919.000000 / 1000.000000
Elapsed Time: 919.333333 / 1000.000000
Elapsed Time: 919.666667 / 1000.000000
Elapsed Time: 920.000000 / 1000.000000
Elapsed Time: 920.333333 / 1000.000000
Elapsed Time: 920.666667 / 1000.000000
Elapsed Time: 921.000000 / 1000.000000
Elapsed Time: 921.333333 / 1000.000000
Elapsed Time: 921.666667 / 1000.000000
Elapsed Time: 922.000000 / 1000.000000
Elapsed Time: 922.333333 / 1000.000000
Elapsed Time: 922.666667 / 1000.000000
Elapsed Time: 923.000000 / 1000.000000
Elapsed Time: 923.333333 / 1000.000000
Elapsed Time: 923.666667 / 1000.000000
Elapsed Time: 924.000000 / 1000.000000
Elapsed Time: 924.333333 / 1000.000000
Elapsed Time: 924.666667 / 1000.000000
Elapsed Time: 925.000000 / 1000.000000
Elapsed Time: 925.333333 / 1000.000000
Elapsed Time: 925.666667 / 1000.000000
Elapsed Time: 926.000000 / 1000.000000
Elapsed Time: 926.333333 / 1000.000000
Elapsed Time: 926.666667 / 1000.000000
Elapsed Time: 927.000000 / 1000.000000
Elapsed Time: 927.333333 / 1000.000000
Elapsed Time: 927.666667 / 1000.000000
Elapsed Time: 928.000000 / 1000.000000
Elapsed Time: 928.333333 / 1000.000000
Elapsed Time: 928.666667 / 1000.000000
Elapsed Time: 929.000000 / 1000.000000
Elapsed Time: 929.333333 / 1000.000000
Elapsed Time: 929.666667 / 1000.000000
Elapsed Time: 930.000000 / 1000.000000
Elapsed Time: 930.333333 / 1000.000000
Elapsed Time: 930.666667 / 1000.000000
Elapsed Time: 931.000000 / 1000.000000
Elapsed Time: 931.333333 / 1000.000000
Elapsed Time: 931.666667 / 1000.000000
Elapsed Time: 932.000000 / 1000.000000
Elapsed Time: 932.333333 / 1000.000000
Elapsed Time: 932.666667 / 1000.000000
Elapsed Time: 933.000000 / 1000.000000
Elapsed Time: 933.333333 / 1000.000000
Elapsed Time: 933.666667 / 1000.000000
Elapsed Time: 934.000000 / 1000.000000
Elapsed Time: 934.333333 / 1000.000000
Elapsed Time: 934.666667 / 1000.000000
Elapsed Time: 935.000000 / 1000.000000
Elapsed Time: 935.333333 / 1000.000000
Elapsed Time: 935.666667 / 1000.000000
Elapsed Time: 936.000000 / 1000.000000
Elapsed Time: 936.333333 / 1000.000000
Elapsed Time: 936.666667 / 1000.000000
Elapsed Time: 937.000000 / 1000.000000
Elapsed Time: 937.333333 / 1000.000000
Elapsed Time: 937.666667 / 1000.000000
Elapsed Time: 938.000000 / 1000.000000
Elapsed Time: 938.333333 / 1000.000000
Elapsed Time: 938.666667 / 1000.000000
Elapsed Time: 939.000000 / 1000.000000
Elapsed Time: 939.333333 / 1000.000000
Elapsed Time: 939.666667 / 1000.000000
Elapsed Time: 940.000000 / 1000.000000
Elapsed Time: 940.333333 / 1000.000000
Elapsed Time: 940.666667 / 1000.000000
Elapsed Time: 941.000000 / 1000.000000
Elapsed Time: 941.333333 / 1000.000000
Elapsed Time: 941.666667 / 1000.000000
Elapsed Time: 942.000000 / 1000.000000
Elapsed Time: 942.333333 / 1000.000000
Elapsed Time: 942.666667 / 1000.000000
Elapsed Time: 943.000000 / 1000.000000
Elapsed Time: 943.333333 / 1000.000000
Elapsed Time: 943.666667 / 1000.000000
Elapsed Time: 944.000000 / 1000.000000
Elapsed Time: 944.333333 / 1000.000000
Elapsed Time: 944.666667 / 1000.000000
Elapsed Time: 945.000000 / 1000.000000
Elapsed Time: 945.333333 / 1000.000000
Elapsed Time: 945.666667 / 1000.000000
Elapsed Time: 946.000000 / 1000.000000
Elapsed Time: 946.333333 / 1000.000000
Elapsed Time: 946.666667 / 1000.000000
Elapsed Time: 947.000000 / 1000.000000
Elapsed Time: 947.333333 / 1000.000000
Elapsed Time: 947.666667 / 1000.000000
Elapsed Time: 948.000000 / 1000.000000
Elapsed Time: 948.333333 / 1000.000000
Elapsed Time: 948.666667 / 1000.000000
Elapsed Time: 949.000000 / 1000.000000
Elapsed Time: 949.333333 / 1000.000000
Elapsed Time: 949.666667 / 1000.000000
Elapsed Time: 950.000000 / 1000.000000
Elapsed Time: 950.333333 / 1000.000000
Elapsed Time: 950.666667 / 1000.000000
Elapsed Time: 951.000000 / 1000.000000
Elapsed Time: 951.333333 / 1000.000000
Elapsed Time: 951.666667 / 1000.000000
Elapsed Time: 952.000000 / 1000.000000
Elapsed Time: 952.333333 / 1000.000000
Elapsed Time: 952.666667 / 1000.000000
Elapsed Time: 953.000000 / 1000.000000
Elapsed Time: 953.333333 / 1000.000000
Elapsed Time: 953.666667 / 1000.000000
Elapsed Time: 954.000000 / 1000.000000
Elapsed Time: 954.333333 / 1000.000000
Elapsed Time: 954.666667 / 1000.000000
Elapsed Time: 955.000000 / 1000.000000
Elapsed Time: 955.333333 / 1000.000000
Elapsed Time: 955.666667 / 1000.000000
Elapsed Time: 956.000000 / 1000.000000
Elapsed Time: 956.333333 / 1000.000000
Elapsed Time: 956.666667 / 1000.000000
Elapsed Time: 957.000000 / 1000.000000
Elapsed Time: 957.333333 / 1000.000000
Elapsed Time: 957.666667 / 1000.000000
Elapsed Time: 958.000000 / 1000.000000
Elapsed Time: 958.333333 / 1000.000000
Elapsed Time: 958.666667 / 1000.000000
Elapsed Time: 959.000000 / 1000.000000
Elapsed Time: 959.333333 / 1000.000000
Elapsed Time: 959.666667 / 1000.000000
Elapsed Time: 960.000000 / 1000.000000
Elapsed Time: 960.333333 / 1000.000000
Elapsed Time: 960.666667 / 1000.000000
Elapsed Time: 961.000000 / 1000.000000
Elapsed Time: 961.333333 / 1000.000000
Elapsed Time: 961.666667 / 1000.000000
Elapsed Time: 962.000000 / 1000.000000
Elapsed Time: 962.333333 / 1000.000000
Elapsed Time: 962.666667 / 1000.000000
Elapsed Time: 963.000000 / 1000.000000
Elapsed Time: 963.333333 / 1000.000000
Elapsed Time: 963.666667 / 1000.000000
Elapsed Time: 964.000000 / 1000.000000
Elapsed Time: 964.333333 / 1000.000000
Elapsed Time: 964.666667 / 1000.000000
Elapsed Time: 965.000000 / 1000.000000
Elapsed Time: 965.333333 / 1000.000000
Elapsed Time: 965.666667 / 1000.000000
Elapsed Time: 966.000000 / 1000.000000
Elapsed Time: 966.333333 / 1000.000000
Elapsed Time: 966.666667 / 1000.000000
Elapsed Time: 967.000000 / 1000.000000
Elapsed Time: 967.333333 / 1000.000000
Elapsed Time: 967.666667 / 1000.000000
Elapsed Time: 968.000000 / 1000.000000
Elapsed Time: 968.333333 / 1000.000000
Elapsed Time: 968.666667 / 1000.000000
Elapsed Time: 969.000000 / 1000.000000
Elapsed Time: 969.333333 / 1000.000000
Elapsed Time: 969.666667 / 1000.000000
Elapsed Time: 970.000000 / 1000.000000
Elapsed Time: 970.333333 / 1000.000000
Elapsed Time: 970.666667 / 1000.000000
Elapsed Time: 971.000000 / 1000.000000
Elapsed Time: 971.333333 / 1000.000000
Elapsed Time: 971.666667 / 1000.000000
Elapsed Time: 972.000000 / 1000.000000
Elapsed Time: 972.333333 / 1000.000000
Elapsed Time: 972.666667 / 1000.000000
Elapsed Time: 973.000000 / 1000.000000
Elapsed Time: 973.333333 / 1000.000000
Elapsed Time: 973.666667 / 1000.000000
Elapsed Time: 974.000000 / 1000.000000
Elapsed Time: 974.333333 / 1000.000000
Elapsed Time: 974.666667 / 1000.000000
Elapsed Time: 975.000000 / 1000.000000
Elapsed Time: 975.333333 / 1000.000000
Elapsed Time: 975.666667 / 1000.000000
Elapsed Time: 976.000000 / 1000.000000
Elapsed Time: 976.333333 / 1000.000000
Elapsed Time: 976.666667 / 1000.000000
Elapsed Time: 977.000000 / 1000.000000
Elapsed Time: 977.333333 / 1000.000000
Elapsed Time: 977.666667 / 1000.000000
Elapsed Time: 978.000000 / 1000.000000
Elapsed Time: 978.333333 / 1000.000000
Elapsed Time: 978.666667 / 1000.000000
Elapsed Time: 979.000000 / 1000.000000
Elapsed Time: 979.333333 / 1000.000000
Elapsed Time: 979.666667 / 1000.000000
Elapsed Time: 980.000000 / 1000.000000
Elapsed Time: 980.333333 / 1000.000000
Elapsed Time: 980.666667 / 1000.000000
Elapsed Time: 981.000000 / 1000.000000
Elapsed Time: 981.333333 / 1000.000000
Elapsed Time: 981.666667 / 1000.000000
Elapsed Time: 982.000000 / 1000.000000
Elapsed Time: 982.333333 / 1000.000000
Elapsed Time: 982.666667 / 1000.000000
Elapsed Time: 983.000000 / 1000.000000
Elapsed Time: 983.333333 / 1000.000000
Elapsed Time: 983.666667 / 1000.000000
Elapsed Time: 984.000000 / 1000.000000
Elapsed Time: 984.333333 / 1000.000000
Elapsed Time: 984.666667 / 1000.000000
Elapsed Time: 985.000000 / 1000.000000
Elapsed Time: 985.333333 / 1000.000000
Elapsed Time: 985.666667 / 1000.000000
Elapsed Time: 986.000000 / 1000.000000
Elapsed Time: 986.333333 / 1000.000000
Elapsed Time: 986.666667 / 1000.000000
Elapsed Time: 987.000000 / 1000.000000
Elapsed Time: 987.333333 / 1000.000000
Elapsed Time: 987.666667 / 1000.000000
Elapsed Time: 988.000000 / 1000.000000
Elapsed Time: 988.333333 / 1000.000000
Elapsed Time: 988.666667 / 1000.000000
Elapsed Time: 989.000000 / 1000.000000
Elapsed Time: 989.333333 / 1000.000000
Elapsed Time: 989.666667 / 1000.000000
Elapsed Time: 990.000000 / 1000.000000
Elapsed Time: 990.333333 / 1000.000000
Elapsed Time: 990.666667 / 1000.000000
Elapsed Time: 991.000000 / 1000.000000
Elapsed Time: 991.333333 / 1000.000000
Elapsed Time: 991.666667 / 1000.000000
Elapsed Time: 992.000000 / 1000.000000
Elapsed Time: 992.333333 / 1000.000000
Elapsed Time: 992.666667 / 1000.000000
Elapsed Time: 993.000000 / 1000.000000
Elapsed Time: 993.333333 / 1000.000000
Elapsed Time: 993.666667 / 1000.000000
Elapsed Time: 994.000000 / 1000.000000
Elapsed Time: 994.333333 / 1000.000000
Elapsed Time: 994.666667 / 1000.000000
Elapsed Time: 995.000000 / 1000.000000
Elapsed Time: 995.333333 / 1000.000000
Elapsed Time: 995.666667 / 1000.000000
Elapsed Time: 996.000000 / 1000.000000
Elapsed Time: 996.333333 / 1000.000000
Elapsed Time: 996.666667 / 1000.000000
Elapsed Time: 997.000000 / 1000.000000
Elapsed Time: 997.333333 / 1000.000000
Elapsed Time: 997.666667 / 1000.000000
Elapsed Time: 998.000000 / 1000.000000
Elapsed Time: 998.333333 / 1000.000000
Elapsed Time: 998.666667 / 1000.000000
Elapsed Time: 999.000000 / 1000.000000
Elapsed Time: 999.333333 / 1000.000000
Elapsed Time: 999.666667 / 1000.000000
*** OUTPUT ***
CPU Time: 4.40512 sec
d_mass: 2.129056e-14
d_te:   4.152279e-04
