make[1]: Entering directory '/lustrefs/disk/project/pv915002-hpcign/wdiazcar/real-benchmarks-20260926/results/mitgcm-6340335/build-p1'
if [ ! -L chksum_tiled.F ]; then ln -s /project/pv915002-hpcign/wdiazcar/real-benchmarks-20260926/sources/MITgcm/pkg/debug/chksum_tiled.F chksum_tiled.F; fi
if [ ! -L debug_call.F ]; then ln -s /project/pv915002-hpcign/wdiazcar/real-benchmarks-20260926/sources/MITgcm/pkg/debug/debug_call.F debug_call.F; fi
if [ ! -L debug_cs_corner_uv.F ]; then ln -s /project/pv915002-hpcign/wdiazcar/real-benchmarks-20260926/sources/MITgcm/pkg/debug/debug_cs_corner_uv.F debug_cs_corner_uv.F; fi
if [ ! -L debug_enter.F ]; then ln -s /project/pv915002-hpcign/wdiazcar/real-benchmarks-20260926/sources/MITgcm/pkg/debug/debug_enter.F debug_enter.F; fi
if [ ! -L debug_fld_stats_rl.F ]; then ln -s /project/pv915002-hpcign/wdiazcar/real-benchmarks-20260926/sources/MITgcm/pkg/debug/debug_fld_stats_rl.F debug_fld_stats_rl.F; fi
if [ ! -L debug_fld_stats_rs.F ]; then ln -s /project/pv915002-hpcign/wdiazcar/real-benchmarks-20260926/sources/MITgcm/pkg/debug/debug_fld_stats_rs.F debug_fld_stats_rs.F; fi
if [ ! -L debug_leave.F ]; then ln -s /project/pv915002-hpcign/wdiazcar/real-benchmarks-20260926/sources/MITgcm/pkg/debug/debug_leave.F debug_leave.F; fi
if [ ! -L debug_msg.F ]; then ln -s /project/pv915002-hpcign/wdiazcar/real-benchmarks-20260926/sources/MITgcm/pkg/debug/debug_msg.F debug_msg.F; fi
if [ ! -L debug_stats_rl.F ]; then ln -s /project/pv915002-hpcign/wdiazcar/real-benchmarks-20260926/sources/MITgcm/pkg/debug/debug_stats_rl.F debug_stats_rl.F; fi
if [ ! -L debug_stats_rs.F ]; then ln -s /project/pv915002-hpcign/wdiazcar/real-benchmarks-20260926/sources/MITgcm/pkg/debug/debug_stats_rs.F debug_stats_rs.F; fi
if [ ! -L fill_in_corners_rl.F ]; then ln -s /project/pv915002-hpcign/wdiazcar/real-benchmarks-20260926/sources/MITgcm/pkg/debug/fill_in_corners_rl.F fill_in_corners_rl.F; fi
if [ ! -L write_fullarray_rl.F ]; then ln -s /project/pv915002-hpcign/wdiazcar/real-benchmarks-20260926/sources/MITgcm/pkg/debug/write_fullarray_rl.F write_fullarray_rl.F; fi
if [ ! -L write_fullarray_rs.F ]; then ln -s /project/pv915002-hpcign/wdiazcar/real-benchmarks-20260926/sources/MITgcm/pkg/debug/write_fullarray_rs.F write_fullarray_rs.F; fi
if [ ! -L diag_calc_psivel.F ]; then ln -s /project/pv915002-hpcign/wdiazcar/real-benchmarks-20260926/sources/MITgcm/pkg/diagnostics/diag_calc_psivel.F diag_calc_psivel.F; fi
if [ ! -L diag_cg2d.F ]; then ln -s /project/pv915002-hpcign/wdiazcar/real-benchmarks-20260926/sources/MITgcm/pkg/diagnostics/diag_cg2d.F diag_cg2d.F; fi
if [ ! -L diag_vegtile_fill.F ]; then ln -s /project/pv915002-hpcign/wdiazcar/real-benchmarks-20260926/sources/MITgcm/pkg/diagnostics/diag_vegtile_fill.F diag_vegtile_fill.F; fi
if [ ! -L diagnostics_addtolist.F ]; then ln -s /project/pv915002-hpcign/wdiazcar/real-benchmarks-20260926/sources/MITgcm/pkg/diagnostics/diagnostics_addtolist.F diagnostics_addtolist.F; fi
if [ ! -L diagnostics_calc_phivel.F ]; then ln -s /project/pv915002-hpcign/wdiazcar/real-benchmarks-20260926/sources/MITgcm/pkg/diagnostics/diagnostics_calc_phivel.F diagnostics_calc_phivel.F; fi
if [ ! -L diagnostics_check.F ]; then ln -s /project/pv915002-hpcign/wdiazcar/real-benchmarks-20260926/sources/MITgcm/pkg/diagnostics/diagnostics_check.F diagnostics_check.F; fi
if [ ! -L diagnostics_clear.F ]; then ln -s /project/pv915002-hpcign/wdiazcar/real-benchmarks-20260926/sources/MITgcm/pkg/diagnostics/diagnostics_clear.F diagnostics_clear.F; fi
if [ ! -L diagnostics_fill.F ]; then ln -s /project/pv915002-hpcign/wdiazcar/real-benchmarks-20260926/sources/MITgcm/pkg/diagnostics/diagnostics_fill.F diagnostics_fill.F; fi
if [ ! -L diagnostics_fill_field.F ]; then ln -s /project/pv915002-hpcign/wdiazcar/real-benchmarks-20260926/sources/MITgcm/pkg/diagnostics/diagnostics_fill_field.F diagnostics_fill_field.F; fi
if [ ! -L diagnostics_fill_rs.F ]; then ln -s /project/pv915002-hpcign/wdiazcar/real-benchmarks-20260926/sources/MITgcm/pkg/diagnostics/diagnostics_fill_rs.F diagnostics_fill_rs.F; fi
if [ ! -L diagnostics_fill_state.F ]; then ln -s /project/pv915002-hpcign/wdiazcar/real-benchmarks-20260926/sources/MITgcm/pkg/diagnostics/diagnostics_fill_state.F diagnostics_fill_state.F; fi
if [ ! -L diagnostics_fract_fill.F ]; then ln -s /project/pv915002-hpcign/wdiazcar/real-benchmarks-20260926/sources/MITgcm/pkg/diagnostics/diagnostics_fract_fill.F diagnostics_fract_fill.F; fi
if [ ! -L diagnostics_ini_io.F ]; then ln -s /project/pv915002-hpcign/wdiazcar/real-benchmarks-20260926/sources/MITgcm/pkg/diagnostics/diagnostics_ini_io.F diagnostics_ini_io.F; fi
if [ ! -L diagnostics_init_early.F ]; then ln -s /project/pv915002-hpcign/wdiazcar/real-benchmarks-20260926/sources/MITgcm/pkg/diagnostics/diagnostics_init_early.F diagnostics_init_early.F; fi
if [ ! -L diagnostics_init_fixed.F ]; then ln -s /project/pv915002-hpcign/wdiazcar/real-benchmarks-20260926/sources/MITgcm/pkg/diagnostics/diagnostics_init_fixed.F diagnostics_init_fixed.F; fi
if [ ! -L diagnostics_init_varia.F ]; then ln -s /project/pv915002-hpcign/wdiazcar/real-benchmarks-20260926/sources/MITgcm/pkg/diagnostics/diagnostics_init_varia.F diagnostics_init_varia.F; fi
if [ ! -L diagnostics_interp_p2p.F ]; then ln -s /project/pv915002-hpcign/wdiazcar/real-benchmarks-20260926/sources/MITgcm/pkg/diagnostics/diagnostics_interp_p2p.F diagnostics_interp_p2p.F; fi
if [ ! -L diagnostics_interp_vert.F ]; then ln -s /project/pv915002-hpcign/wdiazcar/real-benchmarks-20260926/sources/MITgcm/pkg/diagnostics/diagnostics_interp_vert.F diagnostics_interp_vert.F; fi
if [ ! -L diagnostics_is_on.F ]; then ln -s /project/pv915002-hpcign/wdiazcar/real-benchmarks-20260926/sources/MITgcm/pkg/diagnostics/diagnostics_is_on.F diagnostics_is_on.F; fi
if [ ! -L diagnostics_list_check.F ]; then ln -s /project/pv915002-hpcign/wdiazcar/real-benchmarks-20260926/sources/MITgcm/pkg/diagnostics/diagnostics_list_check.F diagnostics_list_check.F; fi
if [ ! -L diagnostics_main_init.F ]; then ln -s /project/pv915002-hpcign/wdiazcar/real-benchmarks-20260926/sources/MITgcm/pkg/diagnostics/diagnostics_main_init.F diagnostics_main_init.F; fi
if [ ! -L diagnostics_mnc_out.F ]; then ln -s /project/pv915002-hpcign/wdiazcar/real-benchmarks-20260926/sources/MITgcm/pkg/diagnostics/diagnostics_mnc_out.F diagnostics_mnc_out.F; fi
if [ ! -L diagnostics_out.F ]; then ln -s /project/pv915002-hpcign/wdiazcar/real-benchmarks-20260926/sources/MITgcm/pkg/diagnostics/diagnostics_out.F diagnostics_out.F; fi
if [ ! -L diagnostics_read_pickup.F ]; then ln -s /project/pv915002-hpcign/wdiazcar/real-benchmarks-20260926/sources/MITgcm/pkg/diagnostics/diagnostics_read_pickup.F diagnostics_read_pickup.F; fi
if [ ! -L diagnostics_readparms.F ]; then ln -s /project/pv915002-hpcign/wdiazcar/real-benchmarks-20260926/sources/MITgcm/pkg/diagnostics/diagnostics_readparms.F diagnostics_readparms.F; fi
if [ ! -L diagnostics_scale_fill.F ]; then ln -s /project/pv915002-hpcign/wdiazcar/real-benchmarks-20260926/sources/MITgcm/pkg/diagnostics/diagnostics_scale_fill.F diagnostics_scale_fill.F; fi
if [ ! -L diagnostics_scale_fill_rs.F ]; then ln -s /project/pv915002-hpcign/wdiazcar/real-benchmarks-20260926/sources/MITgcm/pkg/diagnostics/diagnostics_scale_fill_rs.F diagnostics_scale_fill_rs.F; fi
if [ ! -L diagnostics_set_calc.F ]; then ln -s /project/pv915002-hpcign/wdiazcar/real-benchmarks-20260926/sources/MITgcm/pkg/diagnostics/diagnostics_set_calc.F diagnostics_set_calc.F; fi
if [ ! -L diagnostics_set_levels.F ]; then ln -s /project/pv915002-hpcign/wdiazcar/real-benchmarks-20260926/sources/MITgcm/pkg/diagnostics/diagnostics_set_levels.F diagnostics_set_levels.F; fi
if [ ! -L diagnostics_set_pointers.F ]; then ln -s /project/pv915002-hpcign/wdiazcar/real-benchmarks-20260926/sources/MITgcm/pkg/diagnostics/diagnostics_set_pointers.F diagnostics_set_pointers.F; fi
if [ ! -L diagnostics_setdiag.F ]; then ln -s /project/pv915002-hpcign/wdiazcar/real-benchmarks-20260926/sources/MITgcm/pkg/diagnostics/diagnostics_setdiag.F diagnostics_setdiag.F; fi
if [ ! -L diagnostics_status_error.F ]; then ln -s /project/pv915002-hpcign/wdiazcar/real-benchmarks-20260926/sources/MITgcm/pkg/diagnostics/diagnostics_status_error.F diagnostics_status_error.F; fi
if [ ! -L diagnostics_sum_levels.F ]; then ln -s /project/pv915002-hpcign/wdiazcar/real-benchmarks-20260926/sources/MITgcm/pkg/diagnostics/diagnostics_sum_levels.F diagnostics_sum_levels.F; fi
if [ ! -L diagnostics_summary.F ]; then ln -s /project/pv915002-hpcign/wdiazcar/real-benchmarks-20260926/sources/MITgcm/pkg/diagnostics/diagnostics_summary.F diagnostics_summary.F; fi
if [ ! -L diagnostics_switch_onoff.F ]; then ln -s /project/pv915002-hpcign/wdiazcar/real-benchmarks-20260926/sources/MITgcm/pkg/diagnostics/diagnostics_switch_onoff.F diagnostics_switch_onoff.F; fi
if [ ! -L diagnostics_utils.F ]; then ln -s /project/pv915002-hpcign/wdiazcar/real-benchmarks-20260926/sources/MITgcm/pkg/diagnostics/diagnostics_utils.F diagnostics_utils.F; fi
if [ ! -L diagnostics_write.F ]; then ln -s /project/pv915002-hpcign/wdiazcar/real-benchmarks-20260926/sources/MITgcm/pkg/diagnostics/diagnostics_write.F diagnostics_write.F; fi
if [ ! -L diagnostics_write_adj.F ]; then ln -s /project/pv915002-hpcign/wdiazcar/real-benchmarks-20260926/sources/MITgcm/pkg/diagnostics/diagnostics_write_adj.F diagnostics_write_adj.F; fi
if [ ! -L diagnostics_write_pickup.F ]; then ln -s /project/pv915002-hpcign/wdiazcar/real-benchmarks-20260926/sources/MITgcm/pkg/diagnostics/diagnostics_write_pickup.F diagnostics_write_pickup.F; fi
if [ ! -L diagstats_ascii_out.F ]; then ln -s /project/pv915002-hpcign/wdiazcar/real-benchmarks-20260926/sources/MITgcm/pkg/diagnostics/diagstats_ascii_out.F diagstats_ascii_out.F; fi
if [ ! -L diagstats_calc.F ]; then ln -s /project/pv915002-hpcign/wdiazcar/real-benchmarks-20260926/sources/MITgcm/pkg/diagnostics/diagstats_calc.F diagstats_calc.F; fi
if [ ! -L diagstats_clear.F ]; then ln -s /project/pv915002-hpcign/wdiazcar/real-benchmarks-20260926/sources/MITgcm/pkg/diagnostics/diagstats_clear.F diagstats_clear.F; fi
if [ ! -L diagstats_close_io.F ]; then ln -s /project/pv915002-hpcign/wdiazcar/real-benchmarks-20260926/sources/MITgcm/pkg/diagnostics/diagstats_close_io.F diagstats_close_io.F; fi
if [ ! -L diagstats_fill.F ]; then ln -s /project/pv915002-hpcign/wdiazcar/real-benchmarks-20260926/sources/MITgcm/pkg/diagnostics/diagstats_fill.F diagstats_fill.F; fi
if [ ! -L diagstats_global.F ]; then ln -s /project/pv915002-hpcign/wdiazcar/real-benchmarks-20260926/sources/MITgcm/pkg/diagnostics/diagstats_global.F diagstats_global.F; fi
if [ ! -L diagstats_ini_io.F ]; then ln -s /project/pv915002-hpcign/wdiazcar/real-benchmarks-20260926/sources/MITgcm/pkg/diagnostics/diagstats_ini_io.F diagstats_ini_io.F; fi
if [ ! -L diagstats_local.F ]; then ln -s /project/pv915002-hpcign/wdiazcar/real-benchmarks-20260926/sources/MITgcm/pkg/diagnostics/diagstats_local.F diagstats_local.F; fi
if [ ! -L diagstats_mnc_out.F ]; then ln -s /project/pv915002-hpcign/wdiazcar/real-benchmarks-20260926/sources/MITgcm/pkg/diagnostics/diagstats_mnc_out.F diagstats_mnc_out.F; fi
if [ ! -L diagstats_others_calc.F ]; then ln -s /project/pv915002-hpcign/wdiazcar/real-benchmarks-20260926/sources/MITgcm/pkg/diagnostics/diagstats_others_calc.F diagstats_others_calc.F; fi
if [ ! -L diagstats_output.F ]; then ln -s /project/pv915002-hpcign/wdiazcar/real-benchmarks-20260926/sources/MITgcm/pkg/diagnostics/diagstats_output.F diagstats_output.F; fi
if [ ! -L diagstats_set_pointers.F ]; then ln -s /project/pv915002-hpcign/wdiazcar/real-benchmarks-20260926/sources/MITgcm/pkg/diagnostics/diagstats_set_pointers.F diagstats_set_pointers.F; fi
if [ ! -L diagstats_set_regions.F ]; then ln -s /project/pv915002-hpcign/wdiazcar/real-benchmarks-20260926/sources/MITgcm/pkg/diagnostics/diagstats_set_regions.F diagstats_set_regions.F; fi
if [ ! -L diagstats_setdiag.F ]; then ln -s /project/pv915002-hpcign/wdiazcar/real-benchmarks-20260926/sources/MITgcm/pkg/diagnostics/diagstats_setdiag.F diagstats_setdiag.F; fi
if [ ! -L gad_advection.F ]; then ln -s /project/pv915002-hpcign/wdiazcar/real-benchmarks-20260926/sources/MITgcm/pkg/generic_advdiff/gad_advection.F gad_advection.F; fi
if [ ! -L gad_advscheme.F ]; then ln -s /project/pv915002-hpcign/wdiazcar/real-benchmarks-20260926/sources/MITgcm/pkg/generic_advdiff/gad_advscheme.F gad_advscheme.F; fi
if [ ! -L gad_biharm_r.F ]; then ln -s /project/pv915002-hpcign/wdiazcar/real-benchmarks-20260926/sources/MITgcm/pkg/generic_advdiff/gad_biharm_r.F gad_biharm_r.F; fi
if [ ! -L gad_biharm_x.F ]; then ln -s /project/pv915002-hpcign/wdiazcar/real-benchmarks-20260926/sources/MITgcm/pkg/generic_advdiff/gad_biharm_x.F gad_biharm_x.F; fi
if [ ! -L gad_biharm_y.F ]; then ln -s /project/pv915002-hpcign/wdiazcar/real-benchmarks-20260926/sources/MITgcm/pkg/generic_advdiff/gad_biharm_y.F gad_biharm_y.F; fi
if [ ! -L gad_c2_adv_r.F ]; then ln -s /project/pv915002-hpcign/wdiazcar/real-benchmarks-20260926/sources/MITgcm/pkg/generic_advdiff/gad_c2_adv_r.F gad_c2_adv_r.F; fi
if [ ! -L gad_c2_adv_x.F ]; then ln -s /project/pv915002-hpcign/wdiazcar/real-benchmarks-20260926/sources/MITgcm/pkg/generic_advdiff/gad_c2_adv_x.F gad_c2_adv_x.F; fi
if [ ! -L gad_c2_adv_y.F ]; then ln -s /project/pv915002-hpcign/wdiazcar/real-benchmarks-20260926/sources/MITgcm/pkg/generic_advdiff/gad_c2_adv_y.F gad_c2_adv_y.F; fi
if [ ! -L gad_c2_impl_r.F ]; then ln -s /project/pv915002-hpcign/wdiazcar/real-benchmarks-20260926/sources/MITgcm/pkg/generic_advdiff/gad_c2_impl_r.F gad_c2_impl_r.F; fi
if [ ! -L gad_c4_adv_r.F ]; then ln -s /project/pv915002-hpcign/wdiazcar/real-benchmarks-20260926/sources/MITgcm/pkg/generic_advdiff/gad_c4_adv_r.F gad_c4_adv_r.F; fi
if [ ! -L gad_c4_adv_x.F ]; then ln -s /project/pv915002-hpcign/wdiazcar/real-benchmarks-20260926/sources/MITgcm/pkg/generic_advdiff/gad_c4_adv_x.F gad_c4_adv_x.F; fi
if [ ! -L gad_c4_adv_y.F ]; then ln -s /project/pv915002-hpcign/wdiazcar/real-benchmarks-20260926/sources/MITgcm/pkg/generic_advdiff/gad_c4_adv_y.F gad_c4_adv_y.F; fi
if [ ! -L gad_calc_rhs.F ]; then ln -s /project/pv915002-hpcign/wdiazcar/real-benchmarks-20260926/sources/MITgcm/pkg/generic_advdiff/gad_calc_rhs.F gad_calc_rhs.F; fi
if [ ! -L gad_check.F ]; then ln -s /project/pv915002-hpcign/wdiazcar/real-benchmarks-20260926/sources/MITgcm/pkg/generic_advdiff/gad_check.F gad_check.F; fi
if [ ! -L gad_del2.F ]; then ln -s /project/pv915002-hpcign/wdiazcar/real-benchmarks-20260926/sources/MITgcm/pkg/generic_advdiff/gad_del2.F gad_del2.F; fi
if [ ! -L gad_diagnostics_init.F ]; then ln -s /project/pv915002-hpcign/wdiazcar/real-benchmarks-20260926/sources/MITgcm/pkg/generic_advdiff/gad_diagnostics_init.F gad_diagnostics_init.F; fi
if [ ! -L gad_diagnostics_state.F ]; then ln -s /project/pv915002-hpcign/wdiazcar/real-benchmarks-20260926/sources/MITgcm/pkg/generic_advdiff/gad_diagnostics_state.F gad_diagnostics_state.F; fi
if [ ! -L gad_diff_r.F ]; then ln -s /project/pv915002-hpcign/wdiazcar/real-benchmarks-20260926/sources/MITgcm/pkg/generic_advdiff/gad_diff_r.F gad_diff_r.F; fi
if [ ! -L gad_diff_x.F ]; then ln -s /project/pv915002-hpcign/wdiazcar/real-benchmarks-20260926/sources/MITgcm/pkg/generic_advdiff/gad_diff_x.F gad_diff_x.F; fi
if [ ! -L gad_diff_y.F ]; then ln -s /project/pv915002-hpcign/wdiazcar/real-benchmarks-20260926/sources/MITgcm/pkg/generic_advdiff/gad_diff_y.F gad_diff_y.F; fi
if [ ! -L gad_dst2u1_adv_r.F ]; then ln -s /project/pv915002-hpcign/wdiazcar/real-benchmarks-20260926/sources/MITgcm/pkg/generic_advdiff/gad_dst2u1_adv_r.F gad_dst2u1_adv_r.F; fi
if [ ! -L gad_dst2u1_adv_x.F ]; then ln -s /project/pv915002-hpcign/wdiazcar/real-benchmarks-20260926/sources/MITgcm/pkg/generic_advdiff/gad_dst2u1_adv_x.F gad_dst2u1_adv_x.F; fi
if [ ! -L gad_dst2u1_adv_y.F ]; then ln -s /project/pv915002-hpcign/wdiazcar/real-benchmarks-20260926/sources/MITgcm/pkg/generic_advdiff/gad_dst2u1_adv_y.F gad_dst2u1_adv_y.F; fi
if [ ! -L gad_dst2u1_impl_r.F ]; then ln -s /project/pv915002-hpcign/wdiazcar/real-benchmarks-20260926/sources/MITgcm/pkg/generic_advdiff/gad_dst2u1_impl_r.F gad_dst2u1_impl_r.F; fi
if [ ! -L gad_dst3_adv_r.F ]; then ln -s /project/pv915002-hpcign/wdiazcar/real-benchmarks-20260926/sources/MITgcm/pkg/generic_advdiff/gad_dst3_adv_r.F gad_dst3_adv_r.F; fi
if [ ! -L gad_dst3_adv_x.F ]; then ln -s /project/pv915002-hpcign/wdiazcar/real-benchmarks-20260926/sources/MITgcm/pkg/generic_advdiff/gad_dst3_adv_x.F gad_dst3_adv_x.F; fi
if [ ! -L gad_dst3_adv_y.F ]; then ln -s /project/pv915002-hpcign/wdiazcar/real-benchmarks-20260926/sources/MITgcm/pkg/generic_advdiff/gad_dst3_adv_y.F gad_dst3_adv_y.F; fi
if [ ! -L gad_dst3fl_adv_r.F ]; then ln -s /project/pv915002-hpcign/wdiazcar/real-benchmarks-20260926/sources/MITgcm/pkg/generic_advdiff/gad_dst3fl_adv_r.F gad_dst3fl_adv_r.F; fi
if [ ! -L gad_dst3fl_adv_x.F ]; then ln -s /project/pv915002-hpcign/wdiazcar/real-benchmarks-20260926/sources/MITgcm/pkg/generic_advdiff/gad_dst3fl_adv_x.F gad_dst3fl_adv_x.F; fi
if [ ! -L gad_dst3fl_adv_y.F ]; then ln -s /project/pv915002-hpcign/wdiazcar/real-benchmarks-20260926/sources/MITgcm/pkg/generic_advdiff/gad_dst3fl_adv_y.F gad_dst3fl_adv_y.F; fi
if [ ! -L gad_dst3fl_impl_r.F ]; then ln -s /project/pv915002-hpcign/wdiazcar/real-benchmarks-20260926/sources/MITgcm/pkg/generic_advdiff/gad_dst3fl_impl_r.F gad_dst3fl_impl_r.F; fi
if [ ! -L gad_exch_som.F ]; then ln -s /project/pv915002-hpcign/wdiazcar/real-benchmarks-20260926/sources/MITgcm/pkg/generic_advdiff/gad_exch_som.F gad_exch_som.F; fi
if [ ! -L gad_fluxlimit_adv_r.F ]; then ln -s /project/pv915002-hpcign/wdiazcar/real-benchmarks-20260926/sources/MITgcm/pkg/generic_advdiff/gad_fluxlimit_adv_r.F gad_fluxlimit_adv_r.F; fi
if [ ! -L gad_fluxlimit_adv_x.F ]; then ln -s /project/pv915002-hpcign/wdiazcar/real-benchmarks-20260926/sources/MITgcm/pkg/generic_advdiff/gad_fluxlimit_adv_x.F gad_fluxlimit_adv_x.F; fi
if [ ! -L gad_fluxlimit_adv_y.F ]; then ln -s /project/pv915002-hpcign/wdiazcar/real-benchmarks-20260926/sources/MITgcm/pkg/generic_advdiff/gad_fluxlimit_adv_y.F gad_fluxlimit_adv_y.F; fi
if [ ! -L gad_fluxlimit_impl_r.F ]; then ln -s /project/pv915002-hpcign/wdiazcar/real-benchmarks-20260926/sources/MITgcm/pkg/generic_advdiff/gad_fluxlimit_impl_r.F gad_fluxlimit_impl_r.F; fi
if [ ! -L gad_grad_x.F ]; then ln -s /project/pv915002-hpcign/wdiazcar/real-benchmarks-20260926/sources/MITgcm/pkg/generic_advdiff/gad_grad_x.F gad_grad_x.F; fi
if [ ! -L gad_grad_y.F ]; then ln -s /project/pv915002-hpcign/wdiazcar/real-benchmarks-20260926/sources/MITgcm/pkg/generic_advdiff/gad_grad_y.F gad_grad_y.F; fi
if [ ! -L gad_implicit_r.F ]; then ln -s /project/pv915002-hpcign/wdiazcar/real-benchmarks-20260926/sources/MITgcm/pkg/generic_advdiff/gad_implicit_r.F gad_implicit_r.F; fi
if [ ! -L gad_init_fixed.F ]; then ln -s /project/pv915002-hpcign/wdiazcar/real-benchmarks-20260926/sources/MITgcm/pkg/generic_advdiff/gad_init_fixed.F gad_init_fixed.F; fi
if [ ! -L gad_init_varia.F ]; then ln -s /project/pv915002-hpcign/wdiazcar/real-benchmarks-20260926/sources/MITgcm/pkg/generic_advdiff/gad_init_varia.F gad_init_varia.F; fi
if [ ! -L gad_os7mp_adv_r.F ]; then ln -s /project/pv915002-hpcign/wdiazcar/real-benchmarks-20260926/sources/MITgcm/pkg/generic_advdiff/gad_os7mp_adv_r.F gad_os7mp_adv_r.F; fi
if [ ! -L gad_os7mp_adv_x.F ]; then ln -s /project/pv915002-hpcign/wdiazcar/real-benchmarks-20260926/sources/MITgcm/pkg/generic_advdiff/gad_os7mp_adv_x.F gad_os7mp_adv_x.F; fi
if [ ! -L gad_os7mp_adv_y.F ]; then ln -s /project/pv915002-hpcign/wdiazcar/real-benchmarks-20260926/sources/MITgcm/pkg/generic_advdiff/gad_os7mp_adv_y.F gad_os7mp_adv_y.F; fi
if [ ! -L gad_osc_hat_r.F ]; then ln -s /project/pv915002-hpcign/wdiazcar/real-benchmarks-20260926/sources/MITgcm/pkg/generic_advdiff/gad_osc_hat_r.F gad_osc_hat_r.F; fi
if [ ! -L gad_osc_hat_x.F ]; then ln -s /project/pv915002-hpcign/wdiazcar/real-benchmarks-20260926/sources/MITgcm/pkg/generic_advdiff/gad_osc_hat_x.F gad_osc_hat_x.F; fi
if [ ! -L gad_osc_hat_y.F ]; then ln -s /project/pv915002-hpcign/wdiazcar/real-benchmarks-20260926/sources/MITgcm/pkg/generic_advdiff/gad_osc_hat_y.F gad_osc_hat_y.F; fi
if [ ! -L gad_osc_mul_r.F ]; then ln -s /project/pv915002-hpcign/wdiazcar/real-benchmarks-20260926/sources/MITgcm/pkg/generic_advdiff/gad_osc_mul_r.F gad_osc_mul_r.F; fi
if [ ! -L gad_osc_mul_x.F ]; then ln -s /project/pv915002-hpcign/wdiazcar/real-benchmarks-20260926/sources/MITgcm/pkg/generic_advdiff/gad_osc_mul_x.F gad_osc_mul_x.F; fi
if [ ! -L gad_osc_mul_y.F ]; then ln -s /project/pv915002-hpcign/wdiazcar/real-benchmarks-20260926/sources/MITgcm/pkg/generic_advdiff/gad_osc_mul_y.F gad_osc_mul_y.F; fi
if [ ! -L gad_plm_fun.F ]; then ln -s /project/pv915002-hpcign/wdiazcar/real-benchmarks-20260926/sources/MITgcm/pkg/generic_advdiff/gad_plm_fun.F gad_plm_fun.F; fi
if [ ! -L gad_ppm_adv_r.F ]; then ln -s /project/pv915002-hpcign/wdiazcar/real-benchmarks-20260926/sources/MITgcm/pkg/generic_advdiff/gad_ppm_adv_r.F gad_ppm_adv_r.F; fi
if [ ! -L gad_ppm_adv_x.F ]; then ln -s /project/pv915002-hpcign/wdiazcar/real-benchmarks-20260926/sources/MITgcm/pkg/generic_advdiff/gad_ppm_adv_x.F gad_ppm_adv_x.F; fi
if [ ! -L gad_ppm_adv_y.F ]; then ln -s /project/pv915002-hpcign/wdiazcar/real-benchmarks-20260926/sources/MITgcm/pkg/generic_advdiff/gad_ppm_adv_y.F gad_ppm_adv_y.F; fi
if [ ! -L gad_ppm_flx_r.F ]; then ln -s /project/pv915002-hpcign/wdiazcar/real-benchmarks-20260926/sources/MITgcm/pkg/generic_advdiff/gad_ppm_flx_r.F gad_ppm_flx_r.F; fi
if [ ! -L gad_ppm_flx_x.F ]; then ln -s /project/pv915002-hpcign/wdiazcar/real-benchmarks-20260926/sources/MITgcm/pkg/generic_advdiff/gad_ppm_flx_x.F gad_ppm_flx_x.F; fi
if [ ! -L gad_ppm_flx_y.F ]; then ln -s /project/pv915002-hpcign/wdiazcar/real-benchmarks-20260926/sources/MITgcm/pkg/generic_advdiff/gad_ppm_flx_y.F gad_ppm_flx_y.F; fi
if [ ! -L gad_ppm_fun.F ]; then ln -s /project/pv915002-hpcign/wdiazcar/real-benchmarks-20260926/sources/MITgcm/pkg/generic_advdiff/gad_ppm_fun.F gad_ppm_fun.F; fi
if [ ! -L gad_ppm_hat_r.F ]; then ln -s /project/pv915002-hpcign/wdiazcar/real-benchmarks-20260926/sources/MITgcm/pkg/generic_advdiff/gad_ppm_hat_r.F gad_ppm_hat_r.F; fi
if [ ! -L gad_ppm_hat_x.F ]; then ln -s /project/pv915002-hpcign/wdiazcar/real-benchmarks-20260926/sources/MITgcm/pkg/generic_advdiff/gad_ppm_hat_x.F gad_ppm_hat_x.F; fi
if [ ! -L gad_ppm_hat_y.F ]; then ln -s /project/pv915002-hpcign/wdiazcar/real-benchmarks-20260926/sources/MITgcm/pkg/generic_advdiff/gad_ppm_hat_y.F gad_ppm_hat_y.F; fi
if [ ! -L gad_ppm_p3e_r.F ]; then ln -s /project/pv915002-hpcign/wdiazcar/real-benchmarks-20260926/sources/MITgcm/pkg/generic_advdiff/gad_ppm_p3e_r.F gad_ppm_p3e_r.F; fi
if [ ! -L gad_ppm_p3e_x.F ]; then ln -s /project/pv915002-hpcign/wdiazcar/real-benchmarks-20260926/sources/MITgcm/pkg/generic_advdiff/gad_ppm_p3e_x.F gad_ppm_p3e_x.F; fi
if [ ! -L gad_ppm_p3e_y.F ]; then ln -s /project/pv915002-hpcign/wdiazcar/real-benchmarks-20260926/sources/MITgcm/pkg/generic_advdiff/gad_ppm_p3e_y.F gad_ppm_p3e_y.F; fi
if [ ! -L gad_pqm_adv_r.F ]; then ln -s /project/pv915002-hpcign/wdiazcar/real-benchmarks-20260926/sources/MITgcm/pkg/generic_advdiff/gad_pqm_adv_r.F gad_pqm_adv_r.F; fi
if [ ! -L gad_pqm_adv_x.F ]; then ln -s /project/pv915002-hpcign/wdiazcar/real-benchmarks-20260926/sources/MITgcm/pkg/generic_advdiff/gad_pqm_adv_x.F gad_pqm_adv_x.F; fi
if [ ! -L gad_pqm_adv_y.F ]; then ln -s /project/pv915002-hpcign/wdiazcar/real-benchmarks-20260926/sources/MITgcm/pkg/generic_advdiff/gad_pqm_adv_y.F gad_pqm_adv_y.F; fi
if [ ! -L gad_pqm_flx_r.F ]; then ln -s /project/pv915002-hpcign/wdiazcar/real-benchmarks-20260926/sources/MITgcm/pkg/generic_advdiff/gad_pqm_flx_r.F gad_pqm_flx_r.F; fi
if [ ! -L gad_pqm_flx_x.F ]; then ln -s /project/pv915002-hpcign/wdiazcar/real-benchmarks-20260926/sources/MITgcm/pkg/generic_advdiff/gad_pqm_flx_x.F gad_pqm_flx_x.F; fi
if [ ! -L gad_pqm_flx_y.F ]; then ln -s /project/pv915002-hpcign/wdiazcar/real-benchmarks-20260926/sources/MITgcm/pkg/generic_advdiff/gad_pqm_flx_y.F gad_pqm_flx_y.F; fi
if [ ! -L gad_pqm_fun.F ]; then ln -s /project/pv915002-hpcign/wdiazcar/real-benchmarks-20260926/sources/MITgcm/pkg/generic_advdiff/gad_pqm_fun.F gad_pqm_fun.F; fi
if [ ! -L gad_pqm_hat_r.F ]; then ln -s /project/pv915002-hpcign/wdiazcar/real-benchmarks-20260926/sources/MITgcm/pkg/generic_advdiff/gad_pqm_hat_r.F gad_pqm_hat_r.F; fi
if [ ! -L gad_pqm_hat_x.F ]; then ln -s /project/pv915002-hpcign/wdiazcar/real-benchmarks-20260926/sources/MITgcm/pkg/generic_advdiff/gad_pqm_hat_x.F gad_pqm_hat_x.F; fi
if [ ! -L gad_pqm_hat_y.F ]; then ln -s /project/pv915002-hpcign/wdiazcar/real-benchmarks-20260926/sources/MITgcm/pkg/generic_advdiff/gad_pqm_hat_y.F gad_pqm_hat_y.F; fi
if [ ! -L gad_pqm_p5e_r.F ]; then ln -s /project/pv915002-hpcign/wdiazcar/real-benchmarks-20260926/sources/MITgcm/pkg/generic_advdiff/gad_pqm_p5e_r.F gad_pqm_p5e_r.F; fi
if [ ! -L gad_pqm_p5e_x.F ]; then ln -s /project/pv915002-hpcign/wdiazcar/real-benchmarks-20260926/sources/MITgcm/pkg/generic_advdiff/gad_pqm_p5e_x.F gad_pqm_p5e_x.F; fi
if [ ! -L gad_pqm_p5e_y.F ]; then ln -s /project/pv915002-hpcign/wdiazcar/real-benchmarks-20260926/sources/MITgcm/pkg/generic_advdiff/gad_pqm_p5e_y.F gad_pqm_p5e_y.F; fi
if [ ! -L gad_read_pickup.F ]; then ln -s /project/pv915002-hpcign/wdiazcar/real-benchmarks-20260926/sources/MITgcm/pkg/generic_advdiff/gad_read_pickup.F gad_read_pickup.F; fi
if [ ! -L gad_som_adv_r.F ]; then ln -s /project/pv915002-hpcign/wdiazcar/real-benchmarks-20260926/sources/MITgcm/pkg/generic_advdiff/gad_som_adv_r.F gad_som_adv_r.F; fi
if [ ! -L gad_som_adv_x.F ]; then ln -s /project/pv915002-hpcign/wdiazcar/real-benchmarks-20260926/sources/MITgcm/pkg/generic_advdiff/gad_som_adv_x.F gad_som_adv_x.F; fi
if [ ! -L gad_som_adv_y.F ]; then ln -s /project/pv915002-hpcign/wdiazcar/real-benchmarks-20260926/sources/MITgcm/pkg/generic_advdiff/gad_som_adv_y.F gad_som_adv_y.F; fi
if [ ! -L gad_som_advect.F ]; then ln -s /project/pv915002-hpcign/wdiazcar/real-benchmarks-20260926/sources/MITgcm/pkg/generic_advdiff/gad_som_advect.F gad_som_advect.F; fi
if [ ! -L gad_som_exchanges.F ]; then ln -s /project/pv915002-hpcign/wdiazcar/real-benchmarks-20260926/sources/MITgcm/pkg/generic_advdiff/gad_som_exchanges.F gad_som_exchanges.F; fi
if [ ! -L gad_som_fill_cs_corner.F ]; then ln -s /project/pv915002-hpcign/wdiazcar/real-benchmarks-20260926/sources/MITgcm/pkg/generic_advdiff/gad_som_fill_cs_corner.F gad_som_fill_cs_corner.F; fi
if [ ! -L gad_som_lim_r.F ]; then ln -s /project/pv915002-hpcign/wdiazcar/real-benchmarks-20260926/sources/MITgcm/pkg/generic_advdiff/gad_som_lim_r.F gad_som_lim_r.F; fi
if [ ! -L gad_som_prep_cs_corner.F ]; then ln -s /project/pv915002-hpcign/wdiazcar/real-benchmarks-20260926/sources/MITgcm/pkg/generic_advdiff/gad_som_prep_cs_corner.F gad_som_prep_cs_corner.F; fi
if [ ! -L gad_u3_adv_r.F ]; then ln -s /project/pv915002-hpcign/wdiazcar/real-benchmarks-20260926/sources/MITgcm/pkg/generic_advdiff/gad_u3_adv_r.F gad_u3_adv_r.F; fi
if [ ! -L gad_u3_adv_x.F ]; then ln -s /project/pv915002-hpcign/wdiazcar/real-benchmarks-20260926/sources/MITgcm/pkg/generic_advdiff/gad_u3_adv_x.F gad_u3_adv_x.F; fi
if [ ! -L gad_u3_adv_y.F ]; then ln -s /project/pv915002-hpcign/wdiazcar/real-benchmarks-20260926/sources/MITgcm/pkg/generic_advdiff/gad_u3_adv_y.F gad_u3_adv_y.F; fi
if [ ! -L gad_u3c4_impl_r.F ]; then ln -s /project/pv915002-hpcign/wdiazcar/real-benchmarks-20260926/sources/MITgcm/pkg/generic_advdiff/gad_u3c4_impl_r.F gad_u3c4_impl_r.F; fi
if [ ! -L gad_write_pickup.F ]; then ln -s /project/pv915002-hpcign/wdiazcar/real-benchmarks-20260926/sources/MITgcm/pkg/generic_advdiff/gad_write_pickup.F gad_write_pickup.F; fi
if [ ! -L salt_fill.F ]; then ln -s /project/pv915002-hpcign/wdiazcar/real-benchmarks-20260926/sources/MITgcm/pkg/generic_advdiff/salt_fill.F salt_fill.F; fi
if [ ! -L mdsio_buffertorl.F ]; then ln -s /project/pv915002-hpcign/wdiazcar/real-benchmarks-20260926/sources/MITgcm/pkg/mdsio/mdsio_buffertorl.F mdsio_buffertorl.F; fi
if [ ! -L mdsio_buffertors.F ]; then ln -s /project/pv915002-hpcign/wdiazcar/real-benchmarks-20260926/sources/MITgcm/pkg/mdsio/mdsio_buffertors.F mdsio_buffertors.F; fi
if [ ! -L mdsio_check4file.F ]; then ln -s /project/pv915002-hpcign/wdiazcar/real-benchmarks-20260926/sources/MITgcm/pkg/mdsio/mdsio_check4file.F mdsio_check4file.F; fi
if [ ! -L mdsio_facef_read.F ]; then ln -s /project/pv915002-hpcign/wdiazcar/real-benchmarks-20260926/sources/MITgcm/pkg/mdsio/mdsio_facef_read.F mdsio_facef_read.F; fi
if [ ! -L mdsio_gl.F ]; then ln -s /project/pv915002-hpcign/wdiazcar/real-benchmarks-20260926/sources/MITgcm/pkg/mdsio/mdsio_gl.F mdsio_gl.F; fi
if [ ! -L mdsio_gl_slice.F ]; then ln -s /project/pv915002-hpcign/wdiazcar/real-benchmarks-20260926/sources/MITgcm/pkg/mdsio/mdsio_gl_slice.F mdsio_gl_slice.F; fi
if [ ! -L mdsio_pass_r4torl.F ]; then ln -s /project/pv915002-hpcign/wdiazcar/real-benchmarks-20260926/sources/MITgcm/pkg/mdsio/mdsio_pass_r4torl.F mdsio_pass_r4torl.F; fi
if [ ! -L mdsio_pass_r4tors.F ]; then ln -s /project/pv915002-hpcign/wdiazcar/real-benchmarks-20260926/sources/MITgcm/pkg/mdsio/mdsio_pass_r4tors.F mdsio_pass_r4tors.F; fi
if [ ! -L mdsio_pass_r8torl.F ]; then ln -s /project/pv915002-hpcign/wdiazcar/real-benchmarks-20260926/sources/MITgcm/pkg/mdsio/mdsio_pass_r8torl.F mdsio_pass_r8torl.F; fi
if [ ! -L mdsio_pass_r8tors.F ]; then ln -s /project/pv915002-hpcign/wdiazcar/real-benchmarks-20260926/sources/MITgcm/pkg/mdsio/mdsio_pass_r8tors.F mdsio_pass_r8tors.F; fi
if [ ! -L mdsio_rd_rec_rl.F ]; then ln -s /project/pv915002-hpcign/wdiazcar/real-benchmarks-20260926/sources/MITgcm/pkg/mdsio/mdsio_rd_rec_rl.F mdsio_rd_rec_rl.F; fi
if [ ! -L mdsio_rd_rec_rs.F ]; then ln -s /project/pv915002-hpcign/wdiazcar/real-benchmarks-20260926/sources/MITgcm/pkg/mdsio/mdsio_rd_rec_rs.F mdsio_rd_rec_rs.F; fi
if [ ! -L mdsio_read_field.F ]; then ln -s /project/pv915002-hpcign/wdiazcar/real-benchmarks-20260926/sources/MITgcm/pkg/mdsio/mdsio_read_field.F mdsio_read_field.F; fi
if [ ! -L mdsio_read_meta.F ]; then ln -s /project/pv915002-hpcign/wdiazcar/real-benchmarks-20260926/sources/MITgcm/pkg/mdsio/mdsio_read_meta.F mdsio_read_meta.F; fi
if [ ! -L mdsio_read_section.F ]; then ln -s /project/pv915002-hpcign/wdiazcar/real-benchmarks-20260926/sources/MITgcm/pkg/mdsio/mdsio_read_section.F mdsio_read_section.F; fi
if [ ! -L mdsio_read_tape.F ]; then ln -s /project/pv915002-hpcign/wdiazcar/real-benchmarks-20260926/sources/MITgcm/pkg/mdsio/mdsio_read_tape.F mdsio_read_tape.F; fi
if [ ! -L mdsio_read_whalos.F ]; then ln -s /project/pv915002-hpcign/wdiazcar/real-benchmarks-20260926/sources/MITgcm/pkg/mdsio/mdsio_read_whalos.F mdsio_read_whalos.F; fi
if [ ! -L mdsio_readvec_loc.F ]; then ln -s /project/pv915002-hpcign/wdiazcar/real-benchmarks-20260926/sources/MITgcm/pkg/mdsio/mdsio_readvec_loc.F mdsio_readvec_loc.F; fi
if [ ! -L mdsio_rw_field.F ]; then ln -s /project/pv915002-hpcign/wdiazcar/real-benchmarks-20260926/sources/MITgcm/pkg/mdsio/mdsio_rw_field.F mdsio_rw_field.F; fi
if [ ! -L mdsio_rw_slice.F ]; then ln -s /project/pv915002-hpcign/wdiazcar/real-benchmarks-20260926/sources/MITgcm/pkg/mdsio/mdsio_rw_slice.F mdsio_rw_slice.F; fi
if [ ! -L mdsio_seg4torl.F ]; then ln -s /project/pv915002-hpcign/wdiazcar/real-benchmarks-20260926/sources/MITgcm/pkg/mdsio/mdsio_seg4torl.F mdsio_seg4torl.F; fi
if [ ! -L mdsio_seg4tors.F ]; then ln -s /project/pv915002-hpcign/wdiazcar/real-benchmarks-20260926/sources/MITgcm/pkg/mdsio/mdsio_seg4tors.F mdsio_seg4tors.F; fi
if [ ! -L mdsio_seg8torl.F ]; then ln -s /project/pv915002-hpcign/wdiazcar/real-benchmarks-20260926/sources/MITgcm/pkg/mdsio/mdsio_seg8torl.F mdsio_seg8torl.F; fi
if [ ! -L mdsio_seg8tors.F ]; then ln -s /project/pv915002-hpcign/wdiazcar/real-benchmarks-20260926/sources/MITgcm/pkg/mdsio/mdsio_seg8tors.F mdsio_seg8tors.F; fi
if [ ! -L mdsio_segxtorx_2d.F ]; then ln -s /project/pv915002-hpcign/wdiazcar/real-benchmarks-20260926/sources/MITgcm/pkg/mdsio/mdsio_segxtorx_2d.F mdsio_segxtorx_2d.F; fi
if [ ! -L mdsio_wr_metafiles.F ]; then ln -s /project/pv915002-hpcign/wdiazcar/real-benchmarks-20260926/sources/MITgcm/pkg/mdsio/mdsio_wr_metafiles.F mdsio_wr_metafiles.F; fi
if [ ! -L mdsio_wr_rec_rl.F ]; then ln -s /project/pv915002-hpcign/wdiazcar/real-benchmarks-20260926/sources/MITgcm/pkg/mdsio/mdsio_wr_rec_rl.F mdsio_wr_rec_rl.F; fi
if [ ! -L mdsio_wr_rec_rs.F ]; then ln -s /project/pv915002-hpcign/wdiazcar/real-benchmarks-20260926/sources/MITgcm/pkg/mdsio/mdsio_wr_rec_rs.F mdsio_wr_rec_rs.F; fi
if [ ! -L mdsio_write_field.F ]; then ln -s /project/pv915002-hpcign/wdiazcar/real-benchmarks-20260926/sources/MITgcm/pkg/mdsio/mdsio_write_field.F mdsio_write_field.F; fi
if [ ! -L mdsio_write_meta.F ]; then ln -s /project/pv915002-hpcign/wdiazcar/real-benchmarks-20260926/sources/MITgcm/pkg/mdsio/mdsio_write_meta.F mdsio_write_meta.F; fi
if [ ! -L mdsio_write_section.F ]; then ln -s /project/pv915002-hpcign/wdiazcar/real-benchmarks-20260926/sources/MITgcm/pkg/mdsio/mdsio_write_section.F mdsio_write_section.F; fi
if [ ! -L mdsio_write_tape.F ]; then ln -s /project/pv915002-hpcign/wdiazcar/real-benchmarks-20260926/sources/MITgcm/pkg/mdsio/mdsio_write_tape.F mdsio_write_tape.F; fi
if [ ! -L mdsio_write_whalos.F ]; then ln -s /project/pv915002-hpcign/wdiazcar/real-benchmarks-20260926/sources/MITgcm/pkg/mdsio/mdsio_write_whalos.F mdsio_write_whalos.F; fi
if [ ! -L mdsio_writelocal.F ]; then ln -s /project/pv915002-hpcign/wdiazcar/real-benchmarks-20260926/sources/MITgcm/pkg/mdsio/mdsio_writelocal.F mdsio_writelocal.F; fi
if [ ! -L mdsio_writevec_loc.F ]; then ln -s /project/pv915002-hpcign/wdiazcar/real-benchmarks-20260926/sources/MITgcm/pkg/mdsio/mdsio_writevec_loc.F mdsio_writevec_loc.F; fi
if [ ! -L mom_calc_3d_strain.F ]; then ln -s /project/pv915002-hpcign/wdiazcar/real-benchmarks-20260926/sources/MITgcm/pkg/mom_common/mom_calc_3d_strain.F mom_calc_3d_strain.F; fi
if [ ! -L mom_calc_absvort3.F ]; then ln -s /project/pv915002-hpcign/wdiazcar/real-benchmarks-20260926/sources/MITgcm/pkg/mom_common/mom_calc_absvort3.F mom_calc_absvort3.F; fi
if [ ! -L mom_calc_hdiv.F ]; then ln -s /project/pv915002-hpcign/wdiazcar/real-benchmarks-20260926/sources/MITgcm/pkg/mom_common/mom_calc_hdiv.F mom_calc_hdiv.F; fi
if [ ! -L mom_calc_hfacz.F ]; then ln -s /project/pv915002-hpcign/wdiazcar/real-benchmarks-20260926/sources/MITgcm/pkg/mom_common/mom_calc_hfacz.F mom_calc_hfacz.F; fi
if [ ! -L mom_calc_ke.F ]; then ln -s /project/pv915002-hpcign/wdiazcar/real-benchmarks-20260926/sources/MITgcm/pkg/mom_common/mom_calc_ke.F mom_calc_ke.F; fi
if [ ! -L mom_calc_relvort3.F ]; then ln -s /project/pv915002-hpcign/wdiazcar/real-benchmarks-20260926/sources/MITgcm/pkg/mom_common/mom_calc_relvort3.F mom_calc_relvort3.F; fi
if [ ! -L mom_calc_smag_3d.F ]; then ln -s /project/pv915002-hpcign/wdiazcar/real-benchmarks-20260926/sources/MITgcm/pkg/mom_common/mom_calc_smag_3d.F mom_calc_smag_3d.F; fi
if [ ! -L mom_calc_strain.F ]; then ln -s /project/pv915002-hpcign/wdiazcar/real-benchmarks-20260926/sources/MITgcm/pkg/mom_common/mom_calc_strain.F mom_calc_strain.F; fi
if [ ! -L mom_calc_tension.F ]; then ln -s /project/pv915002-hpcign/wdiazcar/real-benchmarks-20260926/sources/MITgcm/pkg/mom_common/mom_calc_tension.F mom_calc_tension.F; fi
if [ ! -L mom_calc_visc.F ]; then ln -s /project/pv915002-hpcign/wdiazcar/real-benchmarks-20260926/sources/MITgcm/pkg/mom_common/mom_calc_visc.F mom_calc_visc.F; fi
if [ ! -L mom_diagnostics_init.F ]; then ln -s /project/pv915002-hpcign/wdiazcar/real-benchmarks-20260926/sources/MITgcm/pkg/mom_common/mom_diagnostics_init.F mom_diagnostics_init.F; fi
if [ ! -L mom_hdissip.F ]; then ln -s /project/pv915002-hpcign/wdiazcar/real-benchmarks-20260926/sources/MITgcm/pkg/mom_common/mom_hdissip.F mom_hdissip.F; fi
if [ ! -L mom_init_fixed.F ]; then ln -s /project/pv915002-hpcign/wdiazcar/real-benchmarks-20260926/sources/MITgcm/pkg/mom_common/mom_init_fixed.F mom_init_fixed.F; fi
if [ ! -L mom_quasihydrostatic.F ]; then ln -s /project/pv915002-hpcign/wdiazcar/real-benchmarks-20260926/sources/MITgcm/pkg/mom_common/mom_quasihydrostatic.F mom_quasihydrostatic.F; fi
if [ ! -L mom_u_botdrag_coeff.F ]; then ln -s /project/pv915002-hpcign/wdiazcar/real-benchmarks-20260926/sources/MITgcm/pkg/mom_common/mom_u_botdrag_coeff.F mom_u_botdrag_coeff.F; fi
if [ ! -L mom_u_coriolis_nh.F ]; then ln -s /project/pv915002-hpcign/wdiazcar/real-benchmarks-20260926/sources/MITgcm/pkg/mom_common/mom_u_coriolis_nh.F mom_u_coriolis_nh.F; fi
if [ ! -L mom_u_implicit_r.F ]; then ln -s /project/pv915002-hpcign/wdiazcar/real-benchmarks-20260926/sources/MITgcm/pkg/mom_common/mom_u_implicit_r.F mom_u_implicit_r.F; fi
if [ ! -L mom_u_metric_nh.F ]; then ln -s /project/pv915002-hpcign/wdiazcar/real-benchmarks-20260926/sources/MITgcm/pkg/mom_common/mom_u_metric_nh.F mom_u_metric_nh.F; fi
if [ ! -L mom_u_rviscflux.F ]; then ln -s /project/pv915002-hpcign/wdiazcar/real-benchmarks-20260926/sources/MITgcm/pkg/mom_common/mom_u_rviscflux.F mom_u_rviscflux.F; fi
if [ ! -L mom_u_sidedrag.F ]; then ln -s /project/pv915002-hpcign/wdiazcar/real-benchmarks-20260926/sources/MITgcm/pkg/mom_common/mom_u_sidedrag.F mom_u_sidedrag.F; fi
if [ ! -L mom_uv_smag_3d.F ]; then ln -s /project/pv915002-hpcign/wdiazcar/real-benchmarks-20260926/sources/MITgcm/pkg/mom_common/mom_uv_smag_3d.F mom_uv_smag_3d.F; fi
if [ ! -L mom_v_botdrag_coeff.F ]; then ln -s /project/pv915002-hpcign/wdiazcar/real-benchmarks-20260926/sources/MITgcm/pkg/mom_common/mom_v_botdrag_coeff.F mom_v_botdrag_coeff.F; fi
if [ ! -L mom_v_coriolis_nh.F ]; then ln -s /project/pv915002-hpcign/wdiazcar/real-benchmarks-20260926/sources/MITgcm/pkg/mom_common/mom_v_coriolis_nh.F mom_v_coriolis_nh.F; fi
if [ ! -L mom_v_implicit_r.F ]; then ln -s /project/pv915002-hpcign/wdiazcar/real-benchmarks-20260926/sources/MITgcm/pkg/mom_common/mom_v_implicit_r.F mom_v_implicit_r.F; fi
if [ ! -L mom_v_metric_nh.F ]; then ln -s /project/pv915002-hpcign/wdiazcar/real-benchmarks-20260926/sources/MITgcm/pkg/mom_common/mom_v_metric_nh.F mom_v_metric_nh.F; fi
if [ ! -L mom_v_rviscflux.F ]; then ln -s /project/pv915002-hpcign/wdiazcar/real-benchmarks-20260926/sources/MITgcm/pkg/mom_common/mom_v_rviscflux.F mom_v_rviscflux.F; fi
if [ ! -L mom_v_sidedrag.F ]; then ln -s /project/pv915002-hpcign/wdiazcar/real-benchmarks-20260926/sources/MITgcm/pkg/mom_common/mom_v_sidedrag.F mom_v_sidedrag.F; fi
if [ ! -L mom_visc_qgl_limit.F ]; then ln -s /project/pv915002-hpcign/wdiazcar/real-benchmarks-20260926/sources/MITgcm/pkg/mom_common/mom_visc_qgl_limit.F mom_visc_qgl_limit.F; fi
if [ ! -L mom_visc_qgl_stretch.F ]; then ln -s /project/pv915002-hpcign/wdiazcar/real-benchmarks-20260926/sources/MITgcm/pkg/mom_common/mom_visc_qgl_stretch.F mom_visc_qgl_stretch.F; fi
if [ ! -L mom_w_coriolis_nh.F ]; then ln -s /project/pv915002-hpcign/wdiazcar/real-benchmarks-20260926/sources/MITgcm/pkg/mom_common/mom_w_coriolis_nh.F mom_w_coriolis_nh.F; fi
if [ ! -L mom_w_metric_nh.F ]; then ln -s /project/pv915002-hpcign/wdiazcar/real-benchmarks-20260926/sources/MITgcm/pkg/mom_common/mom_w_metric_nh.F mom_w_metric_nh.F; fi
if [ ! -L mom_w_sidedrag.F ]; then ln -s /project/pv915002-hpcign/wdiazcar/real-benchmarks-20260926/sources/MITgcm/pkg/mom_common/mom_w_sidedrag.F mom_w_sidedrag.F; fi
if [ ! -L mom_w_smag_3d.F ]; then ln -s /project/pv915002-hpcign/wdiazcar/real-benchmarks-20260926/sources/MITgcm/pkg/mom_common/mom_w_smag_3d.F mom_w_smag_3d.F; fi
if [ ! -L mom_calc_rtrans.F ]; then ln -s /project/pv915002-hpcign/wdiazcar/real-benchmarks-20260926/sources/MITgcm/pkg/mom_fluxform/mom_calc_rtrans.F mom_calc_rtrans.F; fi
if [ ! -L mom_fluxform.F ]; then ln -s /project/pv915002-hpcign/wdiazcar/real-benchmarks-20260926/sources/MITgcm/pkg/mom_fluxform/mom_fluxform.F mom_fluxform.F; fi
if [ ! -L mom_u_adv_uu.F ]; then ln -s /project/pv915002-hpcign/wdiazcar/real-benchmarks-20260926/sources/MITgcm/pkg/mom_fluxform/mom_u_adv_uu.F mom_u_adv_uu.F; fi
if [ ! -L mom_u_adv_vu.F ]; then ln -s /project/pv915002-hpcign/wdiazcar/real-benchmarks-20260926/sources/MITgcm/pkg/mom_fluxform/mom_u_adv_vu.F mom_u_adv_vu.F; fi
if [ ! -L mom_u_adv_wu.F ]; then ln -s /project/pv915002-hpcign/wdiazcar/real-benchmarks-20260926/sources/MITgcm/pkg/mom_fluxform/mom_u_adv_wu.F mom_u_adv_wu.F; fi
if [ ! -L mom_u_coriolis.F ]; then ln -s /project/pv915002-hpcign/wdiazcar/real-benchmarks-20260926/sources/MITgcm/pkg/mom_fluxform/mom_u_coriolis.F mom_u_coriolis.F; fi
if [ ! -L mom_u_del2u.F ]; then ln -s /project/pv915002-hpcign/wdiazcar/real-benchmarks-20260926/sources/MITgcm/pkg/mom_fluxform/mom_u_del2u.F mom_u_del2u.F; fi
if [ ! -L mom_u_metric_cylinder.F ]; then ln -s /project/pv915002-hpcign/wdiazcar/real-benchmarks-20260926/sources/MITgcm/pkg/mom_fluxform/mom_u_metric_cylinder.F mom_u_metric_cylinder.F; fi
if [ ! -L mom_u_metric_sphere.F ]; then ln -s /project/pv915002-hpcign/wdiazcar/real-benchmarks-20260926/sources/MITgcm/pkg/mom_fluxform/mom_u_metric_sphere.F mom_u_metric_sphere.F; fi
if [ ! -L mom_u_xviscflux.F ]; then ln -s /project/pv915002-hpcign/wdiazcar/real-benchmarks-20260926/sources/MITgcm/pkg/mom_fluxform/mom_u_xviscflux.F mom_u_xviscflux.F; fi
if [ ! -L mom_u_yviscflux.F ]; then ln -s /project/pv915002-hpcign/wdiazcar/real-benchmarks-20260926/sources/MITgcm/pkg/mom_fluxform/mom_u_yviscflux.F mom_u_yviscflux.F; fi
if [ ! -L mom_uv_boundary.F ]; then ln -s /project/pv915002-hpcign/wdiazcar/real-benchmarks-20260926/sources/MITgcm/pkg/mom_fluxform/mom_uv_boundary.F mom_uv_boundary.F; fi
if [ ! -L mom_v_adv_uv.F ]; then ln -s /project/pv915002-hpcign/wdiazcar/real-benchmarks-20260926/sources/MITgcm/pkg/mom_fluxform/mom_v_adv_uv.F mom_v_adv_uv.F; fi
if [ ! -L mom_v_adv_vv.F ]; then ln -s /project/pv915002-hpcign/wdiazcar/real-benchmarks-20260926/sources/MITgcm/pkg/mom_fluxform/mom_v_adv_vv.F mom_v_adv_vv.F; fi
if [ ! -L mom_v_adv_wv.F ]; then ln -s /project/pv915002-hpcign/wdiazcar/real-benchmarks-20260926/sources/MITgcm/pkg/mom_fluxform/mom_v_adv_wv.F mom_v_adv_wv.F; fi
if [ ! -L mom_v_coriolis.F ]; then ln -s /project/pv915002-hpcign/wdiazcar/real-benchmarks-20260926/sources/MITgcm/pkg/mom_fluxform/mom_v_coriolis.F mom_v_coriolis.F; fi
if [ ! -L mom_v_del2v.F ]; then ln -s /project/pv915002-hpcign/wdiazcar/real-benchmarks-20260926/sources/MITgcm/pkg/mom_fluxform/mom_v_del2v.F mom_v_del2v.F; fi
if [ ! -L mom_v_metric_cylinder.F ]; then ln -s /project/pv915002-hpcign/wdiazcar/real-benchmarks-20260926/sources/MITgcm/pkg/mom_fluxform/mom_v_metric_cylinder.F mom_v_metric_cylinder.F; fi
if [ ! -L mom_v_metric_sphere.F ]; then ln -s /project/pv915002-hpcign/wdiazcar/real-benchmarks-20260926/sources/MITgcm/pkg/mom_fluxform/mom_v_metric_sphere.F mom_v_metric_sphere.F; fi
if [ ! -L mom_v_xviscflux.F ]; then ln -s /project/pv915002-hpcign/wdiazcar/real-benchmarks-20260926/sources/MITgcm/pkg/mom_fluxform/mom_v_xviscflux.F mom_v_xviscflux.F; fi
if [ ! -L mom_v_yviscflux.F ]; then ln -s /project/pv915002-hpcign/wdiazcar/real-benchmarks-20260926/sources/MITgcm/pkg/mom_fluxform/mom_v_yviscflux.F mom_v_yviscflux.F; fi
if [ ! -L mom_vecinv.F ]; then ln -s /project/pv915002-hpcign/wdiazcar/real-benchmarks-20260926/sources/MITgcm/pkg/mom_vecinv/mom_vecinv.F mom_vecinv.F; fi
if [ ! -L mom_vi_coriolis.F ]; then ln -s /project/pv915002-hpcign/wdiazcar/real-benchmarks-20260926/sources/MITgcm/pkg/mom_vecinv/mom_vi_coriolis.F mom_vi_coriolis.F; fi
if [ ! -L mom_vi_del2uv.F ]; then ln -s /project/pv915002-hpcign/wdiazcar/real-benchmarks-20260926/sources/MITgcm/pkg/mom_vecinv/mom_vi_del2uv.F mom_vi_del2uv.F; fi
if [ ! -L mom_vi_hdissip.F ]; then ln -s /project/pv915002-hpcign/wdiazcar/real-benchmarks-20260926/sources/MITgcm/pkg/mom_vecinv/mom_vi_hdissip.F mom_vi_hdissip.F; fi
if [ ! -L mom_vi_u_coriolis.F ]; then ln -s /project/pv915002-hpcign/wdiazcar/real-benchmarks-20260926/sources/MITgcm/pkg/mom_vecinv/mom_vi_u_coriolis.F mom_vi_u_coriolis.F; fi
if [ ! -L mom_vi_u_coriolis_c4.F ]; then ln -s /project/pv915002-hpcign/wdiazcar/real-benchmarks-20260926/sources/MITgcm/pkg/mom_vecinv/mom_vi_u_coriolis_c4.F mom_vi_u_coriolis_c4.F; fi
if [ ! -L mom_vi_u_grad_ke.F ]; then ln -s /project/pv915002-hpcign/wdiazcar/real-benchmarks-20260926/sources/MITgcm/pkg/mom_vecinv/mom_vi_u_grad_ke.F mom_vi_u_grad_ke.F; fi
if [ ! -L mom_vi_u_vertshear.F ]; then ln -s /project/pv915002-hpcign/wdiazcar/real-benchmarks-20260926/sources/MITgcm/pkg/mom_vecinv/mom_vi_u_vertshear.F mom_vi_u_vertshear.F; fi
if [ ! -L mom_vi_v_coriolis.F ]; then ln -s /project/pv915002-hpcign/wdiazcar/real-benchmarks-20260926/sources/MITgcm/pkg/mom_vecinv/mom_vi_v_coriolis.F mom_vi_v_coriolis.F; fi
if [ ! -L mom_vi_v_coriolis_c4.F ]; then ln -s /project/pv915002-hpcign/wdiazcar/real-benchmarks-20260926/sources/MITgcm/pkg/mom_vecinv/mom_vi_v_coriolis_c4.F mom_vi_v_coriolis_c4.F; fi
if [ ! -L mom_vi_v_grad_ke.F ]; then ln -s /project/pv915002-hpcign/wdiazcar/real-benchmarks-20260926/sources/MITgcm/pkg/mom_vecinv/mom_vi_v_grad_ke.F mom_vi_v_grad_ke.F; fi
if [ ! -L mom_vi_v_vertshear.F ]; then ln -s /project/pv915002-hpcign/wdiazcar/real-benchmarks-20260926/sources/MITgcm/pkg/mom_vecinv/mom_vi_v_vertshear.F mom_vi_v_vertshear.F; fi
if [ ! -L mon_advcfl.F ]; then ln -s /project/pv915002-hpcign/wdiazcar/real-benchmarks-20260926/sources/MITgcm/pkg/monitor/mon_advcfl.F mon_advcfl.F; fi
if [ ! -L mon_advcflw.F ]; then ln -s /project/pv915002-hpcign/wdiazcar/real-benchmarks-20260926/sources/MITgcm/pkg/monitor/mon_advcflw.F mon_advcflw.F; fi
if [ ! -L mon_advcflw2.F ]; then ln -s /project/pv915002-hpcign/wdiazcar/real-benchmarks-20260926/sources/MITgcm/pkg/monitor/mon_advcflw2.F mon_advcflw2.F; fi
if [ ! -L mon_calc_advcfl.F ]; then ln -s /project/pv915002-hpcign/wdiazcar/real-benchmarks-20260926/sources/MITgcm/pkg/monitor/mon_calc_advcfl.F mon_calc_advcfl.F; fi
if [ ! -L mon_calc_stats_rl.F ]; then ln -s /project/pv915002-hpcign/wdiazcar/real-benchmarks-20260926/sources/MITgcm/pkg/monitor/mon_calc_stats_rl.F mon_calc_stats_rl.F; fi
if [ ! -L mon_calc_stats_rs.F ]; then ln -s /project/pv915002-hpcign/wdiazcar/real-benchmarks-20260926/sources/MITgcm/pkg/monitor/mon_calc_stats_rs.F mon_calc_stats_rs.F; fi
if [ ! -L mon_init.F ]; then ln -s /project/pv915002-hpcign/wdiazcar/real-benchmarks-20260926/sources/MITgcm/pkg/monitor/mon_init.F mon_init.F; fi
if [ ! -L mon_ke.F ]; then ln -s /project/pv915002-hpcign/wdiazcar/real-benchmarks-20260926/sources/MITgcm/pkg/monitor/mon_ke.F mon_ke.F; fi
if [ ! -L mon_out.F ]; then ln -s /project/pv915002-hpcign/wdiazcar/real-benchmarks-20260926/sources/MITgcm/pkg/monitor/mon_out.F mon_out.F; fi
if [ ! -L mon_printstats_rl.F ]; then ln -s /project/pv915002-hpcign/wdiazcar/real-benchmarks-20260926/sources/MITgcm/pkg/monitor/mon_printstats_rl.F mon_printstats_rl.F; fi
if [ ! -L mon_printstats_rs.F ]; then ln -s /project/pv915002-hpcign/wdiazcar/real-benchmarks-20260926/sources/MITgcm/pkg/monitor/mon_printstats_rs.F mon_printstats_rs.F; fi
if [ ! -L mon_set_iounit.F ]; then ln -s /project/pv915002-hpcign/wdiazcar/real-benchmarks-20260926/sources/MITgcm/pkg/monitor/mon_set_iounit.F mon_set_iounit.F; fi
if [ ! -L mon_set_pref.F ]; then ln -s /project/pv915002-hpcign/wdiazcar/real-benchmarks-20260926/sources/MITgcm/pkg/monitor/mon_set_pref.F mon_set_pref.F; fi
if [ ! -L mon_solution.F ]; then ln -s /project/pv915002-hpcign/wdiazcar/real-benchmarks-20260926/sources/MITgcm/pkg/monitor/mon_solution.F mon_solution.F; fi
if [ ! -L mon_stats_latbnd_rl.F ]; then ln -s /project/pv915002-hpcign/wdiazcar/real-benchmarks-20260926/sources/MITgcm/pkg/monitor/mon_stats_latbnd_rl.F mon_stats_latbnd_rl.F; fi
if [ ! -L mon_stats_rl.F ]; then ln -s /project/pv915002-hpcign/wdiazcar/real-benchmarks-20260926/sources/MITgcm/pkg/monitor/mon_stats_rl.F mon_stats_rl.F; fi
if [ ! -L mon_stats_rs.F ]; then ln -s /project/pv915002-hpcign/wdiazcar/real-benchmarks-20260926/sources/MITgcm/pkg/monitor/mon_stats_rs.F mon_stats_rs.F; fi
if [ ! -L mon_surfcor.F ]; then ln -s /project/pv915002-hpcign/wdiazcar/real-benchmarks-20260926/sources/MITgcm/pkg/monitor/mon_surfcor.F mon_surfcor.F; fi
if [ ! -L mon_vort3.F ]; then ln -s /project/pv915002-hpcign/wdiazcar/real-benchmarks-20260926/sources/MITgcm/pkg/monitor/mon_vort3.F mon_vort3.F; fi
if [ ! -L mon_writestats_rl.F ]; then ln -s /project/pv915002-hpcign/wdiazcar/real-benchmarks-20260926/sources/MITgcm/pkg/monitor/mon_writestats_rl.F mon_writestats_rl.F; fi
if [ ! -L mon_writestats_rs.F ]; then ln -s /project/pv915002-hpcign/wdiazcar/real-benchmarks-20260926/sources/MITgcm/pkg/monitor/mon_writestats_rs.F mon_writestats_rs.F; fi
if [ ! -L monitor.F ]; then ln -s /project/pv915002-hpcign/wdiazcar/real-benchmarks-20260926/sources/MITgcm/pkg/monitor/monitor.F monitor.F; fi
if [ ! -L monitor_ad.F ]; then ln -s /project/pv915002-hpcign/wdiazcar/real-benchmarks-20260926/sources/MITgcm/pkg/monitor/monitor_ad.F monitor_ad.F; fi
if [ ! -L monitor_g.F ]; then ln -s /project/pv915002-hpcign/wdiazcar/real-benchmarks-20260926/sources/MITgcm/pkg/monitor/monitor_g.F monitor_g.F; fi
if [ ! -L get_write_global_fld.F ]; then ln -s /project/pv915002-hpcign/wdiazcar/real-benchmarks-20260926/sources/MITgcm/pkg/rw/get_write_global_fld.F get_write_global_fld.F; fi
if [ ! -L read_fld_xy_rl.F ]; then ln -s /project/pv915002-hpcign/wdiazcar/real-benchmarks-20260926/sources/MITgcm/pkg/rw/read_fld_xy_rl.F read_fld_xy_rl.F; fi
if [ ! -L read_fld_xy_rs.F ]; then ln -s /project/pv915002-hpcign/wdiazcar/real-benchmarks-20260926/sources/MITgcm/pkg/rw/read_fld_xy_rs.F read_fld_xy_rs.F; fi
if [ ! -L read_fld_xyz_rl.F ]; then ln -s /project/pv915002-hpcign/wdiazcar/real-benchmarks-20260926/sources/MITgcm/pkg/rw/read_fld_xyz_rl.F read_fld_xyz_rl.F; fi
if [ ! -L read_fld_xyz_rs.F ]; then ln -s /project/pv915002-hpcign/wdiazcar/real-benchmarks-20260926/sources/MITgcm/pkg/rw/read_fld_xyz_rs.F read_fld_xyz_rs.F; fi
if [ ! -L read_glvec_rl.F ]; then ln -s /project/pv915002-hpcign/wdiazcar/real-benchmarks-20260926/sources/MITgcm/pkg/rw/read_glvec_rl.F read_glvec_rl.F; fi
if [ ! -L read_glvec_rs.F ]; then ln -s /project/pv915002-hpcign/wdiazcar/real-benchmarks-20260926/sources/MITgcm/pkg/rw/read_glvec_rs.F read_glvec_rs.F; fi
if [ ! -L read_mflds.F ]; then ln -s /project/pv915002-hpcign/wdiazcar/real-benchmarks-20260926/sources/MITgcm/pkg/rw/read_mflds.F read_mflds.F; fi
if [ ! -L read_rec.F ]; then ln -s /project/pv915002-hpcign/wdiazcar/real-benchmarks-20260926/sources/MITgcm/pkg/rw/read_rec.F read_rec.F; fi
if [ ! -L rw_get_suffix.F ]; then ln -s /project/pv915002-hpcign/wdiazcar/real-benchmarks-20260926/sources/MITgcm/pkg/rw/rw_get_suffix.F rw_get_suffix.F; fi
if [ ! -L set_write_global_fld.F ]; then ln -s /project/pv915002-hpcign/wdiazcar/real-benchmarks-20260926/sources/MITgcm/pkg/rw/set_write_global_fld.F set_write_global_fld.F; fi
if [ ! -L write_fld_3d_rl.F ]; then ln -s /project/pv915002-hpcign/wdiazcar/real-benchmarks-20260926/sources/MITgcm/pkg/rw/write_fld_3d_rl.F write_fld_3d_rl.F; fi
if [ ! -L write_fld_3d_rs.F ]; then ln -s /project/pv915002-hpcign/wdiazcar/real-benchmarks-20260926/sources/MITgcm/pkg/rw/write_fld_3d_rs.F write_fld_3d_rs.F; fi
if [ ! -L write_fld_s3d_rl.F ]; then ln -s /project/pv915002-hpcign/wdiazcar/real-benchmarks-20260926/sources/MITgcm/pkg/rw/write_fld_s3d_rl.F write_fld_s3d_rl.F; fi
if [ ! -L write_fld_s3d_rs.F ]; then ln -s /project/pv915002-hpcign/wdiazcar/real-benchmarks-20260926/sources/MITgcm/pkg/rw/write_fld_s3d_rs.F write_fld_s3d_rs.F; fi
if [ ! -L write_fld_xy_rl.F ]; then ln -s /project/pv915002-hpcign/wdiazcar/real-benchmarks-20260926/sources/MITgcm/pkg/rw/write_fld_xy_rl.F write_fld_xy_rl.F; fi
if [ ! -L write_fld_xy_rs.F ]; then ln -s /project/pv915002-hpcign/wdiazcar/real-benchmarks-20260926/sources/MITgcm/pkg/rw/write_fld_xy_rs.F write_fld_xy_rs.F; fi
if [ ! -L write_fld_xyz_rl.F ]; then ln -s /project/pv915002-hpcign/wdiazcar/real-benchmarks-20260926/sources/MITgcm/pkg/rw/write_fld_xyz_rl.F write_fld_xyz_rl.F; fi
if [ ! -L write_fld_xyz_rs.F ]; then ln -s /project/pv915002-hpcign/wdiazcar/real-benchmarks-20260926/sources/MITgcm/pkg/rw/write_fld_xyz_rs.F write_fld_xyz_rs.F; fi
if [ ! -L write_glvec_rl.F ]; then ln -s /project/pv915002-hpcign/wdiazcar/real-benchmarks-20260926/sources/MITgcm/pkg/rw/write_glvec_rl.F write_glvec_rl.F; fi
if [ ! -L write_glvec_rs.F ]; then ln -s /project/pv915002-hpcign/wdiazcar/real-benchmarks-20260926/sources/MITgcm/pkg/rw/write_glvec_rs.F write_glvec_rs.F; fi
if [ ! -L write_local_rl.F ]; then ln -s /project/pv915002-hpcign/wdiazcar/real-benchmarks-20260926/sources/MITgcm/pkg/rw/write_local_rl.F write_local_rl.F; fi
if [ ! -L write_local_rs.F ]; then ln -s /project/pv915002-hpcign/wdiazcar/real-benchmarks-20260926/sources/MITgcm/pkg/rw/write_local_rs.F write_local_rs.F; fi
if [ ! -L write_rec.F ]; then ln -s /project/pv915002-hpcign/wdiazcar/real-benchmarks-20260926/sources/MITgcm/pkg/rw/write_rec.F write_rec.F; fi
if [ ! -L all_proc_die.F ]; then ln -s /project/pv915002-hpcign/wdiazcar/real-benchmarks-20260926/sources/MITgcm/eesupp/src/all_proc_die.F all_proc_die.F; fi
if [ ! -L bar2.F ]; then ln -s /project/pv915002-hpcign/wdiazcar/real-benchmarks-20260926/sources/MITgcm/eesupp/src/bar2.F bar2.F; fi
if [ ! -L bar_check.F ]; then ln -s /project/pv915002-hpcign/wdiazcar/real-benchmarks-20260926/sources/MITgcm/eesupp/src/bar_check.F bar_check.F; fi
if [ ! -L barrier.F ]; then ln -s /project/pv915002-hpcign/wdiazcar/real-benchmarks-20260926/sources/MITgcm/eesupp/src/barrier.F barrier.F; fi
if [ ! -L check_threads.F ]; then ln -s /project/pv915002-hpcign/wdiazcar/real-benchmarks-20260926/sources/MITgcm/eesupp/src/check_threads.F check_threads.F; fi
if [ ! -L comm_stats.F ]; then ln -s /project/pv915002-hpcign/wdiazcar/real-benchmarks-20260926/sources/MITgcm/eesupp/src/comm_stats.F comm_stats.F; fi
if [ ! -L cumulsum_z_tile.F ]; then ln -s /project/pv915002-hpcign/wdiazcar/real-benchmarks-20260926/sources/MITgcm/eesupp/src/cumulsum_z_tile.F cumulsum_z_tile.F; fi
if [ ! -L diff_phase_multiple.F ]; then ln -s /project/pv915002-hpcign/wdiazcar/real-benchmarks-20260926/sources/MITgcm/eesupp/src/diff_phase_multiple.F diff_phase_multiple.F; fi
if [ ! -L different_multiple.F ]; then ln -s /project/pv915002-hpcign/wdiazcar/real-benchmarks-20260926/sources/MITgcm/eesupp/src/different_multiple.F different_multiple.F; fi
if [ ! -L eeboot.F ]; then ln -s /project/pv915002-hpcign/wdiazcar/real-benchmarks-20260926/sources/MITgcm/eesupp/src/eeboot.F eeboot.F; fi
if [ ! -L eeboot_minimal.F ]; then ln -s /project/pv915002-hpcign/wdiazcar/real-benchmarks-20260926/sources/MITgcm/eesupp/src/eeboot_minimal.F eeboot_minimal.F; fi
if [ ! -L eedata_example.F ]; then ln -s /project/pv915002-hpcign/wdiazcar/real-benchmarks-20260926/sources/MITgcm/eesupp/src/eedata_example.F eedata_example.F; fi
if [ ! -L eedie.F ]; then ln -s /project/pv915002-hpcign/wdiazcar/real-benchmarks-20260926/sources/MITgcm/eesupp/src/eedie.F eedie.F; fi
if [ ! -L eeintro_msg.F ]; then ln -s /project/pv915002-hpcign/wdiazcar/real-benchmarks-20260926/sources/MITgcm/eesupp/src/eeintro_msg.F eeintro_msg.F; fi
if [ ! -L eeset_parms.F ]; then ln -s /project/pv915002-hpcign/wdiazcar/real-benchmarks-20260926/sources/MITgcm/eesupp/src/eeset_parms.F eeset_parms.F; fi
if [ ! -L eewrite_eeenv.F ]; then ln -s /project/pv915002-hpcign/wdiazcar/real-benchmarks-20260926/sources/MITgcm/eesupp/src/eewrite_eeenv.F eewrite_eeenv.F; fi
if [ ! -L exch0_r4.F ]; then ln -s /project/pv915002-hpcign/wdiazcar/real-benchmarks-20260926/sources/MITgcm/eesupp/src/exch0_r4.F exch0_r4.F; fi
if [ ! -L exch0_r8.F ]; then ln -s /project/pv915002-hpcign/wdiazcar/real-benchmarks-20260926/sources/MITgcm/eesupp/src/exch0_r8.F exch0_r8.F; fi
if [ ! -L exch0_rl.F ]; then ln -s /project/pv915002-hpcign/wdiazcar/real-benchmarks-20260926/sources/MITgcm/eesupp/src/exch0_rl.F exch0_rl.F; fi
if [ ! -L exch0_rs.F ]; then ln -s /project/pv915002-hpcign/wdiazcar/real-benchmarks-20260926/sources/MITgcm/eesupp/src/exch0_rs.F exch0_rs.F; fi
if [ ! -L exch1_bg_r4_cube.F ]; then ln -s /project/pv915002-hpcign/wdiazcar/real-benchmarks-20260926/sources/MITgcm/eesupp/src/exch1_bg_r4_cube.F exch1_bg_r4_cube.F; fi
if [ ! -L exch1_bg_r8_cube.F ]; then ln -s /project/pv915002-hpcign/wdiazcar/real-benchmarks-20260926/sources/MITgcm/eesupp/src/exch1_bg_r8_cube.F exch1_bg_r8_cube.F; fi
if [ ! -L exch1_bg_rl_cube.F ]; then ln -s /project/pv915002-hpcign/wdiazcar/real-benchmarks-20260926/sources/MITgcm/eesupp/src/exch1_bg_rl_cube.F exch1_bg_rl_cube.F; fi
if [ ! -L exch1_bg_rs_cube.F ]; then ln -s /project/pv915002-hpcign/wdiazcar/real-benchmarks-20260926/sources/MITgcm/eesupp/src/exch1_bg_rs_cube.F exch1_bg_rs_cube.F; fi
if [ ! -L exch1_r4.F ]; then ln -s /project/pv915002-hpcign/wdiazcar/real-benchmarks-20260926/sources/MITgcm/eesupp/src/exch1_r4.F exch1_r4.F; fi
if [ ! -L exch1_r4_cube.F ]; then ln -s /project/pv915002-hpcign/wdiazcar/real-benchmarks-20260926/sources/MITgcm/eesupp/src/exch1_r4_cube.F exch1_r4_cube.F; fi
if [ ! -L exch1_r8.F ]; then ln -s /project/pv915002-hpcign/wdiazcar/real-benchmarks-20260926/sources/MITgcm/eesupp/src/exch1_r8.F exch1_r8.F; fi
if [ ! -L exch1_r8_cube.F ]; then ln -s /project/pv915002-hpcign/wdiazcar/real-benchmarks-20260926/sources/MITgcm/eesupp/src/exch1_r8_cube.F exch1_r8_cube.F; fi
if [ ! -L exch1_rl.F ]; then ln -s /project/pv915002-hpcign/wdiazcar/real-benchmarks-20260926/sources/MITgcm/eesupp/src/exch1_rl.F exch1_rl.F; fi
if [ ! -L exch1_rl_ad.F ]; then ln -s /project/pv915002-hpcign/wdiazcar/real-benchmarks-20260926/sources/MITgcm/eesupp/src/exch1_rl_ad.F exch1_rl_ad.F; fi
if [ ! -L exch1_rl_cube.F ]; then ln -s /project/pv915002-hpcign/wdiazcar/real-benchmarks-20260926/sources/MITgcm/eesupp/src/exch1_rl_cube.F exch1_rl_cube.F; fi
if [ ! -L exch1_rl_cube_ad.F ]; then ln -s /project/pv915002-hpcign/wdiazcar/real-benchmarks-20260926/sources/MITgcm/eesupp/src/exch1_rl_cube_ad.F exch1_rl_cube_ad.F; fi
if [ ! -L exch1_rs.F ]; then ln -s /project/pv915002-hpcign/wdiazcar/real-benchmarks-20260926/sources/MITgcm/eesupp/src/exch1_rs.F exch1_rs.F; fi
if [ ! -L exch1_rs_ad.F ]; then ln -s /project/pv915002-hpcign/wdiazcar/real-benchmarks-20260926/sources/MITgcm/eesupp/src/exch1_rs_ad.F exch1_rs_ad.F; fi
if [ ! -L exch1_rs_cube.F ]; then ln -s /project/pv915002-hpcign/wdiazcar/real-benchmarks-20260926/sources/MITgcm/eesupp/src/exch1_rs_cube.F exch1_rs_cube.F; fi
if [ ! -L exch1_rs_cube_ad.F ]; then ln -s /project/pv915002-hpcign/wdiazcar/real-benchmarks-20260926/sources/MITgcm/eesupp/src/exch1_rs_cube_ad.F exch1_rs_cube_ad.F; fi
if [ ! -L exch1_uv_r4_cube.F ]; then ln -s /project/pv915002-hpcign/wdiazcar/real-benchmarks-20260926/sources/MITgcm/eesupp/src/exch1_uv_r4_cube.F exch1_uv_r4_cube.F; fi
if [ ! -L exch1_uv_r8_cube.F ]; then ln -s /project/pv915002-hpcign/wdiazcar/real-benchmarks-20260926/sources/MITgcm/eesupp/src/exch1_uv_r8_cube.F exch1_uv_r8_cube.F; fi
if [ ! -L exch1_uv_rl_cube.F ]; then ln -s /project/pv915002-hpcign/wdiazcar/real-benchmarks-20260926/sources/MITgcm/eesupp/src/exch1_uv_rl_cube.F exch1_uv_rl_cube.F; fi
if [ ! -L exch1_uv_rs_cube.F ]; then ln -s /project/pv915002-hpcign/wdiazcar/real-benchmarks-20260926/sources/MITgcm/eesupp/src/exch1_uv_rs_cube.F exch1_uv_rs_cube.F; fi
if [ ! -L exch1_z_r4_cube.F ]; then ln -s /project/pv915002-hpcign/wdiazcar/real-benchmarks-20260926/sources/MITgcm/eesupp/src/exch1_z_r4_cube.F exch1_z_r4_cube.F; fi
if [ ! -L exch1_z_r8_cube.F ]; then ln -s /project/pv915002-hpcign/wdiazcar/real-benchmarks-20260926/sources/MITgcm/eesupp/src/exch1_z_r8_cube.F exch1_z_r8_cube.F; fi
if [ ! -L exch1_z_rl_cube.F ]; then ln -s /project/pv915002-hpcign/wdiazcar/real-benchmarks-20260926/sources/MITgcm/eesupp/src/exch1_z_rl_cube.F exch1_z_rl_cube.F; fi
if [ ! -L exch1_z_rs_cube.F ]; then ln -s /project/pv915002-hpcign/wdiazcar/real-benchmarks-20260926/sources/MITgcm/eesupp/src/exch1_z_rs_cube.F exch1_z_rs_cube.F; fi
if [ ! -L exch_3d_r4.F ]; then ln -s /project/pv915002-hpcign/wdiazcar/real-benchmarks-20260926/sources/MITgcm/eesupp/src/exch_3d_r4.F exch_3d_r4.F; fi
if [ ! -L exch_3d_r8.F ]; then ln -s /project/pv915002-hpcign/wdiazcar/real-benchmarks-20260926/sources/MITgcm/eesupp/src/exch_3d_r8.F exch_3d_r8.F; fi
if [ ! -L exch_3d_rl.F ]; then ln -s /project/pv915002-hpcign/wdiazcar/real-benchmarks-20260926/sources/MITgcm/eesupp/src/exch_3d_rl.F exch_3d_rl.F; fi
if [ ! -L exch_3d_rs.F ]; then ln -s /project/pv915002-hpcign/wdiazcar/real-benchmarks-20260926/sources/MITgcm/eesupp/src/exch_3d_rs.F exch_3d_rs.F; fi
if [ ! -L exch_cycle_ebl.F ]; then ln -s /project/pv915002-hpcign/wdiazcar/real-benchmarks-20260926/sources/MITgcm/eesupp/src/exch_cycle_ebl.F exch_cycle_ebl.F; fi
if [ ! -L exch_init.F ]; then ln -s /project/pv915002-hpcign/wdiazcar/real-benchmarks-20260926/sources/MITgcm/eesupp/src/exch_init.F exch_init.F; fi
if [ ! -L exch_r4_recv_get_x.F ]; then ln -s /project/pv915002-hpcign/wdiazcar/real-benchmarks-20260926/sources/MITgcm/eesupp/src/exch_r4_recv_get_x.F exch_r4_recv_get_x.F; fi
if [ ! -L exch_r4_recv_get_y.F ]; then ln -s /project/pv915002-hpcign/wdiazcar/real-benchmarks-20260926/sources/MITgcm/eesupp/src/exch_r4_recv_get_y.F exch_r4_recv_get_y.F; fi
if [ ! -L exch_r4_send_put_x.F ]; then ln -s /project/pv915002-hpcign/wdiazcar/real-benchmarks-20260926/sources/MITgcm/eesupp/src/exch_r4_send_put_x.F exch_r4_send_put_x.F; fi
if [ ! -L exch_r4_send_put_y.F ]; then ln -s /project/pv915002-hpcign/wdiazcar/real-benchmarks-20260926/sources/MITgcm/eesupp/src/exch_r4_send_put_y.F exch_r4_send_put_y.F; fi
if [ ! -L exch_r8_recv_get_x.F ]; then ln -s /project/pv915002-hpcign/wdiazcar/real-benchmarks-20260926/sources/MITgcm/eesupp/src/exch_r8_recv_get_x.F exch_r8_recv_get_x.F; fi
if [ ! -L exch_r8_recv_get_y.F ]; then ln -s /project/pv915002-hpcign/wdiazcar/real-benchmarks-20260926/sources/MITgcm/eesupp/src/exch_r8_recv_get_y.F exch_r8_recv_get_y.F; fi
if [ ! -L exch_r8_send_put_x.F ]; then ln -s /project/pv915002-hpcign/wdiazcar/real-benchmarks-20260926/sources/MITgcm/eesupp/src/exch_r8_send_put_x.F exch_r8_send_put_x.F; fi
if [ ! -L exch_r8_send_put_y.F ]; then ln -s /project/pv915002-hpcign/wdiazcar/real-benchmarks-20260926/sources/MITgcm/eesupp/src/exch_r8_send_put_y.F exch_r8_send_put_y.F; fi
if [ ! -L exch_rl_recv_get_x.F ]; then ln -s /project/pv915002-hpcign/wdiazcar/real-benchmarks-20260926/sources/MITgcm/eesupp/src/exch_rl_recv_get_x.F exch_rl_recv_get_x.F; fi
if [ ! -L exch_rl_recv_get_y.F ]; then ln -s /project/pv915002-hpcign/wdiazcar/real-benchmarks-20260926/sources/MITgcm/eesupp/src/exch_rl_recv_get_y.F exch_rl_recv_get_y.F; fi
if [ ! -L exch_rl_send_put_x.F ]; then ln -s /project/pv915002-hpcign/wdiazcar/real-benchmarks-20260926/sources/MITgcm/eesupp/src/exch_rl_send_put_x.F exch_rl_send_put_x.F; fi
if [ ! -L exch_rl_send_put_y.F ]; then ln -s /project/pv915002-hpcign/wdiazcar/real-benchmarks-20260926/sources/MITgcm/eesupp/src/exch_rl_send_put_y.F exch_rl_send_put_y.F; fi
if [ ! -L exch_rs_recv_get_x.F ]; then ln -s /project/pv915002-hpcign/wdiazcar/real-benchmarks-20260926/sources/MITgcm/eesupp/src/exch_rs_recv_get_x.F exch_rs_recv_get_x.F; fi
if [ ! -L exch_rs_recv_get_y.F ]; then ln -s /project/pv915002-hpcign/wdiazcar/real-benchmarks-20260926/sources/MITgcm/eesupp/src/exch_rs_recv_get_y.F exch_rs_recv_get_y.F; fi
if [ ! -L exch_rs_send_put_x.F ]; then ln -s /project/pv915002-hpcign/wdiazcar/real-benchmarks-20260926/sources/MITgcm/eesupp/src/exch_rs_send_put_x.F exch_rs_send_put_x.F; fi
if [ ! -L exch_rs_send_put_y.F ]; then ln -s /project/pv915002-hpcign/wdiazcar/real-benchmarks-20260926/sources/MITgcm/eesupp/src/exch_rs_send_put_y.F exch_rs_send_put_y.F; fi
if [ ! -L exch_s3d_r4.F ]; then ln -s /project/pv915002-hpcign/wdiazcar/real-benchmarks-20260926/sources/MITgcm/eesupp/src/exch_s3d_r4.F exch_s3d_r4.F; fi
if [ ! -L exch_s3d_r8.F ]; then ln -s /project/pv915002-hpcign/wdiazcar/real-benchmarks-20260926/sources/MITgcm/eesupp/src/exch_s3d_r8.F exch_s3d_r8.F; fi
if [ ! -L exch_s3d_rl.F ]; then ln -s /project/pv915002-hpcign/wdiazcar/real-benchmarks-20260926/sources/MITgcm/eesupp/src/exch_s3d_rl.F exch_s3d_rl.F; fi
if [ ! -L exch_s3d_rs.F ]; then ln -s /project/pv915002-hpcign/wdiazcar/real-benchmarks-20260926/sources/MITgcm/eesupp/src/exch_s3d_rs.F exch_s3d_rs.F; fi
if [ ! -L exch_sm_3d_r4.F ]; then ln -s /project/pv915002-hpcign/wdiazcar/real-benchmarks-20260926/sources/MITgcm/eesupp/src/exch_sm_3d_r4.F exch_sm_3d_r4.F; fi
if [ ! -L exch_sm_3d_r8.F ]; then ln -s /project/pv915002-hpcign/wdiazcar/real-benchmarks-20260926/sources/MITgcm/eesupp/src/exch_sm_3d_r8.F exch_sm_3d_r8.F; fi
if [ ! -L exch_sm_3d_rl.F ]; then ln -s /project/pv915002-hpcign/wdiazcar/real-benchmarks-20260926/sources/MITgcm/eesupp/src/exch_sm_3d_rl.F exch_sm_3d_rl.F; fi
if [ ! -L exch_sm_3d_rs.F ]; then ln -s /project/pv915002-hpcign/wdiazcar/real-benchmarks-20260926/sources/MITgcm/eesupp/src/exch_sm_3d_rs.F exch_sm_3d_rs.F; fi
if [ ! -L exch_tap_b.F ]; then ln -s /project/pv915002-hpcign/wdiazcar/real-benchmarks-20260926/sources/MITgcm/eesupp/src/exch_tap_b.F exch_tap_b.F; fi
if [ ! -L exch_tap_d.F ]; then ln -s /project/pv915002-hpcign/wdiazcar/real-benchmarks-20260926/sources/MITgcm/eesupp/src/exch_tap_d.F exch_tap_d.F; fi
if [ ! -L exch_uv_3d_r4.F ]; then ln -s /project/pv915002-hpcign/wdiazcar/real-benchmarks-20260926/sources/MITgcm/eesupp/src/exch_uv_3d_r4.F exch_uv_3d_r4.F; fi
if [ ! -L exch_uv_3d_r8.F ]; then ln -s /project/pv915002-hpcign/wdiazcar/real-benchmarks-20260926/sources/MITgcm/eesupp/src/exch_uv_3d_r8.F exch_uv_3d_r8.F; fi
if [ ! -L exch_uv_3d_rl.F ]; then ln -s /project/pv915002-hpcign/wdiazcar/real-benchmarks-20260926/sources/MITgcm/eesupp/src/exch_uv_3d_rl.F exch_uv_3d_rl.F; fi
if [ ! -L exch_uv_3d_rs.F ]; then ln -s /project/pv915002-hpcign/wdiazcar/real-benchmarks-20260926/sources/MITgcm/eesupp/src/exch_uv_3d_rs.F exch_uv_3d_rs.F; fi
if [ ! -L exch_uv_agrid_3d_r4.F ]; then ln -s /project/pv915002-hpcign/wdiazcar/real-benchmarks-20260926/sources/MITgcm/eesupp/src/exch_uv_agrid_3d_r4.F exch_uv_agrid_3d_r4.F; fi
if [ ! -L exch_uv_agrid_3d_r8.F ]; then ln -s /project/pv915002-hpcign/wdiazcar/real-benchmarks-20260926/sources/MITgcm/eesupp/src/exch_uv_agrid_3d_r8.F exch_uv_agrid_3d_r8.F; fi
if [ ! -L exch_uv_agrid_3d_rl.F ]; then ln -s /project/pv915002-hpcign/wdiazcar/real-benchmarks-20260926/sources/MITgcm/eesupp/src/exch_uv_agrid_3d_rl.F exch_uv_agrid_3d_rl.F; fi
if [ ! -L exch_uv_agrid_3d_rs.F ]; then ln -s /project/pv915002-hpcign/wdiazcar/real-benchmarks-20260926/sources/MITgcm/eesupp/src/exch_uv_agrid_3d_rs.F exch_uv_agrid_3d_rs.F; fi
if [ ! -L exch_uv_bgrid_3d_r4.F ]; then ln -s /project/pv915002-hpcign/wdiazcar/real-benchmarks-20260926/sources/MITgcm/eesupp/src/exch_uv_bgrid_3d_r4.F exch_uv_bgrid_3d_r4.F; fi
if [ ! -L exch_uv_bgrid_3d_r8.F ]; then ln -s /project/pv915002-hpcign/wdiazcar/real-benchmarks-20260926/sources/MITgcm/eesupp/src/exch_uv_bgrid_3d_r8.F exch_uv_bgrid_3d_r8.F; fi
if [ ! -L exch_uv_bgrid_3d_rl.F ]; then ln -s /project/pv915002-hpcign/wdiazcar/real-benchmarks-20260926/sources/MITgcm/eesupp/src/exch_uv_bgrid_3d_rl.F exch_uv_bgrid_3d_rl.F; fi
if [ ! -L exch_uv_bgrid_3d_rs.F ]; then ln -s /project/pv915002-hpcign/wdiazcar/real-benchmarks-20260926/sources/MITgcm/eesupp/src/exch_uv_bgrid_3d_rs.F exch_uv_bgrid_3d_rs.F; fi
if [ ! -L exch_uv_dgrid_3d_r4.F ]; then ln -s /project/pv915002-hpcign/wdiazcar/real-benchmarks-20260926/sources/MITgcm/eesupp/src/exch_uv_dgrid_3d_r4.F exch_uv_dgrid_3d_r4.F; fi
if [ ! -L exch_uv_dgrid_3d_r8.F ]; then ln -s /project/pv915002-hpcign/wdiazcar/real-benchmarks-20260926/sources/MITgcm/eesupp/src/exch_uv_dgrid_3d_r8.F exch_uv_dgrid_3d_r8.F; fi
if [ ! -L exch_uv_dgrid_3d_rl.F ]; then ln -s /project/pv915002-hpcign/wdiazcar/real-benchmarks-20260926/sources/MITgcm/eesupp/src/exch_uv_dgrid_3d_rl.F exch_uv_dgrid_3d_rl.F; fi
if [ ! -L exch_uv_dgrid_3d_rs.F ]; then ln -s /project/pv915002-hpcign/wdiazcar/real-benchmarks-20260926/sources/MITgcm/eesupp/src/exch_uv_dgrid_3d_rs.F exch_uv_dgrid_3d_rs.F; fi
if [ ! -L exch_uv_xy_r4.F ]; then ln -s /project/pv915002-hpcign/wdiazcar/real-benchmarks-20260926/sources/MITgcm/eesupp/src/exch_uv_xy_r4.F exch_uv_xy_r4.F; fi
if [ ! -L exch_uv_xy_r8.F ]; then ln -s /project/pv915002-hpcign/wdiazcar/real-benchmarks-20260926/sources/MITgcm/eesupp/src/exch_uv_xy_r8.F exch_uv_xy_r8.F; fi
if [ ! -L exch_uv_xy_rl.F ]; then ln -s /project/pv915002-hpcign/wdiazcar/real-benchmarks-20260926/sources/MITgcm/eesupp/src/exch_uv_xy_rl.F exch_uv_xy_rl.F; fi
if [ ! -L exch_uv_xy_rs.F ]; then ln -s /project/pv915002-hpcign/wdiazcar/real-benchmarks-20260926/sources/MITgcm/eesupp/src/exch_uv_xy_rs.F exch_uv_xy_rs.F; fi
if [ ! -L exch_uv_xyz_r4.F ]; then ln -s /project/pv915002-hpcign/wdiazcar/real-benchmarks-20260926/sources/MITgcm/eesupp/src/exch_uv_xyz_r4.F exch_uv_xyz_r4.F; fi
if [ ! -L exch_uv_xyz_r8.F ]; then ln -s /project/pv915002-hpcign/wdiazcar/real-benchmarks-20260926/sources/MITgcm/eesupp/src/exch_uv_xyz_r8.F exch_uv_xyz_r8.F; fi
if [ ! -L exch_uv_xyz_rl.F ]; then ln -s /project/pv915002-hpcign/wdiazcar/real-benchmarks-20260926/sources/MITgcm/eesupp/src/exch_uv_xyz_rl.F exch_uv_xyz_rl.F; fi
if [ ! -L exch_uv_xyz_rs.F ]; then ln -s /project/pv915002-hpcign/wdiazcar/real-benchmarks-20260926/sources/MITgcm/eesupp/src/exch_uv_xyz_rs.F exch_uv_xyz_rs.F; fi
if [ ! -L exch_xy_r4.F ]; then ln -s /project/pv915002-hpcign/wdiazcar/real-benchmarks-20260926/sources/MITgcm/eesupp/src/exch_xy_r4.F exch_xy_r4.F; fi
if [ ! -L exch_xy_r8.F ]; then ln -s /project/pv915002-hpcign/wdiazcar/real-benchmarks-20260926/sources/MITgcm/eesupp/src/exch_xy_r8.F exch_xy_r8.F; fi
if [ ! -L exch_xy_rl.F ]; then ln -s /project/pv915002-hpcign/wdiazcar/real-benchmarks-20260926/sources/MITgcm/eesupp/src/exch_xy_rl.F exch_xy_rl.F; fi
if [ ! -L exch_xy_rs.F ]; then ln -s /project/pv915002-hpcign/wdiazcar/real-benchmarks-20260926/sources/MITgcm/eesupp/src/exch_xy_rs.F exch_xy_rs.F; fi
if [ ! -L exch_xyz_r4.F ]; then ln -s /project/pv915002-hpcign/wdiazcar/real-benchmarks-20260926/sources/MITgcm/eesupp/src/exch_xyz_r4.F exch_xyz_r4.F; fi
if [ ! -L exch_xyz_r8.F ]; then ln -s /project/pv915002-hpcign/wdiazcar/real-benchmarks-20260926/sources/MITgcm/eesupp/src/exch_xyz_r8.F exch_xyz_r8.F; fi
if [ ! -L exch_xyz_rl.F ]; then ln -s /project/pv915002-hpcign/wdiazcar/real-benchmarks-20260926/sources/MITgcm/eesupp/src/exch_xyz_rl.F exch_xyz_rl.F; fi
if [ ! -L exch_xyz_rs.F ]; then ln -s /project/pv915002-hpcign/wdiazcar/real-benchmarks-20260926/sources/MITgcm/eesupp/src/exch_xyz_rs.F exch_xyz_rs.F; fi
if [ ! -L exch_z_3d_r4.F ]; then ln -s /project/pv915002-hpcign/wdiazcar/real-benchmarks-20260926/sources/MITgcm/eesupp/src/exch_z_3d_r4.F exch_z_3d_r4.F; fi
if [ ! -L exch_z_3d_r8.F ]; then ln -s /project/pv915002-hpcign/wdiazcar/real-benchmarks-20260926/sources/MITgcm/eesupp/src/exch_z_3d_r8.F exch_z_3d_r8.F; fi
if [ ! -L exch_z_3d_rl.F ]; then ln -s /project/pv915002-hpcign/wdiazcar/real-benchmarks-20260926/sources/MITgcm/eesupp/src/exch_z_3d_rl.F exch_z_3d_rl.F; fi
if [ ! -L exch_z_3d_rs.F ]; then ln -s /project/pv915002-hpcign/wdiazcar/real-benchmarks-20260926/sources/MITgcm/eesupp/src/exch_z_3d_rs.F exch_z_3d_rs.F; fi
if [ ! -L fill_cs_corner_ag_rl.F ]; then ln -s /project/pv915002-hpcign/wdiazcar/real-benchmarks-20260926/sources/MITgcm/eesupp/src/fill_cs_corner_ag_rl.F fill_cs_corner_ag_rl.F; fi
if [ ! -L fill_cs_corner_tr_rl.F ]; then ln -s /project/pv915002-hpcign/wdiazcar/real-benchmarks-20260926/sources/MITgcm/eesupp/src/fill_cs_corner_tr_rl.F fill_cs_corner_tr_rl.F; fi
if [ ! -L fill_cs_corner_uv_rl.F ]; then ln -s /project/pv915002-hpcign/wdiazcar/real-benchmarks-20260926/sources/MITgcm/eesupp/src/fill_cs_corner_uv_rl.F fill_cs_corner_uv_rl.F; fi
if [ ! -L fill_cs_corner_uv_rs.F ]; then ln -s /project/pv915002-hpcign/wdiazcar/real-benchmarks-20260926/sources/MITgcm/eesupp/src/fill_cs_corner_uv_rs.F fill_cs_corner_uv_rs.F; fi
if [ ! -L fool_the_compiler.F ]; then ln -s /project/pv915002-hpcign/wdiazcar/real-benchmarks-20260926/sources/MITgcm/eesupp/src/fool_the_compiler.F fool_the_compiler.F; fi
if [ ! -L gather_2d_r4.F ]; then ln -s /project/pv915002-hpcign/wdiazcar/real-benchmarks-20260926/sources/MITgcm/eesupp/src/gather_2d_r4.F gather_2d_r4.F; fi
if [ ! -L gather_2d_r8.F ]; then ln -s /project/pv915002-hpcign/wdiazcar/real-benchmarks-20260926/sources/MITgcm/eesupp/src/gather_2d_r8.F gather_2d_r8.F; fi
if [ ! -L gather_2d_wh_r4.F ]; then ln -s /project/pv915002-hpcign/wdiazcar/real-benchmarks-20260926/sources/MITgcm/eesupp/src/gather_2d_wh_r4.F gather_2d_wh_r4.F; fi
if [ ! -L gather_2d_wh_r8.F ]; then ln -s /project/pv915002-hpcign/wdiazcar/real-benchmarks-20260926/sources/MITgcm/eesupp/src/gather_2d_wh_r8.F gather_2d_wh_r8.F; fi
if [ ! -L gather_vec_r4.F ]; then ln -s /project/pv915002-hpcign/wdiazcar/real-benchmarks-20260926/sources/MITgcm/eesupp/src/gather_vec_r4.F gather_vec_r4.F; fi
if [ ! -L gather_vec_r8.F ]; then ln -s /project/pv915002-hpcign/wdiazcar/real-benchmarks-20260926/sources/MITgcm/eesupp/src/gather_vec_r8.F gather_vec_r8.F; fi
if [ ! -L gather_xz.F ]; then ln -s /project/pv915002-hpcign/wdiazcar/real-benchmarks-20260926/sources/MITgcm/eesupp/src/gather_xz.F gather_xz.F; fi
if [ ! -L gather_yz.F ]; then ln -s /project/pv915002-hpcign/wdiazcar/real-benchmarks-20260926/sources/MITgcm/eesupp/src/gather_yz.F gather_yz.F; fi
if [ ! -L get_periodic_interval.F ]; then ln -s /project/pv915002-hpcign/wdiazcar/real-benchmarks-20260926/sources/MITgcm/eesupp/src/get_periodic_interval.F get_periodic_interval.F; fi
if [ ! -L global_max.F ]; then ln -s /project/pv915002-hpcign/wdiazcar/real-benchmarks-20260926/sources/MITgcm/eesupp/src/global_max.F global_max.F; fi
if [ ! -L global_sum.F ]; then ln -s /project/pv915002-hpcign/wdiazcar/real-benchmarks-20260926/sources/MITgcm/eesupp/src/global_sum.F global_sum.F; fi
if [ ! -L global_sum_singlecpu.F ]; then ln -s /project/pv915002-hpcign/wdiazcar/real-benchmarks-20260926/sources/MITgcm/eesupp/src/global_sum_singlecpu.F global_sum_singlecpu.F; fi
if [ ! -L global_sum_tile.F ]; then ln -s /project/pv915002-hpcign/wdiazcar/real-benchmarks-20260926/sources/MITgcm/eesupp/src/global_sum_tile.F global_sum_tile.F; fi
if [ ! -L global_sum_vector.F ]; then ln -s /project/pv915002-hpcign/wdiazcar/real-benchmarks-20260926/sources/MITgcm/eesupp/src/global_sum_vector.F global_sum_vector.F; fi
if [ ! -L ini_communication_patterns.F ]; then ln -s /project/pv915002-hpcign/wdiazcar/real-benchmarks-20260926/sources/MITgcm/eesupp/src/ini_communication_patterns.F ini_communication_patterns.F; fi
if [ ! -L ini_procs.F ]; then ln -s /project/pv915002-hpcign/wdiazcar/real-benchmarks-20260926/sources/MITgcm/eesupp/src/ini_procs.F ini_procs.F; fi
if [ ! -L ini_threading_environment.F ]; then ln -s /project/pv915002-hpcign/wdiazcar/real-benchmarks-20260926/sources/MITgcm/eesupp/src/ini_threading_environment.F ini_threading_environment.F; fi
if [ ! -L lef_zero.F ]; then ln -s /project/pv915002-hpcign/wdiazcar/real-benchmarks-20260926/sources/MITgcm/eesupp/src/lef_zero.F lef_zero.F; fi
if [ ! -L main.F ]; then ln -s /project/pv915002-hpcign/wdiazcar/real-benchmarks-20260926/sources/MITgcm/eesupp/src/main.F main.F; fi
if [ ! -L master_cpu_io.F ]; then ln -s /project/pv915002-hpcign/wdiazcar/real-benchmarks-20260926/sources/MITgcm/eesupp/src/master_cpu_io.F master_cpu_io.F; fi
if [ ! -L master_cpu_thread.F ]; then ln -s /project/pv915002-hpcign/wdiazcar/real-benchmarks-20260926/sources/MITgcm/eesupp/src/master_cpu_thread.F master_cpu_thread.F; fi
if [ ! -L mds_byteswapi4.F ]; then ln -s /project/pv915002-hpcign/wdiazcar/real-benchmarks-20260926/sources/MITgcm/eesupp/src/mds_byteswapi4.F mds_byteswapi4.F; fi
if [ ! -L mds_byteswapr4.F ]; then ln -s /project/pv915002-hpcign/wdiazcar/real-benchmarks-20260926/sources/MITgcm/eesupp/src/mds_byteswapr4.F mds_byteswapr4.F; fi
if [ ! -L mds_byteswapr8.F ]; then ln -s /project/pv915002-hpcign/wdiazcar/real-benchmarks-20260926/sources/MITgcm/eesupp/src/mds_byteswapr8.F mds_byteswapr8.F; fi
if [ ! -L mds_flush.F ]; then ln -s /project/pv915002-hpcign/wdiazcar/real-benchmarks-20260926/sources/MITgcm/eesupp/src/mds_flush.F mds_flush.F; fi
if [ ! -L mds_reclen.F ]; then ln -s /project/pv915002-hpcign/wdiazcar/real-benchmarks-20260926/sources/MITgcm/eesupp/src/mds_reclen.F mds_reclen.F; fi
if [ ! -L mdsfindunit.F ]; then ln -s /project/pv915002-hpcign/wdiazcar/real-benchmarks-20260926/sources/MITgcm/eesupp/src/mdsfindunit.F mdsfindunit.F; fi
if [ ! -L memsync.F ]; then ln -s /project/pv915002-hpcign/wdiazcar/real-benchmarks-20260926/sources/MITgcm/eesupp/src/memsync.F memsync.F; fi
if [ ! -L nml_change_syntax.F ]; then ln -s /project/pv915002-hpcign/wdiazcar/real-benchmarks-20260926/sources/MITgcm/eesupp/src/nml_change_syntax.F nml_change_syntax.F; fi
if [ ! -L nml_set_terminator.F ]; then ln -s /project/pv915002-hpcign/wdiazcar/real-benchmarks-20260926/sources/MITgcm/eesupp/src/nml_set_terminator.F nml_set_terminator.F; fi
if [ ! -L open_copy_data_file.F ]; then ln -s /project/pv915002-hpcign/wdiazcar/real-benchmarks-20260926/sources/MITgcm/eesupp/src/open_copy_data_file.F open_copy_data_file.F; fi
if [ ! -L print.F ]; then ln -s /project/pv915002-hpcign/wdiazcar/real-benchmarks-20260926/sources/MITgcm/eesupp/src/print.F print.F; fi
if [ ! -L reset_halo.F ]; then ln -s /project/pv915002-hpcign/wdiazcar/real-benchmarks-20260926/sources/MITgcm/eesupp/src/reset_halo.F reset_halo.F; fi
if [ ! -L scatter_2d_r4.F ]; then ln -s /project/pv915002-hpcign/wdiazcar/real-benchmarks-20260926/sources/MITgcm/eesupp/src/scatter_2d_r4.F scatter_2d_r4.F; fi
if [ ! -L scatter_2d_r8.F ]; then ln -s /project/pv915002-hpcign/wdiazcar/real-benchmarks-20260926/sources/MITgcm/eesupp/src/scatter_2d_r8.F scatter_2d_r8.F; fi
if [ ! -L scatter_2d_wh_r4.F ]; then ln -s /project/pv915002-hpcign/wdiazcar/real-benchmarks-20260926/sources/MITgcm/eesupp/src/scatter_2d_wh_r4.F scatter_2d_wh_r4.F; fi
if [ ! -L scatter_2d_wh_r8.F ]; then ln -s /project/pv915002-hpcign/wdiazcar/real-benchmarks-20260926/sources/MITgcm/eesupp/src/scatter_2d_wh_r8.F scatter_2d_wh_r8.F; fi
if [ ! -L scatter_vec_r4.F ]; then ln -s /project/pv915002-hpcign/wdiazcar/real-benchmarks-20260926/sources/MITgcm/eesupp/src/scatter_vec_r4.F scatter_vec_r4.F; fi
if [ ! -L scatter_vec_r8.F ]; then ln -s /project/pv915002-hpcign/wdiazcar/real-benchmarks-20260926/sources/MITgcm/eesupp/src/scatter_vec_r8.F scatter_vec_r8.F; fi
if [ ! -L scatter_xz.F ]; then ln -s /project/pv915002-hpcign/wdiazcar/real-benchmarks-20260926/sources/MITgcm/eesupp/src/scatter_xz.F scatter_xz.F; fi
if [ ! -L scatter_yz.F ]; then ln -s /project/pv915002-hpcign/wdiazcar/real-benchmarks-20260926/sources/MITgcm/eesupp/src/scatter_yz.F scatter_yz.F; fi
if [ ! -L stop_if_error.F ]; then ln -s /project/pv915002-hpcign/wdiazcar/real-benchmarks-20260926/sources/MITgcm/eesupp/src/stop_if_error.F stop_if_error.F; fi
if [ ! -L timers.F ]; then ln -s /project/pv915002-hpcign/wdiazcar/real-benchmarks-20260926/sources/MITgcm/eesupp/src/timers.F timers.F; fi
if [ ! -L utils.F ]; then ln -s /project/pv915002-hpcign/wdiazcar/real-benchmarks-20260926/sources/MITgcm/eesupp/src/utils.F utils.F; fi
if [ ! -L write_utils.F ]; then ln -s /project/pv915002-hpcign/wdiazcar/real-benchmarks-20260926/sources/MITgcm/eesupp/src/write_utils.F write_utils.F; fi
if [ ! -L adams_bashforth2.F ]; then ln -s /project/pv915002-hpcign/wdiazcar/real-benchmarks-20260926/sources/MITgcm/model/src/adams_bashforth2.F adams_bashforth2.F; fi
if [ ! -L adams_bashforth3.F ]; then ln -s /project/pv915002-hpcign/wdiazcar/real-benchmarks-20260926/sources/MITgcm/model/src/adams_bashforth3.F adams_bashforth3.F; fi
if [ ! -L add_walls2masks.F ]; then ln -s /project/pv915002-hpcign/wdiazcar/real-benchmarks-20260926/sources/MITgcm/model/src/add_walls2masks.F add_walls2masks.F; fi
if [ ! -L apply_forcing.F ]; then ln -s /project/pv915002-hpcign/wdiazcar/real-benchmarks-20260926/sources/MITgcm/model/src/apply_forcing.F apply_forcing.F; fi
if [ ! -L calc_3d_diffusivity.F ]; then ln -s /project/pv915002-hpcign/wdiazcar/real-benchmarks-20260926/sources/MITgcm/model/src/calc_3d_diffusivity.F calc_3d_diffusivity.F; fi
if [ ! -L calc_adv_flow.F ]; then ln -s /project/pv915002-hpcign/wdiazcar/real-benchmarks-20260926/sources/MITgcm/model/src/calc_adv_flow.F calc_adv_flow.F; fi
if [ ! -L calc_div_ghat.F ]; then ln -s /project/pv915002-hpcign/wdiazcar/real-benchmarks-20260926/sources/MITgcm/model/src/calc_div_ghat.F calc_div_ghat.F; fi
if [ ! -L calc_eddy_stress.F ]; then ln -s /project/pv915002-hpcign/wdiazcar/real-benchmarks-20260926/sources/MITgcm/model/src/calc_eddy_stress.F calc_eddy_stress.F; fi
if [ ! -L calc_grad_phi_fv.F ]; then ln -s /project/pv915002-hpcign/wdiazcar/real-benchmarks-20260926/sources/MITgcm/model/src/calc_grad_phi_fv.F calc_grad_phi_fv.F; fi
if [ ! -L calc_grad_phi_hyd.F ]; then ln -s /project/pv915002-hpcign/wdiazcar/real-benchmarks-20260926/sources/MITgcm/model/src/calc_grad_phi_hyd.F calc_grad_phi_hyd.F; fi
if [ ! -L calc_grad_phi_surf.F ]; then ln -s /project/pv915002-hpcign/wdiazcar/real-benchmarks-20260926/sources/MITgcm/model/src/calc_grad_phi_surf.F calc_grad_phi_surf.F; fi
if [ ! -L calc_grid_angles.F ]; then ln -s /project/pv915002-hpcign/wdiazcar/real-benchmarks-20260926/sources/MITgcm/model/src/calc_grid_angles.F calc_grid_angles.F; fi
if [ ! -L calc_gw.F ]; then ln -s /project/pv915002-hpcign/wdiazcar/real-benchmarks-20260926/sources/MITgcm/model/src/calc_gw.F calc_gw.F; fi
if [ ! -L calc_ivdc.F ]; then ln -s /project/pv915002-hpcign/wdiazcar/real-benchmarks-20260926/sources/MITgcm/model/src/calc_ivdc.F calc_ivdc.F; fi
if [ ! -L calc_oce_mxlayer.F ]; then ln -s /project/pv915002-hpcign/wdiazcar/real-benchmarks-20260926/sources/MITgcm/model/src/calc_oce_mxlayer.F calc_oce_mxlayer.F; fi
if [ ! -L calc_phi_hyd.F ]; then ln -s /project/pv915002-hpcign/wdiazcar/real-benchmarks-20260926/sources/MITgcm/model/src/calc_phi_hyd.F calc_phi_hyd.F; fi
if [ ! -L calc_r_star.F ]; then ln -s /project/pv915002-hpcign/wdiazcar/real-benchmarks-20260926/sources/MITgcm/model/src/calc_r_star.F calc_r_star.F; fi
if [ ! -L calc_surf_dr.F ]; then ln -s /project/pv915002-hpcign/wdiazcar/real-benchmarks-20260926/sources/MITgcm/model/src/calc_surf_dr.F calc_surf_dr.F; fi
if [ ! -L calc_viscosity.F ]; then ln -s /project/pv915002-hpcign/wdiazcar/real-benchmarks-20260926/sources/MITgcm/model/src/calc_viscosity.F calc_viscosity.F; fi
if [ ! -L calc_wsurf_tr.F ]; then ln -s /project/pv915002-hpcign/wdiazcar/real-benchmarks-20260926/sources/MITgcm/model/src/calc_wsurf_tr.F calc_wsurf_tr.F; fi
if [ ! -L cg2d.F ]; then ln -s /project/pv915002-hpcign/wdiazcar/real-benchmarks-20260926/sources/MITgcm/model/src/cg2d.F cg2d.F; fi
if [ ! -L cg2d_ex0.F ]; then ln -s /project/pv915002-hpcign/wdiazcar/real-benchmarks-20260926/sources/MITgcm/model/src/cg2d_ex0.F cg2d_ex0.F; fi
if [ ! -L cg2d_nsa.F ]; then ln -s /project/pv915002-hpcign/wdiazcar/real-benchmarks-20260926/sources/MITgcm/model/src/cg2d_nsa.F cg2d_nsa.F; fi
if [ ! -L cg2d_sr.F ]; then ln -s /project/pv915002-hpcign/wdiazcar/real-benchmarks-20260926/sources/MITgcm/model/src/cg2d_sr.F cg2d_sr.F; fi
if [ ! -L cg3d.F ]; then ln -s /project/pv915002-hpcign/wdiazcar/real-benchmarks-20260926/sources/MITgcm/model/src/cg3d.F cg3d.F; fi
if [ ! -L cg3d_ex0.F ]; then ln -s /project/pv915002-hpcign/wdiazcar/real-benchmarks-20260926/sources/MITgcm/model/src/cg3d_ex0.F cg3d_ex0.F; fi
if [ ! -L check_pickup.F ]; then ln -s /project/pv915002-hpcign/wdiazcar/real-benchmarks-20260926/sources/MITgcm/model/src/check_pickup.F check_pickup.F; fi
if [ ! -L config_check.F ]; then ln -s /project/pv915002-hpcign/wdiazcar/real-benchmarks-20260926/sources/MITgcm/model/src/config_check.F config_check.F; fi
if [ ! -L config_summary.F ]; then ln -s /project/pv915002-hpcign/wdiazcar/real-benchmarks-20260926/sources/MITgcm/model/src/config_summary.F config_summary.F; fi
if [ ! -L convective_adjustment.F ]; then ln -s /project/pv915002-hpcign/wdiazcar/real-benchmarks-20260926/sources/MITgcm/model/src/convective_adjustment.F convective_adjustment.F; fi
if [ ! -L convective_adjustment_ini.F ]; then ln -s /project/pv915002-hpcign/wdiazcar/real-benchmarks-20260926/sources/MITgcm/model/src/convective_adjustment_ini.F convective_adjustment_ini.F; fi
if [ ! -L convective_weights.F ]; then ln -s /project/pv915002-hpcign/wdiazcar/real-benchmarks-20260926/sources/MITgcm/model/src/convective_weights.F convective_weights.F; fi
if [ ! -L convectively_mixtracer.F ]; then ln -s /project/pv915002-hpcign/wdiazcar/real-benchmarks-20260926/sources/MITgcm/model/src/convectively_mixtracer.F convectively_mixtracer.F; fi
if [ ! -L correction_step.F ]; then ln -s /project/pv915002-hpcign/wdiazcar/real-benchmarks-20260926/sources/MITgcm/model/src/correction_step.F correction_step.F; fi
if [ ! -L cycle_ab_tracer.F ]; then ln -s /project/pv915002-hpcign/wdiazcar/real-benchmarks-20260926/sources/MITgcm/model/src/cycle_ab_tracer.F cycle_ab_tracer.F; fi
if [ ! -L cycle_tracer.F ]; then ln -s /project/pv915002-hpcign/wdiazcar/real-benchmarks-20260926/sources/MITgcm/model/src/cycle_tracer.F cycle_tracer.F; fi
if [ ! -L diags_oceanic_surf_flux.F ]; then ln -s /project/pv915002-hpcign/wdiazcar/real-benchmarks-20260926/sources/MITgcm/model/src/diags_oceanic_surf_flux.F diags_oceanic_surf_flux.F; fi
if [ ! -L diags_phi_hyd.F ]; then ln -s /project/pv915002-hpcign/wdiazcar/real-benchmarks-20260926/sources/MITgcm/model/src/diags_phi_hyd.F diags_phi_hyd.F; fi
if [ ! -L diags_phi_rlow.F ]; then ln -s /project/pv915002-hpcign/wdiazcar/real-benchmarks-20260926/sources/MITgcm/model/src/diags_phi_rlow.F diags_phi_rlow.F; fi
if [ ! -L diags_rho.F ]; then ln -s /project/pv915002-hpcign/wdiazcar/real-benchmarks-20260926/sources/MITgcm/model/src/diags_rho.F diags_rho.F; fi
if [ ! -L diags_sound_speed.F ]; then ln -s /project/pv915002-hpcign/wdiazcar/real-benchmarks-20260926/sources/MITgcm/model/src/diags_sound_speed.F diags_sound_speed.F; fi
if [ ! -L do_atmospheric_phys.F ]; then ln -s /project/pv915002-hpcign/wdiazcar/real-benchmarks-20260926/sources/MITgcm/model/src/do_atmospheric_phys.F do_atmospheric_phys.F; fi
if [ ! -L do_fields_blocking_exchanges.F ]; then ln -s /project/pv915002-hpcign/wdiazcar/real-benchmarks-20260926/sources/MITgcm/model/src/do_fields_blocking_exchanges.F do_fields_blocking_exchanges.F; fi
if [ ! -L do_oceanic_phys.F ]; then ln -s /project/pv915002-hpcign/wdiazcar/real-benchmarks-20260926/sources/MITgcm/model/src/do_oceanic_phys.F do_oceanic_phys.F; fi
if [ ! -L do_stagger_fields_exchanges.F ]; then ln -s /project/pv915002-hpcign/wdiazcar/real-benchmarks-20260926/sources/MITgcm/model/src/do_stagger_fields_exchanges.F do_stagger_fields_exchanges.F; fi
if [ ! -L do_statevars_diags.F ]; then ln -s /project/pv915002-hpcign/wdiazcar/real-benchmarks-20260926/sources/MITgcm/model/src/do_statevars_diags.F do_statevars_diags.F; fi
if [ ! -L do_the_model_io.F ]; then ln -s /project/pv915002-hpcign/wdiazcar/real-benchmarks-20260926/sources/MITgcm/model/src/do_the_model_io.F do_the_model_io.F; fi
if [ ! -L do_write_pickup.F ]; then ln -s /project/pv915002-hpcign/wdiazcar/real-benchmarks-20260926/sources/MITgcm/model/src/do_write_pickup.F do_write_pickup.F; fi
if [ ! -L dynamics.F ]; then ln -s /project/pv915002-hpcign/wdiazcar/real-benchmarks-20260926/sources/MITgcm/model/src/dynamics.F dynamics.F; fi
if [ ! -L external_fields_load.F ]; then ln -s /project/pv915002-hpcign/wdiazcar/real-benchmarks-20260926/sources/MITgcm/model/src/external_fields_load.F external_fields_load.F; fi
if [ ! -L external_forcing.F ]; then ln -s /project/pv915002-hpcign/wdiazcar/real-benchmarks-20260926/sources/MITgcm/model/src/external_forcing.F external_forcing.F; fi
if [ ! -L external_forcing_surf.F ]; then ln -s /project/pv915002-hpcign/wdiazcar/real-benchmarks-20260926/sources/MITgcm/model/src/external_forcing_surf.F external_forcing_surf.F; fi
if [ ! -L find_alpha.F ]; then ln -s /project/pv915002-hpcign/wdiazcar/real-benchmarks-20260926/sources/MITgcm/model/src/find_alpha.F find_alpha.F; fi
if [ ! -L find_hyd_press_1d.F ]; then ln -s /project/pv915002-hpcign/wdiazcar/real-benchmarks-20260926/sources/MITgcm/model/src/find_hyd_press_1d.F find_hyd_press_1d.F; fi
if [ ! -L find_rho.F ]; then ln -s /project/pv915002-hpcign/wdiazcar/real-benchmarks-20260926/sources/MITgcm/model/src/find_rho.F find_rho.F; fi
if [ ! -L forcing_surf_relax.F ]; then ln -s /project/pv915002-hpcign/wdiazcar/real-benchmarks-20260926/sources/MITgcm/model/src/forcing_surf_relax.F forcing_surf_relax.F; fi
if [ ! -L forward_step.F ]; then ln -s /project/pv915002-hpcign/wdiazcar/real-benchmarks-20260926/sources/MITgcm/model/src/forward_step.F forward_step.F; fi
if [ ! -L freesurf_rescale_g.F ]; then ln -s /project/pv915002-hpcign/wdiazcar/real-benchmarks-20260926/sources/MITgcm/model/src/freesurf_rescale_g.F freesurf_rescale_g.F; fi
if [ ! -L freeze_surface.F ]; then ln -s /project/pv915002-hpcign/wdiazcar/real-benchmarks-20260926/sources/MITgcm/model/src/freeze_surface.F freeze_surface.F; fi
if [ ! -L grad_sigma.F ]; then ln -s /project/pv915002-hpcign/wdiazcar/real-benchmarks-20260926/sources/MITgcm/model/src/grad_sigma.F grad_sigma.F; fi
if [ ! -L gsw_teos10.F ]; then ln -s /project/pv915002-hpcign/wdiazcar/real-benchmarks-20260926/sources/MITgcm/model/src/gsw_teos10.F gsw_teos10.F; fi
if [ ! -L impldiff.F ]; then ln -s /project/pv915002-hpcign/wdiazcar/real-benchmarks-20260926/sources/MITgcm/model/src/impldiff.F impldiff.F; fi
if [ ! -L ini_cartesian_grid.F ]; then ln -s /project/pv915002-hpcign/wdiazcar/real-benchmarks-20260926/sources/MITgcm/model/src/ini_cartesian_grid.F ini_cartesian_grid.F; fi
if [ ! -L ini_cg2d.F ]; then ln -s /project/pv915002-hpcign/wdiazcar/real-benchmarks-20260926/sources/MITgcm/model/src/ini_cg2d.F ini_cg2d.F; fi
if [ ! -L ini_cg3d.F ]; then ln -s /project/pv915002-hpcign/wdiazcar/real-benchmarks-20260926/sources/MITgcm/model/src/ini_cg3d.F ini_cg3d.F; fi
if [ ! -L ini_cori.F ]; then ln -s /project/pv915002-hpcign/wdiazcar/real-benchmarks-20260926/sources/MITgcm/model/src/ini_cori.F ini_cori.F; fi
if [ ! -L ini_curvilinear_grid.F ]; then ln -s /project/pv915002-hpcign/wdiazcar/real-benchmarks-20260926/sources/MITgcm/model/src/ini_curvilinear_grid.F ini_curvilinear_grid.F; fi
if [ ! -L ini_cylinder_grid.F ]; then ln -s /project/pv915002-hpcign/wdiazcar/real-benchmarks-20260926/sources/MITgcm/model/src/ini_cylinder_grid.F ini_cylinder_grid.F; fi
if [ ! -L ini_depths.F ]; then ln -s /project/pv915002-hpcign/wdiazcar/real-benchmarks-20260926/sources/MITgcm/model/src/ini_depths.F ini_depths.F; fi
if [ ! -L ini_dynvars.F ]; then ln -s /project/pv915002-hpcign/wdiazcar/real-benchmarks-20260926/sources/MITgcm/model/src/ini_dynvars.F ini_dynvars.F; fi
if [ ! -L ini_eos.F ]; then ln -s /project/pv915002-hpcign/wdiazcar/real-benchmarks-20260926/sources/MITgcm/model/src/ini_eos.F ini_eos.F; fi
if [ ! -L ini_ffields.F ]; then ln -s /project/pv915002-hpcign/wdiazcar/real-benchmarks-20260926/sources/MITgcm/model/src/ini_ffields.F ini_ffields.F; fi
if [ ! -L ini_fields.F ]; then ln -s /project/pv915002-hpcign/wdiazcar/real-benchmarks-20260926/sources/MITgcm/model/src/ini_fields.F ini_fields.F; fi
if [ ! -L ini_forcing.F ]; then ln -s /project/pv915002-hpcign/wdiazcar/real-benchmarks-20260926/sources/MITgcm/model/src/ini_forcing.F ini_forcing.F; fi
if [ ! -L ini_global_domain.F ]; then ln -s /project/pv915002-hpcign/wdiazcar/real-benchmarks-20260926/sources/MITgcm/model/src/ini_global_domain.F ini_global_domain.F; fi
if [ ! -L ini_grid.F ]; then ln -s /project/pv915002-hpcign/wdiazcar/real-benchmarks-20260926/sources/MITgcm/model/src/ini_grid.F ini_grid.F; fi
if [ ! -L ini_linear_phisurf.F ]; then ln -s /project/pv915002-hpcign/wdiazcar/real-benchmarks-20260926/sources/MITgcm/model/src/ini_linear_phisurf.F ini_linear_phisurf.F; fi
if [ ! -L ini_local_grid.F ]; then ln -s /project/pv915002-hpcign/wdiazcar/real-benchmarks-20260926/sources/MITgcm/model/src/ini_local_grid.F ini_local_grid.F; fi
if [ ! -L ini_masks_etc.F ]; then ln -s /project/pv915002-hpcign/wdiazcar/real-benchmarks-20260926/sources/MITgcm/model/src/ini_masks_etc.F ini_masks_etc.F; fi
if [ ! -L ini_mixing.F ]; then ln -s /project/pv915002-hpcign/wdiazcar/real-benchmarks-20260926/sources/MITgcm/model/src/ini_mixing.F ini_mixing.F; fi
if [ ! -L ini_mnc_vars.F ]; then ln -s /project/pv915002-hpcign/wdiazcar/real-benchmarks-20260926/sources/MITgcm/model/src/ini_mnc_vars.F ini_mnc_vars.F; fi
if [ ! -L ini_model_io.F ]; then ln -s /project/pv915002-hpcign/wdiazcar/real-benchmarks-20260926/sources/MITgcm/model/src/ini_model_io.F ini_model_io.F; fi
if [ ! -L ini_nh_fields.F ]; then ln -s /project/pv915002-hpcign/wdiazcar/real-benchmarks-20260926/sources/MITgcm/model/src/ini_nh_fields.F ini_nh_fields.F; fi
if [ ! -L ini_nh_vars.F ]; then ln -s /project/pv915002-hpcign/wdiazcar/real-benchmarks-20260926/sources/MITgcm/model/src/ini_nh_vars.F ini_nh_vars.F; fi
if [ ! -L ini_nlfs_vars.F ]; then ln -s /project/pv915002-hpcign/wdiazcar/real-benchmarks-20260926/sources/MITgcm/model/src/ini_nlfs_vars.F ini_nlfs_vars.F; fi
if [ ! -L ini_p_ground.F ]; then ln -s /project/pv915002-hpcign/wdiazcar/real-benchmarks-20260926/sources/MITgcm/model/src/ini_p_ground.F ini_p_ground.F; fi
if [ ! -L ini_parms.F ]; then ln -s /project/pv915002-hpcign/wdiazcar/real-benchmarks-20260926/sources/MITgcm/model/src/ini_parms.F ini_parms.F; fi
if [ ! -L ini_pressure.F ]; then ln -s /project/pv915002-hpcign/wdiazcar/real-benchmarks-20260926/sources/MITgcm/model/src/ini_pressure.F ini_pressure.F; fi
if [ ! -L ini_psurf.F ]; then ln -s /project/pv915002-hpcign/wdiazcar/real-benchmarks-20260926/sources/MITgcm/model/src/ini_psurf.F ini_psurf.F; fi
if [ ! -L ini_salt.F ]; then ln -s /project/pv915002-hpcign/wdiazcar/real-benchmarks-20260926/sources/MITgcm/model/src/ini_salt.F ini_salt.F; fi
if [ ! -L ini_sigma_hfac.F ]; then ln -s /project/pv915002-hpcign/wdiazcar/real-benchmarks-20260926/sources/MITgcm/model/src/ini_sigma_hfac.F ini_sigma_hfac.F; fi
if [ ! -L ini_spherical_polar_grid.F ]; then ln -s /project/pv915002-hpcign/wdiazcar/real-benchmarks-20260926/sources/MITgcm/model/src/ini_spherical_polar_grid.F ini_spherical_polar_grid.F; fi
if [ ! -L ini_theta.F ]; then ln -s /project/pv915002-hpcign/wdiazcar/real-benchmarks-20260926/sources/MITgcm/model/src/ini_theta.F ini_theta.F; fi
if [ ! -L ini_vel.F ]; then ln -s /project/pv915002-hpcign/wdiazcar/real-benchmarks-20260926/sources/MITgcm/model/src/ini_vel.F ini_vel.F; fi
if [ ! -L ini_vertical_grid.F ]; then ln -s /project/pv915002-hpcign/wdiazcar/real-benchmarks-20260926/sources/MITgcm/model/src/ini_vertical_grid.F ini_vertical_grid.F; fi
if [ ! -L initialise_fixed.F ]; then ln -s /project/pv915002-hpcign/wdiazcar/real-benchmarks-20260926/sources/MITgcm/model/src/initialise_fixed.F initialise_fixed.F; fi
if [ ! -L initialise_varia.F ]; then ln -s /project/pv915002-hpcign/wdiazcar/real-benchmarks-20260926/sources/MITgcm/model/src/initialise_varia.F initialise_varia.F; fi
if [ ! -L integr_continuity.F ]; then ln -s /project/pv915002-hpcign/wdiazcar/real-benchmarks-20260926/sources/MITgcm/model/src/integr_continuity.F integr_continuity.F; fi
if [ ! -L integrate_for_w.F ]; then ln -s /project/pv915002-hpcign/wdiazcar/real-benchmarks-20260926/sources/MITgcm/model/src/integrate_for_w.F integrate_for_w.F; fi
if [ ! -L load_fields_driver.F ]; then ln -s /project/pv915002-hpcign/wdiazcar/real-benchmarks-20260926/sources/MITgcm/model/src/load_fields_driver.F load_fields_driver.F; fi
if [ ! -L load_grid_spacing.F ]; then ln -s /project/pv915002-hpcign/wdiazcar/real-benchmarks-20260926/sources/MITgcm/model/src/load_grid_spacing.F load_grid_spacing.F; fi
if [ ! -L load_ref_files.F ]; then ln -s /project/pv915002-hpcign/wdiazcar/real-benchmarks-20260926/sources/MITgcm/model/src/load_ref_files.F load_ref_files.F; fi
if [ ! -L main_do_loop.F ]; then ln -s /project/pv915002-hpcign/wdiazcar/real-benchmarks-20260926/sources/MITgcm/model/src/main_do_loop.F main_do_loop.F; fi
if [ ! -L momentum_correction_step.F ]; then ln -s /project/pv915002-hpcign/wdiazcar/real-benchmarks-20260926/sources/MITgcm/model/src/momentum_correction_step.F momentum_correction_step.F; fi
if [ ! -L packages_boot.F ]; then ln -s /project/pv915002-hpcign/wdiazcar/real-benchmarks-20260926/sources/MITgcm/model/src/packages_boot.F packages_boot.F; fi
if [ ! -L packages_check.F ]; then ln -s /project/pv915002-hpcign/wdiazcar/real-benchmarks-20260926/sources/MITgcm/model/src/packages_check.F packages_check.F; fi
if [ ! -L packages_error_msg.F ]; then ln -s /project/pv915002-hpcign/wdiazcar/real-benchmarks-20260926/sources/MITgcm/model/src/packages_error_msg.F packages_error_msg.F; fi
if [ ! -L packages_init_fixed.F ]; then ln -s /project/pv915002-hpcign/wdiazcar/real-benchmarks-20260926/sources/MITgcm/model/src/packages_init_fixed.F packages_init_fixed.F; fi
if [ ! -L packages_init_variables.F ]; then ln -s /project/pv915002-hpcign/wdiazcar/real-benchmarks-20260926/sources/MITgcm/model/src/packages_init_variables.F packages_init_variables.F; fi
if [ ! -L packages_print_msg.F ]; then ln -s /project/pv915002-hpcign/wdiazcar/real-benchmarks-20260926/sources/MITgcm/model/src/packages_print_msg.F packages_print_msg.F; fi
if [ ! -L packages_readparms.F ]; then ln -s /project/pv915002-hpcign/wdiazcar/real-benchmarks-20260926/sources/MITgcm/model/src/packages_readparms.F packages_readparms.F; fi
if [ ! -L packages_unused_msg.F ]; then ln -s /project/pv915002-hpcign/wdiazcar/real-benchmarks-20260926/sources/MITgcm/model/src/packages_unused_msg.F packages_unused_msg.F; fi
if [ ! -L packages_write_pickup.F ]; then ln -s /project/pv915002-hpcign/wdiazcar/real-benchmarks-20260926/sources/MITgcm/model/src/packages_write_pickup.F packages_write_pickup.F; fi
if [ ! -L plot_field.F ]; then ln -s /project/pv915002-hpcign/wdiazcar/real-benchmarks-20260926/sources/MITgcm/model/src/plot_field.F plot_field.F; fi
if [ ! -L port_rand.F ]; then ln -s /project/pv915002-hpcign/wdiazcar/real-benchmarks-20260926/sources/MITgcm/model/src/port_rand.F port_rand.F; fi
if [ ! -L post_cg3d.F ]; then ln -s /project/pv915002-hpcign/wdiazcar/real-benchmarks-20260926/sources/MITgcm/model/src/post_cg3d.F post_cg3d.F; fi
if [ ! -L pre_cg3d.F ]; then ln -s /project/pv915002-hpcign/wdiazcar/real-benchmarks-20260926/sources/MITgcm/model/src/pre_cg3d.F pre_cg3d.F; fi
if [ ! -L pressure_for_eos.F ]; then ln -s /project/pv915002-hpcign/wdiazcar/real-benchmarks-20260926/sources/MITgcm/model/src/pressure_for_eos.F pressure_for_eos.F; fi
if [ ! -L read_pickup.F ]; then ln -s /project/pv915002-hpcign/wdiazcar/real-benchmarks-20260926/sources/MITgcm/model/src/read_pickup.F read_pickup.F; fi
if [ ! -L remove_mean.F ]; then ln -s /project/pv915002-hpcign/wdiazcar/real-benchmarks-20260926/sources/MITgcm/model/src/remove_mean.F remove_mean.F; fi
if [ ! -L reset_nlfs_vars.F ]; then ln -s /project/pv915002-hpcign/wdiazcar/real-benchmarks-20260926/sources/MITgcm/model/src/reset_nlfs_vars.F reset_nlfs_vars.F; fi
if [ ! -L rotate_spherical_polar_grid.F ]; then ln -s /project/pv915002-hpcign/wdiazcar/real-benchmarks-20260926/sources/MITgcm/model/src/rotate_spherical_polar_grid.F rotate_spherical_polar_grid.F; fi
if [ ! -L rotate_uv2en.F ]; then ln -s /project/pv915002-hpcign/wdiazcar/real-benchmarks-20260926/sources/MITgcm/model/src/rotate_uv2en.F rotate_uv2en.F; fi
if [ ! -L salt_integrate.F ]; then ln -s /project/pv915002-hpcign/wdiazcar/real-benchmarks-20260926/sources/MITgcm/model/src/salt_integrate.F salt_integrate.F; fi
if [ ! -L seawater.F ]; then ln -s /project/pv915002-hpcign/wdiazcar/real-benchmarks-20260926/sources/MITgcm/model/src/seawater.F seawater.F; fi
if [ ! -L set_defaults.F ]; then ln -s /project/pv915002-hpcign/wdiazcar/real-benchmarks-20260926/sources/MITgcm/model/src/set_defaults.F set_defaults.F; fi
if [ ! -L set_grid_factors.F ]; then ln -s /project/pv915002-hpcign/wdiazcar/real-benchmarks-20260926/sources/MITgcm/model/src/set_grid_factors.F set_grid_factors.F; fi
if [ ! -L set_parms.F ]; then ln -s /project/pv915002-hpcign/wdiazcar/real-benchmarks-20260926/sources/MITgcm/model/src/set_parms.F set_parms.F; fi
if [ ! -L set_ref_state.F ]; then ln -s /project/pv915002-hpcign/wdiazcar/real-benchmarks-20260926/sources/MITgcm/model/src/set_ref_state.F set_ref_state.F; fi
if [ ! -L solve_for_pressure.F ]; then ln -s /project/pv915002-hpcign/wdiazcar/real-benchmarks-20260926/sources/MITgcm/model/src/solve_for_pressure.F solve_for_pressure.F; fi
if [ ! -L solve_pentadiagonal.F ]; then ln -s /project/pv915002-hpcign/wdiazcar/real-benchmarks-20260926/sources/MITgcm/model/src/solve_pentadiagonal.F solve_pentadiagonal.F; fi
if [ ! -L solve_tridiagonal.F ]; then ln -s /project/pv915002-hpcign/wdiazcar/real-benchmarks-20260926/sources/MITgcm/model/src/solve_tridiagonal.F solve_tridiagonal.F; fi
if [ ! -L solve_uv_tridiago.F ]; then ln -s /project/pv915002-hpcign/wdiazcar/real-benchmarks-20260926/sources/MITgcm/model/src/solve_uv_tridiago.F solve_uv_tridiago.F; fi
if [ ! -L state_summary.F ]; then ln -s /project/pv915002-hpcign/wdiazcar/real-benchmarks-20260926/sources/MITgcm/model/src/state_summary.F state_summary.F; fi
if [ ! -L swfrac.F ]; then ln -s /project/pv915002-hpcign/wdiazcar/real-benchmarks-20260926/sources/MITgcm/model/src/swfrac.F swfrac.F; fi
if [ ! -L taueddy_init_varia.F ]; then ln -s /project/pv915002-hpcign/wdiazcar/real-benchmarks-20260926/sources/MITgcm/model/src/taueddy_init_varia.F taueddy_init_varia.F; fi
if [ ! -L taueddy_tendency_apply.F ]; then ln -s /project/pv915002-hpcign/wdiazcar/real-benchmarks-20260926/sources/MITgcm/model/src/taueddy_tendency_apply.F taueddy_tendency_apply.F; fi
if [ ! -L temp_integrate.F ]; then ln -s /project/pv915002-hpcign/wdiazcar/real-benchmarks-20260926/sources/MITgcm/model/src/temp_integrate.F temp_integrate.F; fi
if [ ! -L the_main_loop.F ]; then ln -s /project/pv915002-hpcign/wdiazcar/real-benchmarks-20260926/sources/MITgcm/model/src/the_main_loop.F the_main_loop.F; fi
if [ ! -L the_model_main.F ]; then ln -s /project/pv915002-hpcign/wdiazcar/real-benchmarks-20260926/sources/MITgcm/model/src/the_model_main.F the_model_main.F; fi
if [ ! -L thermodynamics.F ]; then ln -s /project/pv915002-hpcign/wdiazcar/real-benchmarks-20260926/sources/MITgcm/model/src/thermodynamics.F thermodynamics.F; fi
if [ ! -L timestep.F ]; then ln -s /project/pv915002-hpcign/wdiazcar/real-benchmarks-20260926/sources/MITgcm/model/src/timestep.F timestep.F; fi
if [ ! -L timestep_tracer.F ]; then ln -s /project/pv915002-hpcign/wdiazcar/real-benchmarks-20260926/sources/MITgcm/model/src/timestep_tracer.F timestep_tracer.F; fi
if [ ! -L timestep_wvel.F ]; then ln -s /project/pv915002-hpcign/wdiazcar/real-benchmarks-20260926/sources/MITgcm/model/src/timestep_wvel.F timestep_wvel.F; fi
if [ ! -L tracers_correction_step.F ]; then ln -s /project/pv915002-hpcign/wdiazcar/real-benchmarks-20260926/sources/MITgcm/model/src/tracers_correction_step.F tracers_correction_step.F; fi
if [ ! -L tracers_iigw_correction.F ]; then ln -s /project/pv915002-hpcign/wdiazcar/real-benchmarks-20260926/sources/MITgcm/model/src/tracers_iigw_correction.F tracers_iigw_correction.F; fi
if [ ! -L turnoff_model_io.F ]; then ln -s /project/pv915002-hpcign/wdiazcar/real-benchmarks-20260926/sources/MITgcm/model/src/turnoff_model_io.F turnoff_model_io.F; fi
if [ ! -L update_cg2d.F ]; then ln -s /project/pv915002-hpcign/wdiazcar/real-benchmarks-20260926/sources/MITgcm/model/src/update_cg2d.F update_cg2d.F; fi
if [ ! -L update_etah.F ]; then ln -s /project/pv915002-hpcign/wdiazcar/real-benchmarks-20260926/sources/MITgcm/model/src/update_etah.F update_etah.F; fi
if [ ! -L update_etaws.F ]; then ln -s /project/pv915002-hpcign/wdiazcar/real-benchmarks-20260926/sources/MITgcm/model/src/update_etaws.F update_etaws.F; fi
if [ ! -L update_masks_etc.F ]; then ln -s /project/pv915002-hpcign/wdiazcar/real-benchmarks-20260926/sources/MITgcm/model/src/update_masks_etc.F update_masks_etc.F; fi
if [ ! -L update_r_star.F ]; then ln -s /project/pv915002-hpcign/wdiazcar/real-benchmarks-20260926/sources/MITgcm/model/src/update_r_star.F update_r_star.F; fi
if [ ! -L update_sigma.F ]; then ln -s /project/pv915002-hpcign/wdiazcar/real-benchmarks-20260926/sources/MITgcm/model/src/update_sigma.F update_sigma.F; fi
if [ ! -L update_surf_dr.F ]; then ln -s /project/pv915002-hpcign/wdiazcar/real-benchmarks-20260926/sources/MITgcm/model/src/update_surf_dr.F update_surf_dr.F; fi
if [ ! -L write_grid.F ]; then ln -s /project/pv915002-hpcign/wdiazcar/real-benchmarks-20260926/sources/MITgcm/model/src/write_grid.F write_grid.F; fi
if [ ! -L write_pickup.F ]; then ln -s /project/pv915002-hpcign/wdiazcar/real-benchmarks-20260926/sources/MITgcm/model/src/write_pickup.F write_pickup.F; fi
if [ ! -L write_state.F ]; then ln -s /project/pv915002-hpcign/wdiazcar/real-benchmarks-20260926/sources/MITgcm/model/src/write_state.F write_state.F; fi
if [ ! -L gsl_ieee_env.c ]; then ln -s /project/pv915002-hpcign/wdiazcar/real-benchmarks-20260926/sources/MITgcm/eesupp/src/gsl_ieee_env.c gsl_ieee_env.c; fi
if [ ! -L ptwrapper.c ]; then ln -s /project/pv915002-hpcign/wdiazcar/real-benchmarks-20260926/sources/MITgcm/eesupp/src/ptwrapper.c ptwrapper.c; fi
if [ ! -L setdir.c ]; then ln -s /project/pv915002-hpcign/wdiazcar/real-benchmarks-20260926/sources/MITgcm/eesupp/src/setdir.c setdir.c; fi
if [ ! -L setrlstk.c ]; then ln -s /project/pv915002-hpcign/wdiazcar/real-benchmarks-20260926/sources/MITgcm/eesupp/src/setrlstk.c setrlstk.c; fi
if [ ! -L sigreg.c ]; then ln -s /project/pv915002-hpcign/wdiazcar/real-benchmarks-20260926/sources/MITgcm/eesupp/src/sigreg.c sigreg.c; fi
if [ ! -L tim.c ]; then ln -s /project/pv915002-hpcign/wdiazcar/real-benchmarks-20260926/sources/MITgcm/eesupp/src/tim.c tim.c; fi
if [ ! -L timer_stats.c ]; then ln -s /project/pv915002-hpcign/wdiazcar/real-benchmarks-20260926/sources/MITgcm/eesupp/src/timer_stats.c timer_stats.c; fi
if [ ! -L DIAGNOSTICS_SIZE.h ]; then ln -s ./code/DIAGNOSTICS_SIZE.h DIAGNOSTICS_SIZE.h; fi
if [ ! -L SIZE.h ]; then ln -s ./code/SIZE.h SIZE.h; fi
if [ ! -L DEBUG_OPTIONS.h ]; then ln -s /project/pv915002-hpcign/wdiazcar/real-benchmarks-20260926/sources/MITgcm/pkg/debug/DEBUG_OPTIONS.h DEBUG_OPTIONS.h; fi
if [ ! -L DIAGNOSTICS.h ]; then ln -s /project/pv915002-hpcign/wdiazcar/real-benchmarks-20260926/sources/MITgcm/pkg/diagnostics/DIAGNOSTICS.h DIAGNOSTICS.h; fi
if [ ! -L DIAGNOSTICS_CALC.h ]; then ln -s /project/pv915002-hpcign/wdiazcar/real-benchmarks-20260926/sources/MITgcm/pkg/diagnostics/DIAGNOSTICS_CALC.h DIAGNOSTICS_CALC.h; fi
if [ ! -L DIAGNOSTICS_P2SHARE.h ]; then ln -s /project/pv915002-hpcign/wdiazcar/real-benchmarks-20260926/sources/MITgcm/pkg/diagnostics/DIAGNOSTICS_P2SHARE.h DIAGNOSTICS_P2SHARE.h; fi
if [ ! -L DIAGSTATS_REGIONS.h ]; then ln -s /project/pv915002-hpcign/wdiazcar/real-benchmarks-20260926/sources/MITgcm/pkg/diagnostics/DIAGSTATS_REGIONS.h DIAGSTATS_REGIONS.h; fi
if [ ! -L DIAG_OPTIONS.h ]; then ln -s /project/pv915002-hpcign/wdiazcar/real-benchmarks-20260926/sources/MITgcm/pkg/diagnostics/DIAG_OPTIONS.h DIAG_OPTIONS.h; fi
if [ ! -L GAD.h ]; then ln -s /project/pv915002-hpcign/wdiazcar/real-benchmarks-20260926/sources/MITgcm/pkg/generic_advdiff/GAD.h GAD.h; fi
if [ ! -L GAD_FLUX_LIMITER.h ]; then ln -s /project/pv915002-hpcign/wdiazcar/real-benchmarks-20260926/sources/MITgcm/pkg/generic_advdiff/GAD_FLUX_LIMITER.h GAD_FLUX_LIMITER.h; fi
if [ ! -L GAD_OPTIONS.h ]; then ln -s /project/pv915002-hpcign/wdiazcar/real-benchmarks-20260926/sources/MITgcm/pkg/generic_advdiff/GAD_OPTIONS.h GAD_OPTIONS.h; fi
if [ ! -L GAD_SOM_VARS.h ]; then ln -s /project/pv915002-hpcign/wdiazcar/real-benchmarks-20260926/sources/MITgcm/pkg/generic_advdiff/GAD_SOM_VARS.h GAD_SOM_VARS.h; fi
if [ ! -L gad_ad_check_lev1_dir.h ]; then ln -s /project/pv915002-hpcign/wdiazcar/real-benchmarks-20260926/sources/MITgcm/pkg/generic_advdiff/gad_ad_check_lev1_dir.h gad_ad_check_lev1_dir.h; fi
if [ ! -L gad_ad_check_lev2_dir.h ]; then ln -s /project/pv915002-hpcign/wdiazcar/real-benchmarks-20260926/sources/MITgcm/pkg/generic_advdiff/gad_ad_check_lev2_dir.h gad_ad_check_lev2_dir.h; fi
if [ ! -L gad_ad_check_lev3_dir.h ]; then ln -s /project/pv915002-hpcign/wdiazcar/real-benchmarks-20260926/sources/MITgcm/pkg/generic_advdiff/gad_ad_check_lev3_dir.h gad_ad_check_lev3_dir.h; fi
if [ ! -L gad_ad_check_lev4_dir.h ]; then ln -s /project/pv915002-hpcign/wdiazcar/real-benchmarks-20260926/sources/MITgcm/pkg/generic_advdiff/gad_ad_check_lev4_dir.h gad_ad_check_lev4_dir.h; fi
if [ ! -L MDSIO_BUFF_3D.h ]; then ln -s /project/pv915002-hpcign/wdiazcar/real-benchmarks-20260926/sources/MITgcm/pkg/mdsio/MDSIO_BUFF_3D.h MDSIO_BUFF_3D.h; fi
if [ ! -L MDSIO_BUFF_WH.h ]; then ln -s /project/pv915002-hpcign/wdiazcar/real-benchmarks-20260926/sources/MITgcm/pkg/mdsio/MDSIO_BUFF_WH.h MDSIO_BUFF_WH.h; fi
if [ ! -L MDSIO_OPTIONS.h ]; then ln -s /project/pv915002-hpcign/wdiazcar/real-benchmarks-20260926/sources/MITgcm/pkg/mdsio/MDSIO_OPTIONS.h MDSIO_OPTIONS.h; fi
if [ ! -L MOM_COMMON_OPTIONS.h ]; then ln -s /project/pv915002-hpcign/wdiazcar/real-benchmarks-20260926/sources/MITgcm/pkg/mom_common/MOM_COMMON_OPTIONS.h MOM_COMMON_OPTIONS.h; fi
if [ ! -L MOM_VISC.h ]; then ln -s /project/pv915002-hpcign/wdiazcar/real-benchmarks-20260926/sources/MITgcm/pkg/mom_common/MOM_VISC.h MOM_VISC.h; fi
if [ ! -L MOM_FLUXFORM.h ]; then ln -s /project/pv915002-hpcign/wdiazcar/real-benchmarks-20260926/sources/MITgcm/pkg/mom_fluxform/MOM_FLUXFORM.h MOM_FLUXFORM.h; fi
if [ ! -L MOM_FLUXFORM_OPTIONS.h ]; then ln -s /project/pv915002-hpcign/wdiazcar/real-benchmarks-20260926/sources/MITgcm/pkg/mom_fluxform/MOM_FLUXFORM_OPTIONS.h MOM_FLUXFORM_OPTIONS.h; fi
if [ ! -L MOM_VECINV_OPTIONS.h ]; then ln -s /project/pv915002-hpcign/wdiazcar/real-benchmarks-20260926/sources/MITgcm/pkg/mom_vecinv/MOM_VECINV_OPTIONS.h MOM_VECINV_OPTIONS.h; fi
if [ ! -L MONITOR.h ]; then ln -s /project/pv915002-hpcign/wdiazcar/real-benchmarks-20260926/sources/MITgcm/pkg/monitor/MONITOR.h MONITOR.h; fi
if [ ! -L MONITOR_OPTIONS.h ]; then ln -s /project/pv915002-hpcign/wdiazcar/real-benchmarks-20260926/sources/MITgcm/pkg/monitor/MONITOR_OPTIONS.h MONITOR_OPTIONS.h; fi
if [ ! -L RW_MFLDS.h ]; then ln -s /project/pv915002-hpcign/wdiazcar/real-benchmarks-20260926/sources/MITgcm/pkg/rw/RW_MFLDS.h RW_MFLDS.h; fi
if [ ! -L RW_OPTIONS.h ]; then ln -s /project/pv915002-hpcign/wdiazcar/real-benchmarks-20260926/sources/MITgcm/pkg/rw/RW_OPTIONS.h RW_OPTIONS.h; fi
if [ ! -L BAR2.h ]; then ln -s /project/pv915002-hpcign/wdiazcar/real-benchmarks-20260926/sources/MITgcm/eesupp/inc/BAR2.h BAR2.h; fi
if [ ! -L BARRIER.h ]; then ln -s /project/pv915002-hpcign/wdiazcar/real-benchmarks-20260926/sources/MITgcm/eesupp/inc/BARRIER.h BARRIER.h; fi
if [ ! -L CPP_EEMACROS.h ]; then ln -s /project/pv915002-hpcign/wdiazcar/real-benchmarks-20260926/sources/MITgcm/eesupp/inc/CPP_EEMACROS.h CPP_EEMACROS.h; fi
if [ ! -L CPP_EEOPTIONS.h ]; then ln -s /project/pv915002-hpcign/wdiazcar/real-benchmarks-20260926/sources/MITgcm/eesupp/inc/CPP_EEOPTIONS.h CPP_EEOPTIONS.h; fi
if [ ! -L CUMULSUM.h ]; then ln -s /project/pv915002-hpcign/wdiazcar/real-benchmarks-20260926/sources/MITgcm/eesupp/inc/CUMULSUM.h CUMULSUM.h; fi
if [ ! -L DEF_IN_MAKEFILE.h ]; then ln -s /project/pv915002-hpcign/wdiazcar/real-benchmarks-20260926/sources/MITgcm/eesupp/inc/DEF_IN_MAKEFILE.h DEF_IN_MAKEFILE.h; fi
if [ ! -L EEBUFF_SCPU.h ]; then ln -s /project/pv915002-hpcign/wdiazcar/real-benchmarks-20260926/sources/MITgcm/eesupp/inc/EEBUFF_SCPU.h EEBUFF_SCPU.h; fi
if [ ! -L EEPARAMS.h ]; then ln -s /project/pv915002-hpcign/wdiazcar/real-benchmarks-20260926/sources/MITgcm/eesupp/inc/EEPARAMS.h EEPARAMS.h; fi
if [ ! -L EESUPPORT.h ]; then ln -s /project/pv915002-hpcign/wdiazcar/real-benchmarks-20260926/sources/MITgcm/eesupp/inc/EESUPPORT.h EESUPPORT.h; fi
if [ ! -L EXCH.h ]; then ln -s /project/pv915002-hpcign/wdiazcar/real-benchmarks-20260926/sources/MITgcm/eesupp/inc/EXCH.h EXCH.h; fi
if [ ! -L GLOBAL_MAX.h ]; then ln -s /project/pv915002-hpcign/wdiazcar/real-benchmarks-20260926/sources/MITgcm/eesupp/inc/GLOBAL_MAX.h GLOBAL_MAX.h; fi
if [ ! -L GLOBAL_SUM.h ]; then ln -s /project/pv915002-hpcign/wdiazcar/real-benchmarks-20260926/sources/MITgcm/eesupp/inc/GLOBAL_SUM.h GLOBAL_SUM.h; fi
if [ ! -L MAIN_PDIRECTIVES1.h ]; then ln -s /project/pv915002-hpcign/wdiazcar/real-benchmarks-20260926/sources/MITgcm/eesupp/inc/MAIN_PDIRECTIVES1.h MAIN_PDIRECTIVES1.h; fi
if [ ! -L MAIN_PDIRECTIVES2.h ]; then ln -s /project/pv915002-hpcign/wdiazcar/real-benchmarks-20260926/sources/MITgcm/eesupp/inc/MAIN_PDIRECTIVES2.h MAIN_PDIRECTIVES2.h; fi
if [ ! -L MPI_INFO.h ]; then ln -s /project/pv915002-hpcign/wdiazcar/real-benchmarks-20260926/sources/MITgcm/eesupp/inc/MPI_INFO.h MPI_INFO.h; fi
if [ ! -L SIGREG.h ]; then ln -s /project/pv915002-hpcign/wdiazcar/real-benchmarks-20260926/sources/MITgcm/eesupp/inc/SIGREG.h SIGREG.h; fi
if [ ! -L CG2D.h ]; then ln -s /project/pv915002-hpcign/wdiazcar/real-benchmarks-20260926/sources/MITgcm/model/inc/CG2D.h CG2D.h; fi
if [ ! -L CG3D.h ]; then ln -s /project/pv915002-hpcign/wdiazcar/real-benchmarks-20260926/sources/MITgcm/model/inc/CG3D.h CG3D.h; fi
if [ ! -L CPP_OPTIONS.h ]; then ln -s /project/pv915002-hpcign/wdiazcar/real-benchmarks-20260926/sources/MITgcm/model/inc/CPP_OPTIONS.h CPP_OPTIONS.h; fi
if [ ! -L DXC_MACROS.h ]; then ln -s /project/pv915002-hpcign/wdiazcar/real-benchmarks-20260926/sources/MITgcm/model/inc/DXC_MACROS.h DXC_MACROS.h; fi
if [ ! -L DXF_MACROS.h ]; then ln -s /project/pv915002-hpcign/wdiazcar/real-benchmarks-20260926/sources/MITgcm/model/inc/DXF_MACROS.h DXF_MACROS.h; fi
if [ ! -L DXG_MACROS.h ]; then ln -s /project/pv915002-hpcign/wdiazcar/real-benchmarks-20260926/sources/MITgcm/model/inc/DXG_MACROS.h DXG_MACROS.h; fi
if [ ! -L DXV_MACROS.h ]; then ln -s /project/pv915002-hpcign/wdiazcar/real-benchmarks-20260926/sources/MITgcm/model/inc/DXV_MACROS.h DXV_MACROS.h; fi
if [ ! -L DYC_MACROS.h ]; then ln -s /project/pv915002-hpcign/wdiazcar/real-benchmarks-20260926/sources/MITgcm/model/inc/DYC_MACROS.h DYC_MACROS.h; fi
if [ ! -L DYF_MACROS.h ]; then ln -s /project/pv915002-hpcign/wdiazcar/real-benchmarks-20260926/sources/MITgcm/model/inc/DYF_MACROS.h DYF_MACROS.h; fi
if [ ! -L DYG_MACROS.h ]; then ln -s /project/pv915002-hpcign/wdiazcar/real-benchmarks-20260926/sources/MITgcm/model/inc/DYG_MACROS.h DYG_MACROS.h; fi
if [ ! -L DYNVARS.h ]; then ln -s /project/pv915002-hpcign/wdiazcar/real-benchmarks-20260926/sources/MITgcm/model/inc/DYNVARS.h DYNVARS.h; fi
if [ ! -L DYU_MACROS.h ]; then ln -s /project/pv915002-hpcign/wdiazcar/real-benchmarks-20260926/sources/MITgcm/model/inc/DYU_MACROS.h DYU_MACROS.h; fi
if [ ! -L EOS.h ]; then ln -s /project/pv915002-hpcign/wdiazcar/real-benchmarks-20260926/sources/MITgcm/model/inc/EOS.h EOS.h; fi
if [ ! -L FCORI_MACROS.h ]; then ln -s /project/pv915002-hpcign/wdiazcar/real-benchmarks-20260926/sources/MITgcm/model/inc/FCORI_MACROS.h FCORI_MACROS.h; fi
if [ ! -L FFIELDS.h ]; then ln -s /project/pv915002-hpcign/wdiazcar/real-benchmarks-20260926/sources/MITgcm/model/inc/FFIELDS.h FFIELDS.h; fi
if [ ! -L GRID.h ]; then ln -s /project/pv915002-hpcign/wdiazcar/real-benchmarks-20260926/sources/MITgcm/model/inc/GRID.h GRID.h; fi
if [ ! -L GRID_MACROS.h ]; then ln -s /project/pv915002-hpcign/wdiazcar/real-benchmarks-20260926/sources/MITgcm/model/inc/GRID_MACROS.h GRID_MACROS.h; fi
if [ ! -L HFACC_MACROS.h ]; then ln -s /project/pv915002-hpcign/wdiazcar/real-benchmarks-20260926/sources/MITgcm/model/inc/HFACC_MACROS.h HFACC_MACROS.h; fi
if [ ! -L HFACS_MACROS.h ]; then ln -s /project/pv915002-hpcign/wdiazcar/real-benchmarks-20260926/sources/MITgcm/model/inc/HFACS_MACROS.h HFACS_MACROS.h; fi
if [ ! -L HFACW_MACROS.h ]; then ln -s /project/pv915002-hpcign/wdiazcar/real-benchmarks-20260926/sources/MITgcm/model/inc/HFACW_MACROS.h HFACW_MACROS.h; fi
if [ ! -L MASKS_MACROS.h ]; then ln -s /project/pv915002-hpcign/wdiazcar/real-benchmarks-20260926/sources/MITgcm/model/inc/MASKS_MACROS.h MASKS_MACROS.h; fi
if [ ! -L MASKW_MACROS.h ]; then ln -s /project/pv915002-hpcign/wdiazcar/real-benchmarks-20260926/sources/MITgcm/model/inc/MASKW_MACROS.h MASKW_MACROS.h; fi
if [ ! -L NH_VARS.h ]; then ln -s /project/pv915002-hpcign/wdiazcar/real-benchmarks-20260926/sources/MITgcm/model/inc/NH_VARS.h NH_VARS.h; fi
if [ ! -L PARAMS.h ]; then ln -s /project/pv915002-hpcign/wdiazcar/real-benchmarks-20260926/sources/MITgcm/model/inc/PARAMS.h PARAMS.h; fi
if [ ! -L RAS_MACROS.h ]; then ln -s /project/pv915002-hpcign/wdiazcar/real-benchmarks-20260926/sources/MITgcm/model/inc/RAS_MACROS.h RAS_MACROS.h; fi
if [ ! -L RAW_MACROS.h ]; then ln -s /project/pv915002-hpcign/wdiazcar/real-benchmarks-20260926/sources/MITgcm/model/inc/RAW_MACROS.h RAW_MACROS.h; fi
if [ ! -L RA_MACROS.h ]; then ln -s /project/pv915002-hpcign/wdiazcar/real-benchmarks-20260926/sources/MITgcm/model/inc/RA_MACROS.h RA_MACROS.h; fi
if [ ! -L RECIP_DXC_MACROS.h ]; then ln -s /project/pv915002-hpcign/wdiazcar/real-benchmarks-20260926/sources/MITgcm/model/inc/RECIP_DXC_MACROS.h RECIP_DXC_MACROS.h; fi
if [ ! -L RECIP_DXF_MACROS.h ]; then ln -s /project/pv915002-hpcign/wdiazcar/real-benchmarks-20260926/sources/MITgcm/model/inc/RECIP_DXF_MACROS.h RECIP_DXF_MACROS.h; fi
if [ ! -L RECIP_DXG_MACROS.h ]; then ln -s /project/pv915002-hpcign/wdiazcar/real-benchmarks-20260926/sources/MITgcm/model/inc/RECIP_DXG_MACROS.h RECIP_DXG_MACROS.h; fi
if [ ! -L RECIP_DXV_MACROS.h ]; then ln -s /project/pv915002-hpcign/wdiazcar/real-benchmarks-20260926/sources/MITgcm/model/inc/RECIP_DXV_MACROS.h RECIP_DXV_MACROS.h; fi
if [ ! -L RECIP_DYC_MACROS.h ]; then ln -s /project/pv915002-hpcign/wdiazcar/real-benchmarks-20260926/sources/MITgcm/model/inc/RECIP_DYC_MACROS.h RECIP_DYC_MACROS.h; fi
if [ ! -L RECIP_DYF_MACROS.h ]; then ln -s /project/pv915002-hpcign/wdiazcar/real-benchmarks-20260926/sources/MITgcm/model/inc/RECIP_DYF_MACROS.h RECIP_DYF_MACROS.h; fi
if [ ! -L RECIP_DYG_MACROS.h ]; then ln -s /project/pv915002-hpcign/wdiazcar/real-benchmarks-20260926/sources/MITgcm/model/inc/RECIP_DYG_MACROS.h RECIP_DYG_MACROS.h; fi
if [ ! -L RECIP_DYU_MACROS.h ]; then ln -s /project/pv915002-hpcign/wdiazcar/real-benchmarks-20260926/sources/MITgcm/model/inc/RECIP_DYU_MACROS.h RECIP_DYU_MACROS.h; fi
if [ ! -L RECIP_HFACC_MACROS.h ]; then ln -s /project/pv915002-hpcign/wdiazcar/real-benchmarks-20260926/sources/MITgcm/model/inc/RECIP_HFACC_MACROS.h RECIP_HFACC_MACROS.h; fi
if [ ! -L RECIP_HFACS_MACROS.h ]; then ln -s /project/pv915002-hpcign/wdiazcar/real-benchmarks-20260926/sources/MITgcm/model/inc/RECIP_HFACS_MACROS.h RECIP_HFACS_MACROS.h; fi
if [ ! -L RECIP_HFACW_MACROS.h ]; then ln -s /project/pv915002-hpcign/wdiazcar/real-benchmarks-20260926/sources/MITgcm/model/inc/RECIP_HFACW_MACROS.h RECIP_HFACW_MACROS.h; fi
if [ ! -L RESTART.h ]; then ln -s /project/pv915002-hpcign/wdiazcar/real-benchmarks-20260926/sources/MITgcm/model/inc/RESTART.h RESTART.h; fi
if [ ! -L SET_GRID.h ]; then ln -s /project/pv915002-hpcign/wdiazcar/real-benchmarks-20260926/sources/MITgcm/model/inc/SET_GRID.h SET_GRID.h; fi
if [ ! -L SURFACE.h ]; then ln -s /project/pv915002-hpcign/wdiazcar/real-benchmarks-20260926/sources/MITgcm/model/inc/SURFACE.h SURFACE.h; fi
if [ ! -L TANPHIATU_MACROS.h ]; then ln -s /project/pv915002-hpcign/wdiazcar/real-benchmarks-20260926/sources/MITgcm/model/inc/TANPHIATU_MACROS.h TANPHIATU_MACROS.h; fi
if [ ! -L TANPHIATV_MACROS.h ]; then ln -s /project/pv915002-hpcign/wdiazcar/real-benchmarks-20260926/sources/MITgcm/model/inc/TANPHIATV_MACROS.h TANPHIATV_MACROS.h; fi
if [ ! -L XC_MACROS.h ]; then ln -s /project/pv915002-hpcign/wdiazcar/real-benchmarks-20260926/sources/MITgcm/model/inc/XC_MACROS.h XC_MACROS.h; fi
if [ ! -L YC_MACROS.h ]; then ln -s /project/pv915002-hpcign/wdiazcar/real-benchmarks-20260926/sources/MITgcm/model/inc/YC_MACROS.h YC_MACROS.h; fi
Creating FC_NAMEMANGLE.h ...
echo "#define FC_NAMEMANGLE(X) X ## _" > FC_NAMEMANGLE.h
Creating BUILD_INFO.h ...
echo "#define THISVER 'checkpoint69q'" > BUILD_INFO.h
echo "#define THISUSER 'wdiazcar'" >> BUILD_INFO.h
echo "#define THISDATE 'Sat Sep 26 12:23:15 +07 2026'" >> BUILD_INFO.h
echo "#define THISHOST 'x1001c3s7b0n1'" >> BUILD_INFO.h
make[1]: Leaving directory '/lustrefs/disk/project/pv915002-hpcign/wdiazcar/real-benchmarks-20260926/results/mitgcm-6340335/build-p1'
/project/pv915002-hpcign/wdiazcar/real-benchmarks-20260926/sources/MITgcm/tools/xmakedepend -f Makefile -o .f -DWORDLENGTH=4 -D_BYTESWAPIO -DNML_TERMINATOR -DALLOW_USE_MPI -DHAVE_SYSTEM -DHAVE_FDATE -DHAVE_ETIME_SBR -DHAVE_CLOC -DHAVE_SETRLSTK -DHAVE_SIGREG -DHAVE_STAT -DHAVE_FLUSH  -I.  -I/usr/lib64/gcc/x86_64-suse-linux/14/include -I/usr/local/include -I/usr/lib64/gcc/x86_64-suse-linux/14/include-fixed -I/usr/lib64/gcc/x86_64-suse-linux/14/../../../../x86_64-suse-linux/include -I/usr/include chksum_tiled.F debug_call.F debug_cs_corner_uv.F debug_enter.F debug_fld_stats_rl.F debug_fld_stats_rs.F debug_leave.F debug_msg.F debug_stats_rl.F debug_stats_rs.F fill_in_corners_rl.F write_fullarray_rl.F write_fullarray_rs.F diag_calc_psivel.F diag_cg2d.F diag_vegtile_fill.F diagnostics_addtolist.F diagnostics_calc_phivel.F diagnostics_check.F diagnostics_clear.F diagnostics_fill.F diagnostics_fill_field.F diagnostics_fill_rs.F diagnostics_fill_state.F diagnostics_fract_fill.F diagnostics_ini_io.F diagnostics_init_early.F diagnostics_init_fixed.F diagnostics_init_varia.F diagnostics_interp_p2p.F diagnostics_interp_vert.F diagnostics_is_on.F diagnostics_list_check.F diagnostics_main_init.F diagnostics_mnc_out.F diagnostics_out.F diagnostics_read_pickup.F diagnostics_readparms.F diagnostics_scale_fill.F diagnostics_scale_fill_rs.F diagnostics_set_calc.F diagnostics_set_levels.F diagnostics_set_pointers.F diagnostics_setdiag.F diagnostics_status_error.F diagnostics_sum_levels.F diagnostics_summary.F diagnostics_switch_onoff.F diagnostics_utils.F diagnostics_write.F diagnostics_write_adj.F diagnostics_write_pickup.F diagstats_ascii_out.F diagstats_calc.F diagstats_clear.F diagstats_close_io.F diagstats_fill.F diagstats_global.F diagstats_ini_io.F diagstats_local.F diagstats_mnc_out.F diagstats_others_calc.F diagstats_output.F diagstats_set_pointers.F diagstats_set_regions.F diagstats_setdiag.F gad_advection.F gad_advscheme.F gad_biharm_r.F gad_biharm_x.F gad_biharm_y.F gad_c2_adv_r.F gad_c2_adv_x.F gad_c2_adv_y.F gad_c2_impl_r.F gad_c4_adv_r.F gad_c4_adv_x.F gad_c4_adv_y.F gad_calc_rhs.F gad_check.F gad_del2.F gad_diagnostics_init.F gad_diagnostics_state.F gad_diff_r.F gad_diff_x.F gad_diff_y.F gad_dst2u1_adv_r.F gad_dst2u1_adv_x.F gad_dst2u1_adv_y.F gad_dst2u1_impl_r.F gad_dst3_adv_r.F gad_dst3_adv_x.F gad_dst3_adv_y.F gad_dst3fl_adv_r.F gad_dst3fl_adv_x.F gad_dst3fl_adv_y.F gad_dst3fl_impl_r.F gad_exch_som.F gad_fluxlimit_adv_r.F gad_fluxlimit_adv_x.F gad_fluxlimit_adv_y.F gad_fluxlimit_impl_r.F gad_grad_x.F gad_grad_y.F gad_implicit_r.F gad_init_fixed.F gad_init_varia.F gad_os7mp_adv_r.F gad_os7mp_adv_x.F gad_os7mp_adv_y.F gad_osc_hat_r.F gad_osc_hat_x.F gad_osc_hat_y.F gad_osc_mul_r.F gad_osc_mul_x.F gad_osc_mul_y.F gad_plm_fun.F gad_ppm_adv_r.F gad_ppm_adv_x.F gad_ppm_adv_y.F gad_ppm_flx_r.F gad_ppm_flx_x.F gad_ppm_flx_y.F gad_ppm_fun.F gad_ppm_hat_r.F gad_ppm_hat_x.F gad_ppm_hat_y.F gad_ppm_p3e_r.F gad_ppm_p3e_x.F gad_ppm_p3e_y.F gad_pqm_adv_r.F gad_pqm_adv_x.F gad_pqm_adv_y.F gad_pqm_flx_r.F gad_pqm_flx_x.F gad_pqm_flx_y.F gad_pqm_fun.F gad_pqm_hat_r.F gad_pqm_hat_x.F gad_pqm_hat_y.F gad_pqm_p5e_r.F gad_pqm_p5e_x.F gad_pqm_p5e_y.F gad_read_pickup.F gad_som_adv_r.F gad_som_adv_x.F gad_som_adv_y.F gad_som_advect.F gad_som_exchanges.F gad_som_fill_cs_corner.F gad_som_lim_r.F gad_som_prep_cs_corner.F gad_u3_adv_r.F gad_u3_adv_x.F gad_u3_adv_y.F gad_u3c4_impl_r.F gad_write_pickup.F salt_fill.F mdsio_buffertorl.F mdsio_buffertors.F mdsio_check4file.F mdsio_facef_read.F mdsio_gl.F mdsio_gl_slice.F mdsio_pass_r4torl.F mdsio_pass_r4tors.F mdsio_pass_r8torl.F mdsio_pass_r8tors.F mdsio_rd_rec_rl.F mdsio_rd_rec_rs.F mdsio_read_field.F mdsio_read_meta.F mdsio_read_section.F mdsio_read_tape.F mdsio_read_whalos.F mdsio_readvec_loc.F mdsio_rw_field.F mdsio_rw_slice.F mdsio_seg4torl.F mdsio_seg4tors.F mdsio_seg8torl.F mdsio_seg8tors.F mdsio_segxtorx_2d.F mdsio_wr_metafiles.F mdsio_wr_rec_rl.F mdsio_wr_rec_rs.F mdsio_write_field.F mdsio_write_meta.F mdsio_write_section.F mdsio_write_tape.F mdsio_write_whalos.F mdsio_writelocal.F mdsio_writevec_loc.F mom_calc_3d_strain.F mom_calc_absvort3.F mom_calc_hdiv.F mom_calc_hfacz.F mom_calc_ke.F mom_calc_relvort3.F mom_calc_smag_3d.F mom_calc_strain.F mom_calc_tension.F mom_calc_visc.F mom_diagnostics_init.F mom_hdissip.F mom_init_fixed.F mom_quasihydrostatic.F mom_u_botdrag_coeff.F mom_u_coriolis_nh.F mom_u_implicit_r.F mom_u_metric_nh.F mom_u_rviscflux.F mom_u_sidedrag.F mom_uv_smag_3d.F mom_v_botdrag_coeff.F mom_v_coriolis_nh.F mom_v_implicit_r.F mom_v_metric_nh.F mom_v_rviscflux.F mom_v_sidedrag.F mom_visc_qgl_limit.F mom_visc_qgl_stretch.F mom_w_coriolis_nh.F mom_w_metric_nh.F mom_w_sidedrag.F mom_w_smag_3d.F mom_calc_rtrans.F mom_fluxform.F mom_u_adv_uu.F mom_u_adv_vu.F mom_u_adv_wu.F mom_u_coriolis.F mom_u_del2u.F mom_u_metric_cylinder.F mom_u_metric_sphere.F mom_u_xviscflux.F mom_u_yviscflux.F mom_uv_boundary.F mom_v_adv_uv.F mom_v_adv_vv.F mom_v_adv_wv.F mom_v_coriolis.F mom_v_del2v.F mom_v_metric_cylinder.F mom_v_metric_sphere.F mom_v_xviscflux.F mom_v_yviscflux.F mom_vecinv.F mom_vi_coriolis.F mom_vi_del2uv.F mom_vi_hdissip.F mom_vi_u_coriolis.F mom_vi_u_coriolis_c4.F mom_vi_u_grad_ke.F mom_vi_u_vertshear.F mom_vi_v_coriolis.F mom_vi_v_coriolis_c4.F mom_vi_v_grad_ke.F mom_vi_v_vertshear.F mon_advcfl.F mon_advcflw.F mon_advcflw2.F mon_calc_advcfl.F mon_calc_stats_rl.F mon_calc_stats_rs.F mon_init.F mon_ke.F mon_out.F mon_printstats_rl.F mon_printstats_rs.F mon_set_iounit.F mon_set_pref.F mon_solution.F mon_stats_latbnd_rl.F mon_stats_rl.F mon_stats_rs.F mon_surfcor.F mon_vort3.F mon_writestats_rl.F mon_writestats_rs.F monitor.F monitor_ad.F monitor_g.F get_write_global_fld.F read_fld_xy_rl.F read_fld_xy_rs.F read_fld_xyz_rl.F read_fld_xyz_rs.F read_glvec_rl.F read_glvec_rs.F read_mflds.F read_rec.F rw_get_suffix.F set_write_global_fld.F write_fld_3d_rl.F write_fld_3d_rs.F write_fld_s3d_rl.F write_fld_s3d_rs.F write_fld_xy_rl.F write_fld_xy_rs.F write_fld_xyz_rl.F write_fld_xyz_rs.F write_glvec_rl.F write_glvec_rs.F write_local_rl.F write_local_rs.F write_rec.F all_proc_die.F bar2.F bar_check.F barrier.F check_threads.F comm_stats.F cumulsum_z_tile.F diff_phase_multiple.F different_multiple.F eeboot.F eeboot_minimal.F eedata_example.F eedie.F eeintro_msg.F eeset_parms.F eewrite_eeenv.F exch0_r4.F exch0_r8.F exch0_rl.F exch0_rs.F exch1_bg_r4_cube.F exch1_bg_r8_cube.F exch1_bg_rl_cube.F exch1_bg_rs_cube.F exch1_r4.F exch1_r4_cube.F exch1_r8.F exch1_r8_cube.F exch1_rl.F exch1_rl_ad.F exch1_rl_cube.F exch1_rl_cube_ad.F exch1_rs.F exch1_rs_ad.F exch1_rs_cube.F exch1_rs_cube_ad.F exch1_uv_r4_cube.F exch1_uv_r8_cube.F exch1_uv_rl_cube.F exch1_uv_rs_cube.F exch1_z_r4_cube.F exch1_z_r8_cube.F exch1_z_rl_cube.F exch1_z_rs_cube.F exch_3d_r4.F exch_3d_r8.F exch_3d_rl.F exch_3d_rs.F exch_cycle_ebl.F exch_init.F exch_r4_recv_get_x.F exch_r4_recv_get_y.F exch_r4_send_put_x.F exch_r4_send_put_y.F exch_r8_recv_get_x.F exch_r8_recv_get_y.F exch_r8_send_put_x.F exch_r8_send_put_y.F exch_rl_recv_get_x.F exch_rl_recv_get_y.F exch_rl_send_put_x.F exch_rl_send_put_y.F exch_rs_recv_get_x.F exch_rs_recv_get_y.F exch_rs_send_put_x.F exch_rs_send_put_y.F exch_s3d_r4.F exch_s3d_r8.F exch_s3d_rl.F exch_s3d_rs.F exch_sm_3d_r4.F exch_sm_3d_r8.F exch_sm_3d_rl.F exch_sm_3d_rs.F exch_tap_b.F exch_tap_d.F exch_uv_3d_r4.F exch_uv_3d_r8.F exch_uv_3d_rl.F exch_uv_3d_rs.F exch_uv_agrid_3d_r4.F exch_uv_agrid_3d_r8.F exch_uv_agrid_3d_rl.F exch_uv_agrid_3d_rs.F exch_uv_bgrid_3d_r4.F exch_uv_bgrid_3d_r8.F exch_uv_bgrid_3d_rl.F exch_uv_bgrid_3d_rs.F exch_uv_dgrid_3d_r4.F exch_uv_dgrid_3d_r8.F exch_uv_dgrid_3d_rl.F exch_uv_dgrid_3d_rs.F exch_uv_xy_r4.F exch_uv_xy_r8.F exch_uv_xy_rl.F exch_uv_xy_rs.F exch_uv_xyz_r4.F exch_uv_xyz_r8.F exch_uv_xyz_rl.F exch_uv_xyz_rs.F exch_xy_r4.F exch_xy_r8.F exch_xy_rl.F exch_xy_rs.F exch_xyz_r4.F exch_xyz_r8.F exch_xyz_rl.F exch_xyz_rs.F exch_z_3d_r4.F exch_z_3d_r8.F exch_z_3d_rl.F exch_z_3d_rs.F fill_cs_corner_ag_rl.F fill_cs_corner_tr_rl.F fill_cs_corner_uv_rl.F fill_cs_corner_uv_rs.F fool_the_compiler.F gather_2d_r4.F gather_2d_r8.F gather_2d_wh_r4.F gather_2d_wh_r8.F gather_vec_r4.F gather_vec_r8.F gather_xz.F gather_yz.F get_periodic_interval.F global_max.F global_sum.F global_sum_singlecpu.F global_sum_tile.F global_sum_vector.F ini_communication_patterns.F ini_procs.F ini_threading_environment.F lef_zero.F main.F master_cpu_io.F master_cpu_thread.F mds_byteswapi4.F mds_byteswapr4.F mds_byteswapr8.F mds_flush.F mds_reclen.F mdsfindunit.F memsync.F nml_change_syntax.F nml_set_terminator.F open_copy_data_file.F print.F reset_halo.F scatter_2d_r4.F scatter_2d_r8.F scatter_2d_wh_r4.F scatter_2d_wh_r8.F scatter_vec_r4.F scatter_vec_r8.F scatter_xz.F scatter_yz.F stop_if_error.F timers.F utils.F write_utils.F adams_bashforth2.F adams_bashforth3.F add_walls2masks.F apply_forcing.F calc_3d_diffusivity.F calc_adv_flow.F calc_div_ghat.F calc_eddy_stress.F calc_grad_phi_fv.F calc_grad_phi_hyd.F calc_grad_phi_surf.F calc_grid_angles.F calc_gw.F calc_ivdc.F calc_oce_mxlayer.F calc_phi_hyd.F calc_r_star.F calc_surf_dr.F calc_viscosity.F calc_wsurf_tr.F cg2d.F cg2d_ex0.F cg2d_nsa.F cg2d_sr.F cg3d.F cg3d_ex0.F check_pickup.F config_check.F config_summary.F convective_adjustment.F convective_adjustment_ini.F convective_weights.F convectively_mixtracer.F correction_step.F cycle_ab_tracer.F cycle_tracer.F diags_oceanic_surf_flux.F diags_phi_hyd.F diags_phi_rlow.F diags_rho.F diags_sound_speed.F do_atmospheric_phys.F do_fields_blocking_exchanges.F do_oceanic_phys.F do_stagger_fields_exchanges.F do_statevars_diags.F do_the_model_io.F do_write_pickup.F dynamics.F external_fields_load.F external_forcing.F external_forcing_surf.F find_alpha.F find_hyd_press_1d.F find_rho.F forcing_surf_relax.F forward_step.F freesurf_rescale_g.F freeze_surface.F grad_sigma.F gsw_teos10.F impldiff.F ini_cartesian_grid.F ini_cg2d.F ini_cg3d.F ini_cori.F ini_curvilinear_grid.F ini_cylinder_grid.F ini_depths.F ini_dynvars.F ini_eos.F ini_ffields.F ini_fields.F ini_forcing.F ini_global_domain.F ini_grid.F ini_linear_phisurf.F ini_local_grid.F ini_masks_etc.F ini_mixing.F ini_mnc_vars.F ini_model_io.F ini_nh_fields.F ini_nh_vars.F ini_nlfs_vars.F ini_p_ground.F ini_parms.F ini_pressure.F ini_psurf.F ini_salt.F ini_sigma_hfac.F ini_spherical_polar_grid.F ini_theta.F ini_vel.F ini_vertical_grid.F initialise_fixed.F initialise_varia.F integr_continuity.F integrate_for_w.F load_fields_driver.F load_grid_spacing.F load_ref_files.F main_do_loop.F momentum_correction_step.F packages_boot.F packages_check.F packages_error_msg.F packages_init_fixed.F packages_init_variables.F packages_print_msg.F packages_readparms.F packages_unused_msg.F packages_write_pickup.F plot_field.F port_rand.F post_cg3d.F pre_cg3d.F pressure_for_eos.F read_pickup.F remove_mean.F reset_nlfs_vars.F rotate_spherical_polar_grid.F rotate_uv2en.F salt_integrate.F seawater.F set_defaults.F set_grid_factors.F set_parms.F set_ref_state.F solve_for_pressure.F solve_pentadiagonal.F solve_tridiagonal.F solve_uv_tridiago.F state_summary.F swfrac.F taueddy_init_varia.F taueddy_tendency_apply.F temp_integrate.F the_main_loop.F the_model_main.F thermodynamics.F timestep.F timestep_tracer.F timestep_wvel.F tracers_correction_step.F tracers_iigw_correction.F turnoff_model_io.F update_cg2d.F update_etah.F update_etaws.F update_masks_etc.F update_r_star.F update_sigma.F update_surf_dr.F write_grid.F write_pickup.F write_state.F
In file included from diagstats_mnc_out.F:20:0:
EESUPPORT.h:174:2: fatal error: mpif.h: No such file or directory
 #define _mpiTRUE_  1
  ^~~~~~~~
compilation terminated.
In file included from all_proc_die.F:27:0:
EESUPPORT.h:174:2: fatal error: mpif.h: No such file or directory
 #define _mpiTRUE_  1
  ^~~~~~~~
compilation terminated.
In file included from bar2.F:24:0:
EESUPPORT.h:174:2: fatal error: mpif.h: No such file or directory
 #define _mpiTRUE_  1
  ^~~~~~~~
compilation terminated.
In file included from barrier.F:24:0:
EESUPPORT.h:174:2: fatal error: mpif.h: No such file or directory
 #define _mpiTRUE_  1
  ^~~~~~~~
compilation terminated.
In file included from check_threads.F:37:0:
EESUPPORT.h:174:2: fatal error: mpif.h: No such file or directory
 #define _mpiTRUE_  1
  ^~~~~~~~
compilation terminated.
In file included from comm_stats.F:21:0:
EESUPPORT.h:174:2: fatal error: mpif.h: No such file or directory
 #define _mpiTRUE_  1
  ^~~~~~~~
compilation terminated.
In file included from cumulsum_z_tile.F:36:0:
EESUPPORT.h:174:2: fatal error: mpif.h: No such file or directory
 #define _mpiTRUE_  1
  ^~~~~~~~
compilation terminated.
In file included from eeboot.F:47:0:
EESUPPORT.h:174:2: fatal error: mpif.h: No such file or directory
 #define _mpiTRUE_  1
  ^~~~~~~~
compilation terminated.
In file included from eeboot_minimal.F:35:0:
EESUPPORT.h:174:2: fatal error: mpif.h: No such file or directory
 #define _mpiTRUE_  1
  ^~~~~~~~
compilation terminated.
In file included from eedie.F:23:0:
EESUPPORT.h:174:2: fatal error: mpif.h: No such file or directory
 #define _mpiTRUE_  1
  ^~~~~~~~
compilation terminated.
In file included from eeintro_msg.F:21:0:
EESUPPORT.h:174:2: fatal error: mpif.h: No such file or directory
 #define _mpiTRUE_  1
  ^~~~~~~~
compilation terminated.
In file included from eeset_parms.F:28:0:
EESUPPORT.h:174:2: fatal error: mpif.h: No such file or directory
 #define _mpiTRUE_  1
  ^~~~~~~~
compilation terminated.
In file included from eewrite_eeenv.F:27:0:
EESUPPORT.h:174:2: fatal error: mpif.h: No such file or directory
 #define _mpiTRUE_  1
  ^~~~~~~~
compilation terminated.
In file included from exch_cycle_ebl.F:37:0:
EESUPPORT.h:174:2: fatal error: mpif.h: No such file or directory
 #define _mpiTRUE_  1
  ^~~~~~~~
compilation terminated.
In file included from exch_init.F:21:0:
EESUPPORT.h:174:2: fatal error: mpif.h: No such file or directory
 #define _mpiTRUE_  1
  ^~~~~~~~
compilation terminated.
In file included from exch_r4_recv_get_x.F:28:0:
EESUPPORT.h:174:2: fatal error: mpif.h: No such file or directory
 #define _mpiTRUE_  1
  ^~~~~~~~
compilation terminated.
In file included from exch_r4_recv_get_y.F:28:0:
EESUPPORT.h:174:2: fatal error: mpif.h: No such file or directory
 #define _mpiTRUE_  1
  ^~~~~~~~
compilation terminated.
In file included from exch_r4_send_put_x.F:27:0:
EESUPPORT.h:174:2: fatal error: mpif.h: No such file or directory
 #define _mpiTRUE_  1
  ^~~~~~~~
compilation terminated.
In file included from exch_r4_send_put_y.F:26:0:
EESUPPORT.h:174:2: fatal error: mpif.h: No such file or directory
 #define _mpiTRUE_  1
  ^~~~~~~~
compilation terminated.
In file included from exch_r8_recv_get_x.F:28:0:
EESUPPORT.h:174:2: fatal error: mpif.h: No such file or directory
 #define _mpiTRUE_  1
  ^~~~~~~~
compilation terminated.
In file included from exch_r8_recv_get_y.F:28:0:
EESUPPORT.h:174:2: fatal error: mpif.h: No such file or directory
 #define _mpiTRUE_  1
  ^~~~~~~~
compilation terminated.
In file included from exch_r8_send_put_x.F:27:0:
EESUPPORT.h:174:2: fatal error: mpif.h: No such file or directory
 #define _mpiTRUE_  1
  ^~~~~~~~
compilation terminated.
In file included from exch_r8_send_put_y.F:26:0:
EESUPPORT.h:174:2: fatal error: mpif.h: No such file or directory
 #define _mpiTRUE_  1
  ^~~~~~~~
compilation terminated.
In file included from exch_rl_recv_get_x.F:28:0:
EESUPPORT.h:174:2: fatal error: mpif.h: No such file or directory
 #define _mpiTRUE_  1
  ^~~~~~~~
compilation terminated.
In file included from exch_rl_recv_get_y.F:28:0:
EESUPPORT.h:174:2: fatal error: mpif.h: No such file or directory
 #define _mpiTRUE_  1
  ^~~~~~~~
compilation terminated.
In file included from exch_rl_send_put_x.F:27:0:
EESUPPORT.h:174:2: fatal error: mpif.h: No such file or directory
 #define _mpiTRUE_  1
  ^~~~~~~~
compilation terminated.
In file included from exch_rl_send_put_y.F:26:0:
EESUPPORT.h:174:2: fatal error: mpif.h: No such file or directory
 #define _mpiTRUE_  1
  ^~~~~~~~
compilation terminated.
In file included from exch_rs_recv_get_x.F:28:0:
EESUPPORT.h:174:2: fatal error: mpif.h: No such file or directory
 #define _mpiTRUE_  1
  ^~~~~~~~
compilation terminated.
In file included from exch_rs_recv_get_y.F:28:0:
EESUPPORT.h:174:2: fatal error: mpif.h: No such file or directory
 #define _mpiTRUE_  1
  ^~~~~~~~
compilation terminated.
In file included from exch_rs_send_put_x.F:27:0:
EESUPPORT.h:174:2: fatal error: mpif.h: No such file or directory
 #define _mpiTRUE_  1
  ^~~~~~~~
compilation terminated.
In file included from exch_rs_send_put_y.F:26:0:
EESUPPORT.h:174:2: fatal error: mpif.h: No such file or directory
 #define _mpiTRUE_  1
  ^~~~~~~~
compilation terminated.
In file included from gather_2d_r4.F:24:0:
EESUPPORT.h:174:2: fatal error: mpif.h: No such file or directory
 #define _mpiTRUE_  1
  ^~~~~~~~
compilation terminated.
In file included from gather_2d_r8.F:24:0:
EESUPPORT.h:174:2: fatal error: mpif.h: No such file or directory
 #define _mpiTRUE_  1
  ^~~~~~~~
compilation terminated.
In file included from gather_2d_wh_r4.F:21:0:
EESUPPORT.h:174:2: fatal error: mpif.h: No such file or directory
 #define _mpiTRUE_  1
  ^~~~~~~~
compilation terminated.
In file included from gather_2d_wh_r8.F:21:0:
EESUPPORT.h:174:2: fatal error: mpif.h: No such file or directory
 #define _mpiTRUE_  1
  ^~~~~~~~
compilation terminated.
In file included from gather_vec_r4.F:21:0:
EESUPPORT.h:174:2: fatal error: mpif.h: No such file or directory
 #define _mpiTRUE_  1
  ^~~~~~~~
compilation terminated.
In file included from gather_vec_r8.F:21:0:
EESUPPORT.h:174:2: fatal error: mpif.h: No such file or directory
 #define _mpiTRUE_  1
  ^~~~~~~~
compilation terminated.
In file included from gather_xz.F:9:0:
EESUPPORT.h:174:2: fatal error: mpif.h: No such file or directory
 #define _mpiTRUE_  1
  ^~~~~~~~
compilation terminated.
In file included from gather_yz.F:9:0:
EESUPPORT.h:174:2: fatal error: mpif.h: No such file or directory
 #define _mpiTRUE_  1
  ^~~~~~~~
compilation terminated.
In file included from global_max.F:41:0:
EESUPPORT.h:174:2: fatal error: mpif.h: No such file or directory
 #define _mpiTRUE_  1
  ^~~~~~~~
compilation terminated.
In file included from global_sum.F:40:0:
EESUPPORT.h:174:2: fatal error: mpif.h: No such file or directory
 #define _mpiTRUE_  1
  ^~~~~~~~
compilation terminated.
In file included from global_sum_singlecpu.F:35:0:
EESUPPORT.h:174:2: fatal error: mpif.h: No such file or directory
 #define _mpiTRUE_  1
  ^~~~~~~~
compilation terminated.
In file included from global_sum_tile.F:35:0:
EESUPPORT.h:174:2: fatal error: mpif.h: No such file or directory
 #define _mpiTRUE_  1
  ^~~~~~~~
compilation terminated.
In file included from global_sum_vector.F:39:0:
EESUPPORT.h:174:2: fatal error: mpif.h: No such file or directory
 #define _mpiTRUE_  1
  ^~~~~~~~
compilation terminated.
In file included from ini_communication_patterns.F:25:0:
EESUPPORT.h:174:2: fatal error: mpif.h: No such file or directory
 #define _mpiTRUE_  1
  ^~~~~~~~
compilation terminated.
In file included from ini_procs.F:28:0:
EESUPPORT.h:174:2: fatal error: mpif.h: No such file or directory
 #define _mpiTRUE_  1
  ^~~~~~~~
compilation terminated.
In file included from ini_threading_environment.F:30:0:
EESUPPORT.h:174:2: fatal error: mpif.h: No such file or directory
 #define _mpiTRUE_  1
  ^~~~~~~~
compilation terminated.
In file included from main.F:101:0:
EESUPPORT.h:174:2: fatal error: mpif.h: No such file or directory
 #define _mpiTRUE_  1
  ^~~~~~~~
compilation terminated.
In file included from master_cpu_thread.F:20:0:
EESUPPORT.h:174:2: fatal error: mpif.h: No such file or directory
 #define _mpiTRUE_  1
  ^~~~~~~~
compilation terminated.
In file included from print.F:49:0:
EESUPPORT.h:174:2: fatal error: mpif.h: No such file or directory
 #define _mpiTRUE_  1
  ^~~~~~~~
compilation terminated.
In file included from scatter_2d_r4.F:24:0:
EESUPPORT.h:174:2: fatal error: mpif.h: No such file or directory
 #define _mpiTRUE_  1
  ^~~~~~~~
compilation terminated.
In file included from scatter_2d_r8.F:24:0:
EESUPPORT.h:174:2: fatal error: mpif.h: No such file or directory
 #define _mpiTRUE_  1
  ^~~~~~~~
compilation terminated.
In file included from scatter_2d_wh_r4.F:21:0:
EESUPPORT.h:174:2: fatal error: mpif.h: No such file or directory
 #define _mpiTRUE_  1
  ^~~~~~~~
compilation terminated.
In file included from scatter_2d_wh_r8.F:21:0:
EESUPPORT.h:174:2: fatal error: mpif.h: No such file or directory
 #define _mpiTRUE_  1
  ^~~~~~~~
compilation terminated.
In file included from scatter_vec_r4.F:21:0:
EESUPPORT.h:174:2: fatal error: mpif.h: No such file or directory
 #define _mpiTRUE_  1
  ^~~~~~~~
compilation terminated.
In file included from scatter_vec_r8.F:21:0:
EESUPPORT.h:174:2: fatal error: mpif.h: No such file or directory
 #define _mpiTRUE_  1
  ^~~~~~~~
compilation terminated.
In file included from scatter_xz.F:9:0:
EESUPPORT.h:174:2: fatal error: mpif.h: No such file or directory
 #define _mpiTRUE_  1
  ^~~~~~~~
compilation terminated.
In file included from scatter_yz.F:9:0:
EESUPPORT.h:174:2: fatal error: mpif.h: No such file or directory
 #define _mpiTRUE_  1
  ^~~~~~~~
compilation terminated.
In file included from timers.F:91:0:
EESUPPORT.h:174:2: fatal error: mpif.h: No such file or directory
 #define _mpiTRUE_  1
  ^~~~~~~~
compilation terminated.
In file included from ini_model_io.F:22:0:
EESUPPORT.h:174:2: fatal error: mpif.h: No such file or directory
 #define _mpiTRUE_  1
  ^~~~~~~~
compilation terminated.
Appending dependencies to Makefile
/project/pv915002-hpcign/wdiazcar/real-benchmarks-20260926/sources/MITgcm/tools/xmakedepend -f Makefile -a -o .f90 -DWORDLENGTH=4 -D_BYTESWAPIO -DNML_TERMINATOR -DALLOW_USE_MPI -DHAVE_SYSTEM -DHAVE_FDATE -DHAVE_ETIME_SBR -DHAVE_CLOC -DHAVE_SETRLSTK -DHAVE_SIGREG -DHAVE_STAT -DHAVE_FLUSH  -I.  -I/usr/lib64/gcc/x86_64-suse-linux/14/include -I/usr/local/include -I/usr/lib64/gcc/x86_64-suse-linux/14/include-fixed -I/usr/lib64/gcc/x86_64-suse-linux/14/../../../../x86_64-suse-linux/include -I/usr/include 
Appending dependencies to Makefile
/project/pv915002-hpcign/wdiazcar/real-benchmarks-20260926/sources/MITgcm/tools/f90mkdepend -fs f -fs90 f90 >> Makefile
rm -f makedepend.out
