nx_glob, nz_glob: 400 200
dx,dz: 50.000000 50.000000
dt: 0.166667
*** OUTPUT ***
Elapsed Time: 0.000000 / 1000.000000
Elapsed Time: 0.166667 / 1000.000000
Elapsed Time: 0.333333 / 1000.000000
Elapsed Time: 0.500000 / 1000.000000
Elapsed Time: 0.666667 / 1000.000000
Elapsed Time: 0.833333 / 1000.000000
Elapsed Time: 1.000000 / 1000.000000
Elapsed Time: 1.166667 / 1000.000000
Elapsed Time: 1.333333 / 1000.000000
Elapsed Time: 1.500000 / 1000.000000
Elapsed Time: 1.666667 / 1000.000000
Elapsed Time: 1.833333 / 1000.000000
Elapsed Time: 2.000000 / 1000.000000
Elapsed Time: 2.166667 / 1000.000000
Elapsed Time: 2.333333 / 1000.000000
Elapsed Time: 2.500000 / 1000.000000
Elapsed Time: 2.666667 / 1000.000000
Elapsed Time: 2.833333 / 1000.000000
Elapsed Time: 3.000000 / 1000.000000
Elapsed Time: 3.166667 / 1000.000000
Elapsed Time: 3.333333 / 1000.000000
Elapsed Time: 3.500000 / 1000.000000
Elapsed Time: 3.666667 / 1000.000000
Elapsed Time: 3.833333 / 1000.000000
Elapsed Time: 4.000000 / 1000.000000
Elapsed Time: 4.166667 / 1000.000000
Elapsed Time: 4.333333 / 1000.000000
Elapsed Time: 4.500000 / 1000.000000
Elapsed Time: 4.666667 / 1000.000000
Elapsed Time: 4.833333 / 1000.000000
Elapsed Time: 5.000000 / 1000.000000
Elapsed Time: 5.166667 / 1000.000000
Elapsed Time: 5.333333 / 1000.000000
Elapsed Time: 5.500000 / 1000.000000
Elapsed Time: 5.666667 / 1000.000000
Elapsed Time: 5.833333 / 1000.000000
Elapsed Time: 6.000000 / 1000.000000
Elapsed Time: 6.166667 / 1000.000000
Elapsed Time: 6.333333 / 1000.000000
Elapsed Time: 6.500000 / 1000.000000
Elapsed Time: 6.666667 / 1000.000000
Elapsed Time: 6.833333 / 1000.000000
Elapsed Time: 7.000000 / 1000.000000
Elapsed Time: 7.166667 / 1000.000000
Elapsed Time: 7.333333 / 1000.000000
Elapsed Time: 7.500000 / 1000.000000
Elapsed Time: 7.666667 / 1000.000000
Elapsed Time: 7.833333 / 1000.000000
Elapsed Time: 8.000000 / 1000.000000
Elapsed Time: 8.166667 / 1000.000000
Elapsed Time: 8.333333 / 1000.000000
Elapsed Time: 8.500000 / 1000.000000
Elapsed Time: 8.666667 / 1000.000000
Elapsed Time: 8.833333 / 1000.000000
Elapsed Time: 9.000000 / 1000.000000
Elapsed Time: 9.166667 / 1000.000000
Elapsed Time: 9.333333 / 1000.000000
Elapsed Time: 9.500000 / 1000.000000
Elapsed Time: 9.666667 / 1000.000000
Elapsed Time: 9.833333 / 1000.000000
Elapsed Time: 10.000000 / 1000.000000
Elapsed Time: 10.166667 / 1000.000000
Elapsed Time: 10.333333 / 1000.000000
Elapsed Time: 10.500000 / 1000.000000
Elapsed Time: 10.666667 / 1000.000000
Elapsed Time: 10.833333 / 1000.000000
Elapsed Time: 11.000000 / 1000.000000
Elapsed Time: 11.166667 / 1000.000000
Elapsed Time: 11.333333 / 1000.000000
Elapsed Time: 11.500000 / 1000.000000
Elapsed Time: 11.666667 / 1000.000000
Elapsed Time: 11.833333 / 1000.000000
Elapsed Time: 12.000000 / 1000.000000
Elapsed Time: 12.166667 / 1000.000000
Elapsed Time: 12.333333 / 1000.000000
Elapsed Time: 12.500000 / 1000.000000
Elapsed Time: 12.666667 / 1000.000000
Elapsed Time: 12.833333 / 1000.000000
Elapsed Time: 13.000000 / 1000.000000
Elapsed Time: 13.166667 / 1000.000000
Elapsed Time: 13.333333 / 1000.000000
Elapsed Time: 13.500000 / 1000.000000
Elapsed Time: 13.666667 / 1000.000000
Elapsed Time: 13.833333 / 1000.000000
Elapsed Time: 14.000000 / 1000.000000
Elapsed Time: 14.166667 / 1000.000000
Elapsed Time: 14.333333 / 1000.000000
Elapsed Time: 14.500000 / 1000.000000
Elapsed Time: 14.666667 / 1000.000000
Elapsed Time: 14.833333 / 1000.000000
Elapsed Time: 15.000000 / 1000.000000
Elapsed Time: 15.166667 / 1000.000000
Elapsed Time: 15.333333 / 1000.000000
Elapsed Time: 15.500000 / 1000.000000
Elapsed Time: 15.666667 / 1000.000000
Elapsed Time: 15.833333 / 1000.000000
Elapsed Time: 16.000000 / 1000.000000
Elapsed Time: 16.166667 / 1000.000000
Elapsed Time: 16.333333 / 1000.000000
Elapsed Time: 16.500000 / 1000.000000
Elapsed Time: 16.666667 / 1000.000000
Elapsed Time: 16.833333 / 1000.000000
Elapsed Time: 17.000000 / 1000.000000
Elapsed Time: 17.166667 / 1000.000000
Elapsed Time: 17.333333 / 1000.000000
Elapsed Time: 17.500000 / 1000.000000
Elapsed Time: 17.666667 / 1000.000000
Elapsed Time: 17.833333 / 1000.000000
Elapsed Time: 18.000000 / 1000.000000
Elapsed Time: 18.166667 / 1000.000000
Elapsed Time: 18.333333 / 1000.000000
Elapsed Time: 18.500000 / 1000.000000
Elapsed Time: 18.666667 / 1000.000000
Elapsed Time: 18.833333 / 1000.000000
Elapsed Time: 19.000000 / 1000.000000
Elapsed Time: 19.166667 / 1000.000000
Elapsed Time: 19.333333 / 1000.000000
Elapsed Time: 19.500000 / 1000.000000
Elapsed Time: 19.666667 / 1000.000000
Elapsed Time: 19.833333 / 1000.000000
Elapsed Time: 20.000000 / 1000.000000
Elapsed Time: 20.166667 / 1000.000000
Elapsed Time: 20.333333 / 1000.000000
Elapsed Time: 20.500000 / 1000.000000
Elapsed Time: 20.666667 / 1000.000000
Elapsed Time: 20.833333 / 1000.000000
Elapsed Time: 21.000000 / 1000.000000
Elapsed Time: 21.166667 / 1000.000000
Elapsed Time: 21.333333 / 1000.000000
Elapsed Time: 21.500000 / 1000.000000
Elapsed Time: 21.666667 / 1000.000000
Elapsed Time: 21.833333 / 1000.000000
Elapsed Time: 22.000000 / 1000.000000
Elapsed Time: 22.166667 / 1000.000000
Elapsed Time: 22.333333 / 1000.000000
Elapsed Time: 22.500000 / 1000.000000
Elapsed Time: 22.666667 / 1000.000000
Elapsed Time: 22.833333 / 1000.000000
Elapsed Time: 23.000000 / 1000.000000
Elapsed Time: 23.166667 / 1000.000000
Elapsed Time: 23.333333 / 1000.000000
Elapsed Time: 23.500000 / 1000.000000
Elapsed Time: 23.666667 / 1000.000000
Elapsed Time: 23.833333 / 1000.000000
Elapsed Time: 24.000000 / 1000.000000
Elapsed Time: 24.166667 / 1000.000000
Elapsed Time: 24.333333 / 1000.000000
Elapsed Time: 24.500000 / 1000.000000
Elapsed Time: 24.666667 / 1000.000000
Elapsed Time: 24.833333 / 1000.000000
Elapsed Time: 25.000000 / 1000.000000
Elapsed Time: 25.166667 / 1000.000000
Elapsed Time: 25.333333 / 1000.000000
Elapsed Time: 25.500000 / 1000.000000
Elapsed Time: 25.666667 / 1000.000000
Elapsed Time: 25.833333 / 1000.000000
Elapsed Time: 26.000000 / 1000.000000
Elapsed Time: 26.166667 / 1000.000000
Elapsed Time: 26.333333 / 1000.000000
Elapsed Time: 26.500000 / 1000.000000
Elapsed Time: 26.666667 / 1000.000000
Elapsed Time: 26.833333 / 1000.000000
Elapsed Time: 27.000000 / 1000.000000
Elapsed Time: 27.166667 / 1000.000000
Elapsed Time: 27.333333 / 1000.000000
Elapsed Time: 27.500000 / 1000.000000
Elapsed Time: 27.666667 / 1000.000000
Elapsed Time: 27.833333 / 1000.000000
Elapsed Time: 28.000000 / 1000.000000
Elapsed Time: 28.166667 / 1000.000000
Elapsed Time: 28.333333 / 1000.000000
Elapsed Time: 28.500000 / 1000.000000
Elapsed Time: 28.666667 / 1000.000000
Elapsed Time: 28.833333 / 1000.000000
Elapsed Time: 29.000000 / 1000.000000
Elapsed Time: 29.166667 / 1000.000000
Elapsed Time: 29.333333 / 1000.000000
Elapsed Time: 29.500000 / 1000.000000
Elapsed Time: 29.666667 / 1000.000000
Elapsed Time: 29.833333 / 1000.000000
Elapsed Time: 30.000000 / 1000.000000
Elapsed Time: 30.166667 / 1000.000000
Elapsed Time: 30.333333 / 1000.000000
Elapsed Time: 30.500000 / 1000.000000
Elapsed Time: 30.666667 / 1000.000000
Elapsed Time: 30.833333 / 1000.000000
Elapsed Time: 31.000000 / 1000.000000
Elapsed Time: 31.166667 / 1000.000000
Elapsed Time: 31.333333 / 1000.000000
Elapsed Time: 31.500000 / 1000.000000
Elapsed Time: 31.666667 / 1000.000000
Elapsed Time: 31.833333 / 1000.000000
Elapsed Time: 32.000000 / 1000.000000
Elapsed Time: 32.166667 / 1000.000000
Elapsed Time: 32.333333 / 1000.000000
Elapsed Time: 32.500000 / 1000.000000
Elapsed Time: 32.666667 / 1000.000000
Elapsed Time: 32.833333 / 1000.000000
Elapsed Time: 33.000000 / 1000.000000
Elapsed Time: 33.166667 / 1000.000000
Elapsed Time: 33.333333 / 1000.000000
Elapsed Time: 33.500000 / 1000.000000
Elapsed Time: 33.666667 / 1000.000000
Elapsed Time: 33.833333 / 1000.000000
Elapsed Time: 34.000000 / 1000.000000
Elapsed Time: 34.166667 / 1000.000000
Elapsed Time: 34.333333 / 1000.000000
Elapsed Time: 34.500000 / 1000.000000
Elapsed Time: 34.666667 / 1000.000000
Elapsed Time: 34.833333 / 1000.000000
Elapsed Time: 35.000000 / 1000.000000
Elapsed Time: 35.166667 / 1000.000000
Elapsed Time: 35.333333 / 1000.000000
Elapsed Time: 35.500000 / 1000.000000
Elapsed Time: 35.666667 / 1000.000000
Elapsed Time: 35.833333 / 1000.000000
Elapsed Time: 36.000000 / 1000.000000
Elapsed Time: 36.166667 / 1000.000000
Elapsed Time: 36.333333 / 1000.000000
Elapsed Time: 36.500000 / 1000.000000
Elapsed Time: 36.666667 / 1000.000000
Elapsed Time: 36.833333 / 1000.000000
Elapsed Time: 37.000000 / 1000.000000
Elapsed Time: 37.166667 / 1000.000000
Elapsed Time: 37.333333 / 1000.000000
Elapsed Time: 37.500000 / 1000.000000
Elapsed Time: 37.666667 / 1000.000000
Elapsed Time: 37.833333 / 1000.000000
Elapsed Time: 38.000000 / 1000.000000
Elapsed Time: 38.166667 / 1000.000000
Elapsed Time: 38.333333 / 1000.000000
Elapsed Time: 38.500000 / 1000.000000
Elapsed Time: 38.666667 / 1000.000000
Elapsed Time: 38.833333 / 1000.000000
Elapsed Time: 39.000000 / 1000.000000
Elapsed Time: 39.166667 / 1000.000000
Elapsed Time: 39.333333 / 1000.000000
Elapsed Time: 39.500000 / 1000.000000
Elapsed Time: 39.666667 / 1000.000000
Elapsed Time: 39.833333 / 1000.000000
Elapsed Time: 40.000000 / 1000.000000
Elapsed Time: 40.166667 / 1000.000000
Elapsed Time: 40.333333 / 1000.000000
Elapsed Time: 40.500000 / 1000.000000
Elapsed Time: 40.666667 / 1000.000000
Elapsed Time: 40.833333 / 1000.000000
Elapsed Time: 41.000000 / 1000.000000
Elapsed Time: 41.166667 / 1000.000000
Elapsed Time: 41.333333 / 1000.000000
Elapsed Time: 41.500000 / 1000.000000
Elapsed Time: 41.666667 / 1000.000000
Elapsed Time: 41.833333 / 1000.000000
Elapsed Time: 42.000000 / 1000.000000
Elapsed Time: 42.166667 / 1000.000000
Elapsed Time: 42.333333 / 1000.000000
Elapsed Time: 42.500000 / 1000.000000
Elapsed Time: 42.666667 / 1000.000000
Elapsed Time: 42.833333 / 1000.000000
Elapsed Time: 43.000000 / 1000.000000
Elapsed Time: 43.166667 / 1000.000000
Elapsed Time: 43.333333 / 1000.000000
Elapsed Time: 43.500000 / 1000.000000
Elapsed Time: 43.666667 / 1000.000000
Elapsed Time: 43.833333 / 1000.000000
Elapsed Time: 44.000000 / 1000.000000
Elapsed Time: 44.166667 / 1000.000000
Elapsed Time: 44.333333 / 1000.000000
Elapsed Time: 44.500000 / 1000.000000
Elapsed Time: 44.666667 / 1000.000000
Elapsed Time: 44.833333 / 1000.000000
Elapsed Time: 45.000000 / 1000.000000
Elapsed Time: 45.166667 / 1000.000000
Elapsed Time: 45.333333 / 1000.000000
Elapsed Time: 45.500000 / 1000.000000
Elapsed Time: 45.666667 / 1000.000000
Elapsed Time: 45.833333 / 1000.000000
Elapsed Time: 46.000000 / 1000.000000
Elapsed Time: 46.166667 / 1000.000000
Elapsed Time: 46.333333 / 1000.000000
Elapsed Time: 46.500000 / 1000.000000
Elapsed Time: 46.666667 / 1000.000000
Elapsed Time: 46.833333 / 1000.000000
Elapsed Time: 47.000000 / 1000.000000
Elapsed Time: 47.166667 / 1000.000000
Elapsed Time: 47.333333 / 1000.000000
Elapsed Time: 47.500000 / 1000.000000
Elapsed Time: 47.666667 / 1000.000000
Elapsed Time: 47.833333 / 1000.000000
Elapsed Time: 48.000000 / 1000.000000
Elapsed Time: 48.166667 / 1000.000000
Elapsed Time: 48.333333 / 1000.000000
Elapsed Time: 48.500000 / 1000.000000
Elapsed Time: 48.666667 / 1000.000000
Elapsed Time: 48.833333 / 1000.000000
Elapsed Time: 49.000000 / 1000.000000
Elapsed Time: 49.166667 / 1000.000000
Elapsed Time: 49.333333 / 1000.000000
Elapsed Time: 49.500000 / 1000.000000
Elapsed Time: 49.666667 / 1000.000000
Elapsed Time: 49.833333 / 1000.000000
Elapsed Time: 50.000000 / 1000.000000
Elapsed Time: 50.166667 / 1000.000000
Elapsed Time: 50.333333 / 1000.000000
Elapsed Time: 50.500000 / 1000.000000
Elapsed Time: 50.666667 / 1000.000000
Elapsed Time: 50.833333 / 1000.000000
Elapsed Time: 51.000000 / 1000.000000
Elapsed Time: 51.166667 / 1000.000000
Elapsed Time: 51.333333 / 1000.000000
Elapsed Time: 51.500000 / 1000.000000
Elapsed Time: 51.666667 / 1000.000000
Elapsed Time: 51.833333 / 1000.000000
Elapsed Time: 52.000000 / 1000.000000
Elapsed Time: 52.166667 / 1000.000000
Elapsed Time: 52.333333 / 1000.000000
Elapsed Time: 52.500000 / 1000.000000
Elapsed Time: 52.666667 / 1000.000000
Elapsed Time: 52.833333 / 1000.000000
Elapsed Time: 53.000000 / 1000.000000
Elapsed Time: 53.166667 / 1000.000000
Elapsed Time: 53.333333 / 1000.000000
Elapsed Time: 53.500000 / 1000.000000
Elapsed Time: 53.666667 / 1000.000000
Elapsed Time: 53.833333 / 1000.000000
Elapsed Time: 54.000000 / 1000.000000
Elapsed Time: 54.166667 / 1000.000000
Elapsed Time: 54.333333 / 1000.000000
Elapsed Time: 54.500000 / 1000.000000
Elapsed Time: 54.666667 / 1000.000000
Elapsed Time: 54.833333 / 1000.000000
Elapsed Time: 55.000000 / 1000.000000
Elapsed Time: 55.166667 / 1000.000000
Elapsed Time: 55.333333 / 1000.000000
Elapsed Time: 55.500000 / 1000.000000
Elapsed Time: 55.666667 / 1000.000000
Elapsed Time: 55.833333 / 1000.000000
Elapsed Time: 56.000000 / 1000.000000
Elapsed Time: 56.166667 / 1000.000000
Elapsed Time: 56.333333 / 1000.000000
Elapsed Time: 56.500000 / 1000.000000
Elapsed Time: 56.666667 / 1000.000000
Elapsed Time: 56.833333 / 1000.000000
Elapsed Time: 57.000000 / 1000.000000
Elapsed Time: 57.166667 / 1000.000000
Elapsed Time: 57.333333 / 1000.000000
Elapsed Time: 57.500000 / 1000.000000
Elapsed Time: 57.666667 / 1000.000000
Elapsed Time: 57.833333 / 1000.000000
Elapsed Time: 58.000000 / 1000.000000
Elapsed Time: 58.166667 / 1000.000000
Elapsed Time: 58.333333 / 1000.000000
Elapsed Time: 58.500000 / 1000.000000
Elapsed Time: 58.666667 / 1000.000000
Elapsed Time: 58.833333 / 1000.000000
Elapsed Time: 59.000000 / 1000.000000
Elapsed Time: 59.166667 / 1000.000000
Elapsed Time: 59.333333 / 1000.000000
Elapsed Time: 59.500000 / 1000.000000
Elapsed Time: 59.666667 / 1000.000000
Elapsed Time: 59.833333 / 1000.000000
Elapsed Time: 60.000000 / 1000.000000
Elapsed Time: 60.166667 / 1000.000000
Elapsed Time: 60.333333 / 1000.000000
Elapsed Time: 60.500000 / 1000.000000
Elapsed Time: 60.666667 / 1000.000000
Elapsed Time: 60.833333 / 1000.000000
Elapsed Time: 61.000000 / 1000.000000
Elapsed Time: 61.166667 / 1000.000000
Elapsed Time: 61.333333 / 1000.000000
Elapsed Time: 61.500000 / 1000.000000
Elapsed Time: 61.666667 / 1000.000000
Elapsed Time: 61.833333 / 1000.000000
Elapsed Time: 62.000000 / 1000.000000
Elapsed Time: 62.166667 / 1000.000000
Elapsed Time: 62.333333 / 1000.000000
Elapsed Time: 62.500000 / 1000.000000
Elapsed Time: 62.666667 / 1000.000000
Elapsed Time: 62.833333 / 1000.000000
Elapsed Time: 63.000000 / 1000.000000
Elapsed Time: 63.166667 / 1000.000000
Elapsed Time: 63.333333 / 1000.000000
Elapsed Time: 63.500000 / 1000.000000
Elapsed Time: 63.666667 / 1000.000000
Elapsed Time: 63.833333 / 1000.000000
Elapsed Time: 64.000000 / 1000.000000
Elapsed Time: 64.166667 / 1000.000000
Elapsed Time: 64.333333 / 1000.000000
Elapsed Time: 64.500000 / 1000.000000
Elapsed Time: 64.666667 / 1000.000000
Elapsed Time: 64.833333 / 1000.000000
Elapsed Time: 65.000000 / 1000.000000
Elapsed Time: 65.166667 / 1000.000000
Elapsed Time: 65.333333 / 1000.000000
Elapsed Time: 65.500000 / 1000.000000
Elapsed Time: 65.666667 / 1000.000000
Elapsed Time: 65.833333 / 1000.000000
Elapsed Time: 66.000000 / 1000.000000
Elapsed Time: 66.166667 / 1000.000000
Elapsed Time: 66.333333 / 1000.000000
Elapsed Time: 66.500000 / 1000.000000
Elapsed Time: 66.666667 / 1000.000000
Elapsed Time: 66.833333 / 1000.000000
Elapsed Time: 67.000000 / 1000.000000
Elapsed Time: 67.166667 / 1000.000000
Elapsed Time: 67.333333 / 1000.000000
Elapsed Time: 67.500000 / 1000.000000
Elapsed Time: 67.666667 / 1000.000000
Elapsed Time: 67.833333 / 1000.000000
Elapsed Time: 68.000000 / 1000.000000
Elapsed Time: 68.166667 / 1000.000000
Elapsed Time: 68.333333 / 1000.000000
Elapsed Time: 68.500000 / 1000.000000
Elapsed Time: 68.666667 / 1000.000000
Elapsed Time: 68.833333 / 1000.000000
Elapsed Time: 69.000000 / 1000.000000
Elapsed Time: 69.166667 / 1000.000000
Elapsed Time: 69.333333 / 1000.000000
Elapsed Time: 69.500000 / 1000.000000
Elapsed Time: 69.666667 / 1000.000000
Elapsed Time: 69.833333 / 1000.000000
Elapsed Time: 70.000000 / 1000.000000
Elapsed Time: 70.166667 / 1000.000000
Elapsed Time: 70.333333 / 1000.000000
Elapsed Time: 70.500000 / 1000.000000
Elapsed Time: 70.666667 / 1000.000000
Elapsed Time: 70.833333 / 1000.000000
Elapsed Time: 71.000000 / 1000.000000
Elapsed Time: 71.166667 / 1000.000000
Elapsed Time: 71.333333 / 1000.000000
Elapsed Time: 71.500000 / 1000.000000
Elapsed Time: 71.666667 / 1000.000000
Elapsed Time: 71.833333 / 1000.000000
Elapsed Time: 72.000000 / 1000.000000
Elapsed Time: 72.166667 / 1000.000000
Elapsed Time: 72.333333 / 1000.000000
Elapsed Time: 72.500000 / 1000.000000
Elapsed Time: 72.666667 / 1000.000000
Elapsed Time: 72.833333 / 1000.000000
Elapsed Time: 73.000000 / 1000.000000
Elapsed Time: 73.166667 / 1000.000000
Elapsed Time: 73.333333 / 1000.000000
Elapsed Time: 73.500000 / 1000.000000
Elapsed Time: 73.666667 / 1000.000000
Elapsed Time: 73.833333 / 1000.000000
Elapsed Time: 74.000000 / 1000.000000
Elapsed Time: 74.166667 / 1000.000000
Elapsed Time: 74.333333 / 1000.000000
Elapsed Time: 74.500000 / 1000.000000
Elapsed Time: 74.666667 / 1000.000000
Elapsed Time: 74.833333 / 1000.000000
Elapsed Time: 75.000000 / 1000.000000
Elapsed Time: 75.166667 / 1000.000000
Elapsed Time: 75.333333 / 1000.000000
Elapsed Time: 75.500000 / 1000.000000
Elapsed Time: 75.666667 / 1000.000000
Elapsed Time: 75.833333 / 1000.000000
Elapsed Time: 76.000000 / 1000.000000
Elapsed Time: 76.166667 / 1000.000000
Elapsed Time: 76.333333 / 1000.000000
Elapsed Time: 76.500000 / 1000.000000
Elapsed Time: 76.666667 / 1000.000000
Elapsed Time: 76.833333 / 1000.000000
Elapsed Time: 77.000000 / 1000.000000
Elapsed Time: 77.166667 / 1000.000000
Elapsed Time: 77.333333 / 1000.000000
Elapsed Time: 77.500000 / 1000.000000
Elapsed Time: 77.666667 / 1000.000000
Elapsed Time: 77.833333 / 1000.000000
Elapsed Time: 78.000000 / 1000.000000
Elapsed Time: 78.166667 / 1000.000000
Elapsed Time: 78.333333 / 1000.000000
Elapsed Time: 78.500000 / 1000.000000
Elapsed Time: 78.666667 / 1000.000000
Elapsed Time: 78.833333 / 1000.000000
Elapsed Time: 79.000000 / 1000.000000
Elapsed Time: 79.166667 / 1000.000000
Elapsed Time: 79.333333 / 1000.000000
Elapsed Time: 79.500000 / 1000.000000
Elapsed Time: 79.666667 / 1000.000000
Elapsed Time: 79.833333 / 1000.000000
Elapsed Time: 80.000000 / 1000.000000
Elapsed Time: 80.166667 / 1000.000000
Elapsed Time: 80.333333 / 1000.000000
Elapsed Time: 80.500000 / 1000.000000
Elapsed Time: 80.666667 / 1000.000000
Elapsed Time: 80.833333 / 1000.000000
Elapsed Time: 81.000000 / 1000.000000
Elapsed Time: 81.166667 / 1000.000000
Elapsed Time: 81.333333 / 1000.000000
Elapsed Time: 81.500000 / 1000.000000
Elapsed Time: 81.666667 / 1000.000000
Elapsed Time: 81.833333 / 1000.000000
Elapsed Time: 82.000000 / 1000.000000
Elapsed Time: 82.166667 / 1000.000000
Elapsed Time: 82.333333 / 1000.000000
Elapsed Time: 82.500000 / 1000.000000
Elapsed Time: 82.666667 / 1000.000000
Elapsed Time: 82.833333 / 1000.000000
Elapsed Time: 83.000000 / 1000.000000
Elapsed Time: 83.166667 / 1000.000000
Elapsed Time: 83.333333 / 1000.000000
Elapsed Time: 83.500000 / 1000.000000
Elapsed Time: 83.666667 / 1000.000000
Elapsed Time: 83.833333 / 1000.000000
Elapsed Time: 84.000000 / 1000.000000
Elapsed Time: 84.166667 / 1000.000000
Elapsed Time: 84.333333 / 1000.000000
Elapsed Time: 84.500000 / 1000.000000
Elapsed Time: 84.666667 / 1000.000000
Elapsed Time: 84.833333 / 1000.000000
Elapsed Time: 85.000000 / 1000.000000
Elapsed Time: 85.166667 / 1000.000000
Elapsed Time: 85.333333 / 1000.000000
Elapsed Time: 85.500000 / 1000.000000
Elapsed Time: 85.666667 / 1000.000000
Elapsed Time: 85.833333 / 1000.000000
Elapsed Time: 86.000000 / 1000.000000
Elapsed Time: 86.166667 / 1000.000000
Elapsed Time: 86.333333 / 1000.000000
Elapsed Time: 86.500000 / 1000.000000
Elapsed Time: 86.666667 / 1000.000000
Elapsed Time: 86.833333 / 1000.000000
Elapsed Time: 87.000000 / 1000.000000
Elapsed Time: 87.166667 / 1000.000000
Elapsed Time: 87.333333 / 1000.000000
Elapsed Time: 87.500000 / 1000.000000
Elapsed Time: 87.666667 / 1000.000000
Elapsed Time: 87.833333 / 1000.000000
Elapsed Time: 88.000000 / 1000.000000
Elapsed Time: 88.166667 / 1000.000000
Elapsed Time: 88.333333 / 1000.000000
Elapsed Time: 88.500000 / 1000.000000
Elapsed Time: 88.666667 / 1000.000000
Elapsed Time: 88.833333 / 1000.000000
Elapsed Time: 89.000000 / 1000.000000
Elapsed Time: 89.166667 / 1000.000000
Elapsed Time: 89.333333 / 1000.000000
Elapsed Time: 89.500000 / 1000.000000
Elapsed Time: 89.666667 / 1000.000000
Elapsed Time: 89.833333 / 1000.000000
Elapsed Time: 90.000000 / 1000.000000
Elapsed Time: 90.166667 / 1000.000000
Elapsed Time: 90.333333 / 1000.000000
Elapsed Time: 90.500000 / 1000.000000
Elapsed Time: 90.666667 / 1000.000000
Elapsed Time: 90.833333 / 1000.000000
Elapsed Time: 91.000000 / 1000.000000
Elapsed Time: 91.166667 / 1000.000000
Elapsed Time: 91.333333 / 1000.000000
Elapsed Time: 91.500000 / 1000.000000
Elapsed Time: 91.666667 / 1000.000000
Elapsed Time: 91.833333 / 1000.000000
Elapsed Time: 92.000000 / 1000.000000
Elapsed Time: 92.166667 / 1000.000000
Elapsed Time: 92.333333 / 1000.000000
Elapsed Time: 92.500000 / 1000.000000
Elapsed Time: 92.666667 / 1000.000000
Elapsed Time: 92.833333 / 1000.000000
Elapsed Time: 93.000000 / 1000.000000
Elapsed Time: 93.166667 / 1000.000000
Elapsed Time: 93.333333 / 1000.000000
Elapsed Time: 93.500000 / 1000.000000
Elapsed Time: 93.666667 / 1000.000000
Elapsed Time: 93.833333 / 1000.000000
Elapsed Time: 94.000000 / 1000.000000
Elapsed Time: 94.166667 / 1000.000000
Elapsed Time: 94.333333 / 1000.000000
Elapsed Time: 94.500000 / 1000.000000
Elapsed Time: 94.666667 / 1000.000000
Elapsed Time: 94.833333 / 1000.000000
Elapsed Time: 95.000000 / 1000.000000
Elapsed Time: 95.166667 / 1000.000000
Elapsed Time: 95.333333 / 1000.000000
Elapsed Time: 95.500000 / 1000.000000
Elapsed Time: 95.666667 / 1000.000000
Elapsed Time: 95.833333 / 1000.000000
Elapsed Time: 96.000000 / 1000.000000
Elapsed Time: 96.166667 / 1000.000000
Elapsed Time: 96.333333 / 1000.000000
Elapsed Time: 96.500000 / 1000.000000
Elapsed Time: 96.666667 / 1000.000000
Elapsed Time: 96.833333 / 1000.000000
Elapsed Time: 97.000000 / 1000.000000
Elapsed Time: 97.166667 / 1000.000000
Elapsed Time: 97.333333 / 1000.000000
Elapsed Time: 97.500000 / 1000.000000
Elapsed Time: 97.666667 / 1000.000000
Elapsed Time: 97.833333 / 1000.000000
Elapsed Time: 98.000000 / 1000.000000
Elapsed Time: 98.166667 / 1000.000000
Elapsed Time: 98.333333 / 1000.000000
Elapsed Time: 98.500000 / 1000.000000
Elapsed Time: 98.666667 / 1000.000000
Elapsed Time: 98.833333 / 1000.000000
Elapsed Time: 99.000000 / 1000.000000
Elapsed Time: 99.166667 / 1000.000000
Elapsed Time: 99.333333 / 1000.000000
Elapsed Time: 99.500000 / 1000.000000
Elapsed Time: 99.666667 / 1000.000000
Elapsed Time: 99.833333 / 1000.000000
Elapsed Time: 100.000000 / 1000.000000
Elapsed Time: 100.166667 / 1000.000000
Elapsed Time: 100.333333 / 1000.000000
Elapsed Time: 100.500000 / 1000.000000
Elapsed Time: 100.666667 / 1000.000000
Elapsed Time: 100.833333 / 1000.000000
Elapsed Time: 101.000000 / 1000.000000
Elapsed Time: 101.166667 / 1000.000000
Elapsed Time: 101.333333 / 1000.000000
Elapsed Time: 101.500000 / 1000.000000
Elapsed Time: 101.666667 / 1000.000000
Elapsed Time: 101.833333 / 1000.000000
Elapsed Time: 102.000000 / 1000.000000
Elapsed Time: 102.166667 / 1000.000000
Elapsed Time: 102.333333 / 1000.000000
Elapsed Time: 102.500000 / 1000.000000
Elapsed Time: 102.666667 / 1000.000000
Elapsed Time: 102.833333 / 1000.000000
Elapsed Time: 103.000000 / 1000.000000
Elapsed Time: 103.166667 / 1000.000000
Elapsed Time: 103.333333 / 1000.000000
Elapsed Time: 103.500000 / 1000.000000
Elapsed Time: 103.666667 / 1000.000000
Elapsed Time: 103.833333 / 1000.000000
Elapsed Time: 104.000000 / 1000.000000
Elapsed Time: 104.166667 / 1000.000000
Elapsed Time: 104.333333 / 1000.000000
Elapsed Time: 104.500000 / 1000.000000
Elapsed Time: 104.666667 / 1000.000000
Elapsed Time: 104.833333 / 1000.000000
Elapsed Time: 105.000000 / 1000.000000
Elapsed Time: 105.166667 / 1000.000000
Elapsed Time: 105.333333 / 1000.000000
Elapsed Time: 105.500000 / 1000.000000
Elapsed Time: 105.666667 / 1000.000000
Elapsed Time: 105.833333 / 1000.000000
Elapsed Time: 106.000000 / 1000.000000
Elapsed Time: 106.166667 / 1000.000000
Elapsed Time: 106.333333 / 1000.000000
Elapsed Time: 106.500000 / 1000.000000
Elapsed Time: 106.666667 / 1000.000000
Elapsed Time: 106.833333 / 1000.000000
Elapsed Time: 107.000000 / 1000.000000
Elapsed Time: 107.166667 / 1000.000000
Elapsed Time: 107.333333 / 1000.000000
Elapsed Time: 107.500000 / 1000.000000
Elapsed Time: 107.666667 / 1000.000000
Elapsed Time: 107.833333 / 1000.000000
Elapsed Time: 108.000000 / 1000.000000
Elapsed Time: 108.166667 / 1000.000000
Elapsed Time: 108.333333 / 1000.000000
Elapsed Time: 108.500000 / 1000.000000
Elapsed Time: 108.666667 / 1000.000000
Elapsed Time: 108.833333 / 1000.000000
Elapsed Time: 109.000000 / 1000.000000
Elapsed Time: 109.166667 / 1000.000000
Elapsed Time: 109.333333 / 1000.000000
Elapsed Time: 109.500000 / 1000.000000
Elapsed Time: 109.666667 / 1000.000000
Elapsed Time: 109.833333 / 1000.000000
Elapsed Time: 110.000000 / 1000.000000
Elapsed Time: 110.166667 / 1000.000000
Elapsed Time: 110.333333 / 1000.000000
Elapsed Time: 110.500000 / 1000.000000
Elapsed Time: 110.666667 / 1000.000000
Elapsed Time: 110.833333 / 1000.000000
Elapsed Time: 111.000000 / 1000.000000
Elapsed Time: 111.166667 / 1000.000000
Elapsed Time: 111.333333 / 1000.000000
Elapsed Time: 111.500000 / 1000.000000
Elapsed Time: 111.666667 / 1000.000000
Elapsed Time: 111.833333 / 1000.000000
Elapsed Time: 112.000000 / 1000.000000
Elapsed Time: 112.166667 / 1000.000000
Elapsed Time: 112.333333 / 1000.000000
Elapsed Time: 112.500000 / 1000.000000
Elapsed Time: 112.666667 / 1000.000000
Elapsed Time: 112.833333 / 1000.000000
Elapsed Time: 113.000000 / 1000.000000
Elapsed Time: 113.166667 / 1000.000000
Elapsed Time: 113.333333 / 1000.000000
Elapsed Time: 113.500000 / 1000.000000
Elapsed Time: 113.666667 / 1000.000000
Elapsed Time: 113.833333 / 1000.000000
Elapsed Time: 114.000000 / 1000.000000
Elapsed Time: 114.166667 / 1000.000000
Elapsed Time: 114.333333 / 1000.000000
Elapsed Time: 114.500000 / 1000.000000
Elapsed Time: 114.666667 / 1000.000000
Elapsed Time: 114.833333 / 1000.000000
Elapsed Time: 115.000000 / 1000.000000
Elapsed Time: 115.166667 / 1000.000000
Elapsed Time: 115.333333 / 1000.000000
Elapsed Time: 115.500000 / 1000.000000
Elapsed Time: 115.666667 / 1000.000000
Elapsed Time: 115.833333 / 1000.000000
Elapsed Time: 116.000000 / 1000.000000
Elapsed Time: 116.166667 / 1000.000000
Elapsed Time: 116.333333 / 1000.000000
Elapsed Time: 116.500000 / 1000.000000
Elapsed Time: 116.666667 / 1000.000000
Elapsed Time: 116.833333 / 1000.000000
Elapsed Time: 117.000000 / 1000.000000
Elapsed Time: 117.166667 / 1000.000000
Elapsed Time: 117.333333 / 1000.000000
Elapsed Time: 117.500000 / 1000.000000
Elapsed Time: 117.666667 / 1000.000000
Elapsed Time: 117.833333 / 1000.000000
Elapsed Time: 118.000000 / 1000.000000
Elapsed Time: 118.166667 / 1000.000000
Elapsed Time: 118.333333 / 1000.000000
Elapsed Time: 118.500000 / 1000.000000
Elapsed Time: 118.666667 / 1000.000000
Elapsed Time: 118.833333 / 1000.000000
Elapsed Time: 119.000000 / 1000.000000
Elapsed Time: 119.166667 / 1000.000000
Elapsed Time: 119.333333 / 1000.000000
Elapsed Time: 119.500000 / 1000.000000
Elapsed Time: 119.666667 / 1000.000000
Elapsed Time: 119.833333 / 1000.000000
Elapsed Time: 120.000000 / 1000.000000
Elapsed Time: 120.166667 / 1000.000000
Elapsed Time: 120.333333 / 1000.000000
Elapsed Time: 120.500000 / 1000.000000
Elapsed Time: 120.666667 / 1000.000000
Elapsed Time: 120.833333 / 1000.000000
Elapsed Time: 121.000000 / 1000.000000
Elapsed Time: 121.166667 / 1000.000000
Elapsed Time: 121.333333 / 1000.000000
Elapsed Time: 121.500000 / 1000.000000
Elapsed Time: 121.666667 / 1000.000000
Elapsed Time: 121.833333 / 1000.000000
Elapsed Time: 122.000000 / 1000.000000
Elapsed Time: 122.166667 / 1000.000000
Elapsed Time: 122.333333 / 1000.000000
Elapsed Time: 122.500000 / 1000.000000
Elapsed Time: 122.666667 / 1000.000000
Elapsed Time: 122.833333 / 1000.000000
Elapsed Time: 123.000000 / 1000.000000
Elapsed Time: 123.166667 / 1000.000000
Elapsed Time: 123.333333 / 1000.000000
Elapsed Time: 123.500000 / 1000.000000
Elapsed Time: 123.666667 / 1000.000000
Elapsed Time: 123.833333 / 1000.000000
Elapsed Time: 124.000000 / 1000.000000
Elapsed Time: 124.166667 / 1000.000000
Elapsed Time: 124.333333 / 1000.000000
Elapsed Time: 124.500000 / 1000.000000
Elapsed Time: 124.666667 / 1000.000000
Elapsed Time: 124.833333 / 1000.000000
Elapsed Time: 125.000000 / 1000.000000
Elapsed Time: 125.166667 / 1000.000000
Elapsed Time: 125.333333 / 1000.000000
Elapsed Time: 125.500000 / 1000.000000
Elapsed Time: 125.666667 / 1000.000000
Elapsed Time: 125.833333 / 1000.000000
Elapsed Time: 126.000000 / 1000.000000
Elapsed Time: 126.166667 / 1000.000000
Elapsed Time: 126.333333 / 1000.000000
Elapsed Time: 126.500000 / 1000.000000
Elapsed Time: 126.666667 / 1000.000000
Elapsed Time: 126.833333 / 1000.000000
Elapsed Time: 127.000000 / 1000.000000
Elapsed Time: 127.166667 / 1000.000000
Elapsed Time: 127.333333 / 1000.000000
Elapsed Time: 127.500000 / 1000.000000
Elapsed Time: 127.666667 / 1000.000000
Elapsed Time: 127.833333 / 1000.000000
Elapsed Time: 128.000000 / 1000.000000
Elapsed Time: 128.166667 / 1000.000000
Elapsed Time: 128.333333 / 1000.000000
Elapsed Time: 128.500000 / 1000.000000
Elapsed Time: 128.666667 / 1000.000000
Elapsed Time: 128.833333 / 1000.000000
Elapsed Time: 129.000000 / 1000.000000
Elapsed Time: 129.166667 / 1000.000000
Elapsed Time: 129.333333 / 1000.000000
Elapsed Time: 129.500000 / 1000.000000
Elapsed Time: 129.666667 / 1000.000000
Elapsed Time: 129.833333 / 1000.000000
Elapsed Time: 130.000000 / 1000.000000
Elapsed Time: 130.166667 / 1000.000000
Elapsed Time: 130.333333 / 1000.000000
Elapsed Time: 130.500000 / 1000.000000
Elapsed Time: 130.666667 / 1000.000000
Elapsed Time: 130.833333 / 1000.000000
Elapsed Time: 131.000000 / 1000.000000
Elapsed Time: 131.166667 / 1000.000000
Elapsed Time: 131.333333 / 1000.000000
Elapsed Time: 131.500000 / 1000.000000
Elapsed Time: 131.666667 / 1000.000000
Elapsed Time: 131.833333 / 1000.000000
Elapsed Time: 132.000000 / 1000.000000
Elapsed Time: 132.166667 / 1000.000000
Elapsed Time: 132.333333 / 1000.000000
Elapsed Time: 132.500000 / 1000.000000
Elapsed Time: 132.666667 / 1000.000000
Elapsed Time: 132.833333 / 1000.000000
Elapsed Time: 133.000000 / 1000.000000
Elapsed Time: 133.166667 / 1000.000000
Elapsed Time: 133.333333 / 1000.000000
Elapsed Time: 133.500000 / 1000.000000
Elapsed Time: 133.666667 / 1000.000000
Elapsed Time: 133.833333 / 1000.000000
Elapsed Time: 134.000000 / 1000.000000
Elapsed Time: 134.166667 / 1000.000000
Elapsed Time: 134.333333 / 1000.000000
Elapsed Time: 134.500000 / 1000.000000
Elapsed Time: 134.666667 / 1000.000000
Elapsed Time: 134.833333 / 1000.000000
Elapsed Time: 135.000000 / 1000.000000
Elapsed Time: 135.166667 / 1000.000000
Elapsed Time: 135.333333 / 1000.000000
Elapsed Time: 135.500000 / 1000.000000
Elapsed Time: 135.666667 / 1000.000000
Elapsed Time: 135.833333 / 1000.000000
Elapsed Time: 136.000000 / 1000.000000
Elapsed Time: 136.166667 / 1000.000000
Elapsed Time: 136.333333 / 1000.000000
Elapsed Time: 136.500000 / 1000.000000
Elapsed Time: 136.666667 / 1000.000000
Elapsed Time: 136.833333 / 1000.000000
Elapsed Time: 137.000000 / 1000.000000
Elapsed Time: 137.166667 / 1000.000000
Elapsed Time: 137.333333 / 1000.000000
Elapsed Time: 137.500000 / 1000.000000
Elapsed Time: 137.666667 / 1000.000000
Elapsed Time: 137.833333 / 1000.000000
Elapsed Time: 138.000000 / 1000.000000
Elapsed Time: 138.166667 / 1000.000000
Elapsed Time: 138.333333 / 1000.000000
Elapsed Time: 138.500000 / 1000.000000
Elapsed Time: 138.666667 / 1000.000000
Elapsed Time: 138.833333 / 1000.000000
Elapsed Time: 139.000000 / 1000.000000
Elapsed Time: 139.166667 / 1000.000000
Elapsed Time: 139.333333 / 1000.000000
Elapsed Time: 139.500000 / 1000.000000
Elapsed Time: 139.666667 / 1000.000000
Elapsed Time: 139.833333 / 1000.000000
Elapsed Time: 140.000000 / 1000.000000
Elapsed Time: 140.166667 / 1000.000000
Elapsed Time: 140.333333 / 1000.000000
Elapsed Time: 140.500000 / 1000.000000
Elapsed Time: 140.666667 / 1000.000000
Elapsed Time: 140.833333 / 1000.000000
Elapsed Time: 141.000000 / 1000.000000
Elapsed Time: 141.166667 / 1000.000000
Elapsed Time: 141.333333 / 1000.000000
Elapsed Time: 141.500000 / 1000.000000
Elapsed Time: 141.666667 / 1000.000000
Elapsed Time: 141.833333 / 1000.000000
Elapsed Time: 142.000000 / 1000.000000
Elapsed Time: 142.166667 / 1000.000000
Elapsed Time: 142.333333 / 1000.000000
Elapsed Time: 142.500000 / 1000.000000
Elapsed Time: 142.666667 / 1000.000000
Elapsed Time: 142.833333 / 1000.000000
Elapsed Time: 143.000000 / 1000.000000
Elapsed Time: 143.166667 / 1000.000000
Elapsed Time: 143.333333 / 1000.000000
Elapsed Time: 143.500000 / 1000.000000
Elapsed Time: 143.666667 / 1000.000000
Elapsed Time: 143.833333 / 1000.000000
Elapsed Time: 144.000000 / 1000.000000
Elapsed Time: 144.166667 / 1000.000000
Elapsed Time: 144.333333 / 1000.000000
Elapsed Time: 144.500000 / 1000.000000
Elapsed Time: 144.666667 / 1000.000000
Elapsed Time: 144.833333 / 1000.000000
Elapsed Time: 145.000000 / 1000.000000
Elapsed Time: 145.166667 / 1000.000000
Elapsed Time: 145.333333 / 1000.000000
Elapsed Time: 145.500000 / 1000.000000
Elapsed Time: 145.666667 / 1000.000000
Elapsed Time: 145.833333 / 1000.000000
Elapsed Time: 146.000000 / 1000.000000
Elapsed Time: 146.166667 / 1000.000000
Elapsed Time: 146.333333 / 1000.000000
Elapsed Time: 146.500000 / 1000.000000
Elapsed Time: 146.666667 / 1000.000000
Elapsed Time: 146.833333 / 1000.000000
Elapsed Time: 147.000000 / 1000.000000
Elapsed Time: 147.166667 / 1000.000000
Elapsed Time: 147.333333 / 1000.000000
Elapsed Time: 147.500000 / 1000.000000
Elapsed Time: 147.666667 / 1000.000000
Elapsed Time: 147.833333 / 1000.000000
Elapsed Time: 148.000000 / 1000.000000
Elapsed Time: 148.166667 / 1000.000000
Elapsed Time: 148.333333 / 1000.000000
Elapsed Time: 148.500000 / 1000.000000
Elapsed Time: 148.666667 / 1000.000000
Elapsed Time: 148.833333 / 1000.000000
Elapsed Time: 149.000000 / 1000.000000
Elapsed Time: 149.166667 / 1000.000000
Elapsed Time: 149.333333 / 1000.000000
Elapsed Time: 149.500000 / 1000.000000
Elapsed Time: 149.666667 / 1000.000000
Elapsed Time: 149.833333 / 1000.000000
Elapsed Time: 150.000000 / 1000.000000
Elapsed Time: 150.166667 / 1000.000000
Elapsed Time: 150.333333 / 1000.000000
Elapsed Time: 150.500000 / 1000.000000
Elapsed Time: 150.666667 / 1000.000000
Elapsed Time: 150.833333 / 1000.000000
Elapsed Time: 151.000000 / 1000.000000
Elapsed Time: 151.166667 / 1000.000000
Elapsed Time: 151.333333 / 1000.000000
Elapsed Time: 151.500000 / 1000.000000
Elapsed Time: 151.666667 / 1000.000000
Elapsed Time: 151.833333 / 1000.000000
Elapsed Time: 152.000000 / 1000.000000
Elapsed Time: 152.166667 / 1000.000000
Elapsed Time: 152.333333 / 1000.000000
Elapsed Time: 152.500000 / 1000.000000
Elapsed Time: 152.666667 / 1000.000000
Elapsed Time: 152.833333 / 1000.000000
Elapsed Time: 153.000000 / 1000.000000
Elapsed Time: 153.166667 / 1000.000000
Elapsed Time: 153.333333 / 1000.000000
Elapsed Time: 153.500000 / 1000.000000
Elapsed Time: 153.666667 / 1000.000000
Elapsed Time: 153.833333 / 1000.000000
Elapsed Time: 154.000000 / 1000.000000
Elapsed Time: 154.166667 / 1000.000000
Elapsed Time: 154.333333 / 1000.000000
Elapsed Time: 154.500000 / 1000.000000
Elapsed Time: 154.666667 / 1000.000000
Elapsed Time: 154.833333 / 1000.000000
Elapsed Time: 155.000000 / 1000.000000
Elapsed Time: 155.166667 / 1000.000000
Elapsed Time: 155.333333 / 1000.000000
Elapsed Time: 155.500000 / 1000.000000
Elapsed Time: 155.666667 / 1000.000000
Elapsed Time: 155.833333 / 1000.000000
Elapsed Time: 156.000000 / 1000.000000
Elapsed Time: 156.166667 / 1000.000000
Elapsed Time: 156.333333 / 1000.000000
Elapsed Time: 156.500000 / 1000.000000
Elapsed Time: 156.666667 / 1000.000000
Elapsed Time: 156.833333 / 1000.000000
Elapsed Time: 157.000000 / 1000.000000
Elapsed Time: 157.166667 / 1000.000000
Elapsed Time: 157.333333 / 1000.000000
Elapsed Time: 157.500000 / 1000.000000
Elapsed Time: 157.666667 / 1000.000000
Elapsed Time: 157.833333 / 1000.000000
Elapsed Time: 158.000000 / 1000.000000
Elapsed Time: 158.166667 / 1000.000000
Elapsed Time: 158.333333 / 1000.000000
Elapsed Time: 158.500000 / 1000.000000
Elapsed Time: 158.666667 / 1000.000000
Elapsed Time: 158.833333 / 1000.000000
Elapsed Time: 159.000000 / 1000.000000
Elapsed Time: 159.166667 / 1000.000000
Elapsed Time: 159.333333 / 1000.000000
Elapsed Time: 159.500000 / 1000.000000
Elapsed Time: 159.666667 / 1000.000000
Elapsed Time: 159.833333 / 1000.000000
Elapsed Time: 160.000000 / 1000.000000
Elapsed Time: 160.166667 / 1000.000000
Elapsed Time: 160.333333 / 1000.000000
Elapsed Time: 160.500000 / 1000.000000
Elapsed Time: 160.666667 / 1000.000000
Elapsed Time: 160.833333 / 1000.000000
Elapsed Time: 161.000000 / 1000.000000
Elapsed Time: 161.166667 / 1000.000000
Elapsed Time: 161.333333 / 1000.000000
Elapsed Time: 161.500000 / 1000.000000
Elapsed Time: 161.666667 / 1000.000000
Elapsed Time: 161.833333 / 1000.000000
Elapsed Time: 162.000000 / 1000.000000
Elapsed Time: 162.166667 / 1000.000000
Elapsed Time: 162.333333 / 1000.000000
Elapsed Time: 162.500000 / 1000.000000
Elapsed Time: 162.666667 / 1000.000000
Elapsed Time: 162.833333 / 1000.000000
Elapsed Time: 163.000000 / 1000.000000
Elapsed Time: 163.166667 / 1000.000000
Elapsed Time: 163.333333 / 1000.000000
Elapsed Time: 163.500000 / 1000.000000
Elapsed Time: 163.666667 / 1000.000000
Elapsed Time: 163.833333 / 1000.000000
Elapsed Time: 164.000000 / 1000.000000
Elapsed Time: 164.166667 / 1000.000000
Elapsed Time: 164.333333 / 1000.000000
Elapsed Time: 164.500000 / 1000.000000
Elapsed Time: 164.666667 / 1000.000000
Elapsed Time: 164.833333 / 1000.000000
Elapsed Time: 165.000000 / 1000.000000
Elapsed Time: 165.166667 / 1000.000000
Elapsed Time: 165.333333 / 1000.000000
Elapsed Time: 165.500000 / 1000.000000
Elapsed Time: 165.666667 / 1000.000000
Elapsed Time: 165.833333 / 1000.000000
Elapsed Time: 166.000000 / 1000.000000
Elapsed Time: 166.166667 / 1000.000000
Elapsed Time: 166.333333 / 1000.000000
Elapsed Time: 166.500000 / 1000.000000
Elapsed Time: 166.666667 / 1000.000000
Elapsed Time: 166.833333 / 1000.000000
Elapsed Time: 167.000000 / 1000.000000
Elapsed Time: 167.166667 / 1000.000000
Elapsed Time: 167.333333 / 1000.000000
Elapsed Time: 167.500000 / 1000.000000
Elapsed Time: 167.666667 / 1000.000000
Elapsed Time: 167.833333 / 1000.000000
Elapsed Time: 168.000000 / 1000.000000
Elapsed Time: 168.166667 / 1000.000000
Elapsed Time: 168.333333 / 1000.000000
Elapsed Time: 168.500000 / 1000.000000
Elapsed Time: 168.666667 / 1000.000000
Elapsed Time: 168.833333 / 1000.000000
Elapsed Time: 169.000000 / 1000.000000
Elapsed Time: 169.166667 / 1000.000000
Elapsed Time: 169.333333 / 1000.000000
Elapsed Time: 169.500000 / 1000.000000
Elapsed Time: 169.666667 / 1000.000000
Elapsed Time: 169.833333 / 1000.000000
Elapsed Time: 170.000000 / 1000.000000
Elapsed Time: 170.166667 / 1000.000000
Elapsed Time: 170.333333 / 1000.000000
Elapsed Time: 170.500000 / 1000.000000
Elapsed Time: 170.666667 / 1000.000000
Elapsed Time: 170.833333 / 1000.000000
Elapsed Time: 171.000000 / 1000.000000
Elapsed Time: 171.166667 / 1000.000000
Elapsed Time: 171.333333 / 1000.000000
Elapsed Time: 171.500000 / 1000.000000
Elapsed Time: 171.666667 / 1000.000000
Elapsed Time: 171.833333 / 1000.000000
Elapsed Time: 172.000000 / 1000.000000
Elapsed Time: 172.166667 / 1000.000000
Elapsed Time: 172.333333 / 1000.000000
Elapsed Time: 172.500000 / 1000.000000
Elapsed Time: 172.666667 / 1000.000000
Elapsed Time: 172.833333 / 1000.000000
Elapsed Time: 173.000000 / 1000.000000
Elapsed Time: 173.166667 / 1000.000000
Elapsed Time: 173.333333 / 1000.000000
Elapsed Time: 173.500000 / 1000.000000
Elapsed Time: 173.666667 / 1000.000000
Elapsed Time: 173.833333 / 1000.000000
Elapsed Time: 174.000000 / 1000.000000
Elapsed Time: 174.166667 / 1000.000000
Elapsed Time: 174.333333 / 1000.000000
Elapsed Time: 174.500000 / 1000.000000
Elapsed Time: 174.666667 / 1000.000000
Elapsed Time: 174.833333 / 1000.000000
Elapsed Time: 175.000000 / 1000.000000
Elapsed Time: 175.166667 / 1000.000000
Elapsed Time: 175.333333 / 1000.000000
Elapsed Time: 175.500000 / 1000.000000
Elapsed Time: 175.666667 / 1000.000000
Elapsed Time: 175.833333 / 1000.000000
Elapsed Time: 176.000000 / 1000.000000
Elapsed Time: 176.166667 / 1000.000000
Elapsed Time: 176.333333 / 1000.000000
Elapsed Time: 176.500000 / 1000.000000
Elapsed Time: 176.666667 / 1000.000000
Elapsed Time: 176.833333 / 1000.000000
Elapsed Time: 177.000000 / 1000.000000
Elapsed Time: 177.166667 / 1000.000000
Elapsed Time: 177.333333 / 1000.000000
Elapsed Time: 177.500000 / 1000.000000
Elapsed Time: 177.666667 / 1000.000000
Elapsed Time: 177.833333 / 1000.000000
Elapsed Time: 178.000000 / 1000.000000
Elapsed Time: 178.166667 / 1000.000000
Elapsed Time: 178.333333 / 1000.000000
Elapsed Time: 178.500000 / 1000.000000
Elapsed Time: 178.666667 / 1000.000000
Elapsed Time: 178.833333 / 1000.000000
Elapsed Time: 179.000000 / 1000.000000
Elapsed Time: 179.166667 / 1000.000000
Elapsed Time: 179.333333 / 1000.000000
Elapsed Time: 179.500000 / 1000.000000
Elapsed Time: 179.666667 / 1000.000000
Elapsed Time: 179.833333 / 1000.000000
Elapsed Time: 180.000000 / 1000.000000
Elapsed Time: 180.166667 / 1000.000000
Elapsed Time: 180.333333 / 1000.000000
Elapsed Time: 180.500000 / 1000.000000
Elapsed Time: 180.666667 / 1000.000000
Elapsed Time: 180.833333 / 1000.000000
Elapsed Time: 181.000000 / 1000.000000
Elapsed Time: 181.166667 / 1000.000000
Elapsed Time: 181.333333 / 1000.000000
Elapsed Time: 181.500000 / 1000.000000
Elapsed Time: 181.666667 / 1000.000000
Elapsed Time: 181.833333 / 1000.000000
Elapsed Time: 182.000000 / 1000.000000
Elapsed Time: 182.166667 / 1000.000000
Elapsed Time: 182.333333 / 1000.000000
Elapsed Time: 182.500000 / 1000.000000
Elapsed Time: 182.666667 / 1000.000000
Elapsed Time: 182.833333 / 1000.000000
Elapsed Time: 183.000000 / 1000.000000
Elapsed Time: 183.166667 / 1000.000000
Elapsed Time: 183.333333 / 1000.000000
Elapsed Time: 183.500000 / 1000.000000
Elapsed Time: 183.666667 / 1000.000000
Elapsed Time: 183.833333 / 1000.000000
Elapsed Time: 184.000000 / 1000.000000
Elapsed Time: 184.166667 / 1000.000000
Elapsed Time: 184.333333 / 1000.000000
Elapsed Time: 184.500000 / 1000.000000
Elapsed Time: 184.666667 / 1000.000000
Elapsed Time: 184.833333 / 1000.000000
Elapsed Time: 185.000000 / 1000.000000
Elapsed Time: 185.166667 / 1000.000000
Elapsed Time: 185.333333 / 1000.000000
Elapsed Time: 185.500000 / 1000.000000
Elapsed Time: 185.666667 / 1000.000000
Elapsed Time: 185.833333 / 1000.000000
Elapsed Time: 186.000000 / 1000.000000
Elapsed Time: 186.166667 / 1000.000000
Elapsed Time: 186.333333 / 1000.000000
Elapsed Time: 186.500000 / 1000.000000
Elapsed Time: 186.666667 / 1000.000000
Elapsed Time: 186.833333 / 1000.000000
Elapsed Time: 187.000000 / 1000.000000
Elapsed Time: 187.166667 / 1000.000000
Elapsed Time: 187.333333 / 1000.000000
Elapsed Time: 187.500000 / 1000.000000
Elapsed Time: 187.666667 / 1000.000000
Elapsed Time: 187.833333 / 1000.000000
Elapsed Time: 188.000000 / 1000.000000
Elapsed Time: 188.166667 / 1000.000000
Elapsed Time: 188.333333 / 1000.000000
Elapsed Time: 188.500000 / 1000.000000
Elapsed Time: 188.666667 / 1000.000000
Elapsed Time: 188.833333 / 1000.000000
Elapsed Time: 189.000000 / 1000.000000
Elapsed Time: 189.166667 / 1000.000000
Elapsed Time: 189.333333 / 1000.000000
Elapsed Time: 189.500000 / 1000.000000
Elapsed Time: 189.666667 / 1000.000000
Elapsed Time: 189.833333 / 1000.000000
Elapsed Time: 190.000000 / 1000.000000
Elapsed Time: 190.166667 / 1000.000000
Elapsed Time: 190.333333 / 1000.000000
Elapsed Time: 190.500000 / 1000.000000
Elapsed Time: 190.666667 / 1000.000000
Elapsed Time: 190.833333 / 1000.000000
Elapsed Time: 191.000000 / 1000.000000
Elapsed Time: 191.166667 / 1000.000000
Elapsed Time: 191.333333 / 1000.000000
Elapsed Time: 191.500000 / 1000.000000
Elapsed Time: 191.666667 / 1000.000000
Elapsed Time: 191.833333 / 1000.000000
Elapsed Time: 192.000000 / 1000.000000
Elapsed Time: 192.166667 / 1000.000000
Elapsed Time: 192.333333 / 1000.000000
Elapsed Time: 192.500000 / 1000.000000
Elapsed Time: 192.666667 / 1000.000000
Elapsed Time: 192.833333 / 1000.000000
Elapsed Time: 193.000000 / 1000.000000
Elapsed Time: 193.166667 / 1000.000000
Elapsed Time: 193.333333 / 1000.000000
Elapsed Time: 193.500000 / 1000.000000
Elapsed Time: 193.666667 / 1000.000000
Elapsed Time: 193.833333 / 1000.000000
Elapsed Time: 194.000000 / 1000.000000
Elapsed Time: 194.166667 / 1000.000000
Elapsed Time: 194.333333 / 1000.000000
Elapsed Time: 194.500000 / 1000.000000
Elapsed Time: 194.666667 / 1000.000000
Elapsed Time: 194.833333 / 1000.000000
Elapsed Time: 195.000000 / 1000.000000
Elapsed Time: 195.166667 / 1000.000000
Elapsed Time: 195.333333 / 1000.000000
Elapsed Time: 195.500000 / 1000.000000
Elapsed Time: 195.666667 / 1000.000000
Elapsed Time: 195.833333 / 1000.000000
Elapsed Time: 196.000000 / 1000.000000
Elapsed Time: 196.166667 / 1000.000000
Elapsed Time: 196.333333 / 1000.000000
Elapsed Time: 196.500000 / 1000.000000
Elapsed Time: 196.666667 / 1000.000000
Elapsed Time: 196.833333 / 1000.000000
Elapsed Time: 197.000000 / 1000.000000
Elapsed Time: 197.166667 / 1000.000000
Elapsed Time: 197.333333 / 1000.000000
Elapsed Time: 197.500000 / 1000.000000
Elapsed Time: 197.666667 / 1000.000000
Elapsed Time: 197.833333 / 1000.000000
Elapsed Time: 198.000000 / 1000.000000
Elapsed Time: 198.166667 / 1000.000000
Elapsed Time: 198.333333 / 1000.000000
Elapsed Time: 198.500000 / 1000.000000
Elapsed Time: 198.666667 / 1000.000000
Elapsed Time: 198.833333 / 1000.000000
Elapsed Time: 199.000000 / 1000.000000
Elapsed Time: 199.166667 / 1000.000000
Elapsed Time: 199.333333 / 1000.000000
Elapsed Time: 199.500000 / 1000.000000
Elapsed Time: 199.666667 / 1000.000000
Elapsed Time: 199.833333 / 1000.000000
Elapsed Time: 200.000000 / 1000.000000
Elapsed Time: 200.166667 / 1000.000000
Elapsed Time: 200.333333 / 1000.000000
Elapsed Time: 200.500000 / 1000.000000
Elapsed Time: 200.666667 / 1000.000000
Elapsed Time: 200.833333 / 1000.000000
Elapsed Time: 201.000000 / 1000.000000
Elapsed Time: 201.166667 / 1000.000000
Elapsed Time: 201.333333 / 1000.000000
Elapsed Time: 201.500000 / 1000.000000
Elapsed Time: 201.666667 / 1000.000000
Elapsed Time: 201.833333 / 1000.000000
Elapsed Time: 202.000000 / 1000.000000
Elapsed Time: 202.166667 / 1000.000000
Elapsed Time: 202.333333 / 1000.000000
Elapsed Time: 202.500000 / 1000.000000
Elapsed Time: 202.666667 / 1000.000000
Elapsed Time: 202.833333 / 1000.000000
Elapsed Time: 203.000000 / 1000.000000
Elapsed Time: 203.166667 / 1000.000000
Elapsed Time: 203.333333 / 1000.000000
Elapsed Time: 203.500000 / 1000.000000
Elapsed Time: 203.666667 / 1000.000000
Elapsed Time: 203.833333 / 1000.000000
Elapsed Time: 204.000000 / 1000.000000
Elapsed Time: 204.166667 / 1000.000000
Elapsed Time: 204.333333 / 1000.000000
Elapsed Time: 204.500000 / 1000.000000
Elapsed Time: 204.666667 / 1000.000000
Elapsed Time: 204.833333 / 1000.000000
Elapsed Time: 205.000000 / 1000.000000
Elapsed Time: 205.166667 / 1000.000000
Elapsed Time: 205.333333 / 1000.000000
Elapsed Time: 205.500000 / 1000.000000
Elapsed Time: 205.666667 / 1000.000000
Elapsed Time: 205.833333 / 1000.000000
Elapsed Time: 206.000000 / 1000.000000
Elapsed Time: 206.166667 / 1000.000000
Elapsed Time: 206.333333 / 1000.000000
Elapsed Time: 206.500000 / 1000.000000
Elapsed Time: 206.666667 / 1000.000000
Elapsed Time: 206.833333 / 1000.000000
Elapsed Time: 207.000000 / 1000.000000
Elapsed Time: 207.166667 / 1000.000000
Elapsed Time: 207.333333 / 1000.000000
Elapsed Time: 207.500000 / 1000.000000
Elapsed Time: 207.666667 / 1000.000000
Elapsed Time: 207.833333 / 1000.000000
Elapsed Time: 208.000000 / 1000.000000
Elapsed Time: 208.166667 / 1000.000000
Elapsed Time: 208.333333 / 1000.000000
Elapsed Time: 208.500000 / 1000.000000
Elapsed Time: 208.666667 / 1000.000000
Elapsed Time: 208.833333 / 1000.000000
Elapsed Time: 209.000000 / 1000.000000
Elapsed Time: 209.166667 / 1000.000000
Elapsed Time: 209.333333 / 1000.000000
Elapsed Time: 209.500000 / 1000.000000
Elapsed Time: 209.666667 / 1000.000000
Elapsed Time: 209.833333 / 1000.000000
Elapsed Time: 210.000000 / 1000.000000
Elapsed Time: 210.166667 / 1000.000000
Elapsed Time: 210.333333 / 1000.000000
Elapsed Time: 210.500000 / 1000.000000
Elapsed Time: 210.666667 / 1000.000000
Elapsed Time: 210.833333 / 1000.000000
Elapsed Time: 211.000000 / 1000.000000
Elapsed Time: 211.166667 / 1000.000000
Elapsed Time: 211.333333 / 1000.000000
Elapsed Time: 211.500000 / 1000.000000
Elapsed Time: 211.666667 / 1000.000000
Elapsed Time: 211.833333 / 1000.000000
Elapsed Time: 212.000000 / 1000.000000
Elapsed Time: 212.166667 / 1000.000000
Elapsed Time: 212.333333 / 1000.000000
Elapsed Time: 212.500000 / 1000.000000
Elapsed Time: 212.666667 / 1000.000000
Elapsed Time: 212.833333 / 1000.000000
Elapsed Time: 213.000000 / 1000.000000
Elapsed Time: 213.166667 / 1000.000000
Elapsed Time: 213.333333 / 1000.000000
Elapsed Time: 213.500000 / 1000.000000
Elapsed Time: 213.666667 / 1000.000000
Elapsed Time: 213.833333 / 1000.000000
Elapsed Time: 214.000000 / 1000.000000
Elapsed Time: 214.166667 / 1000.000000
Elapsed Time: 214.333333 / 1000.000000
Elapsed Time: 214.500000 / 1000.000000
Elapsed Time: 214.666667 / 1000.000000
Elapsed Time: 214.833333 / 1000.000000
Elapsed Time: 215.000000 / 1000.000000
Elapsed Time: 215.166667 / 1000.000000
Elapsed Time: 215.333333 / 1000.000000
Elapsed Time: 215.500000 / 1000.000000
Elapsed Time: 215.666667 / 1000.000000
Elapsed Time: 215.833333 / 1000.000000
Elapsed Time: 216.000000 / 1000.000000
Elapsed Time: 216.166667 / 1000.000000
Elapsed Time: 216.333333 / 1000.000000
Elapsed Time: 216.500000 / 1000.000000
Elapsed Time: 216.666667 / 1000.000000
Elapsed Time: 216.833333 / 1000.000000
Elapsed Time: 217.000000 / 1000.000000
Elapsed Time: 217.166667 / 1000.000000
Elapsed Time: 217.333333 / 1000.000000
Elapsed Time: 217.500000 / 1000.000000
Elapsed Time: 217.666667 / 1000.000000
Elapsed Time: 217.833333 / 1000.000000
Elapsed Time: 218.000000 / 1000.000000
Elapsed Time: 218.166667 / 1000.000000
Elapsed Time: 218.333333 / 1000.000000
Elapsed Time: 218.500000 / 1000.000000
Elapsed Time: 218.666667 / 1000.000000
Elapsed Time: 218.833333 / 1000.000000
Elapsed Time: 219.000000 / 1000.000000
Elapsed Time: 219.166667 / 1000.000000
Elapsed Time: 219.333333 / 1000.000000
Elapsed Time: 219.500000 / 1000.000000
Elapsed Time: 219.666667 / 1000.000000
Elapsed Time: 219.833333 / 1000.000000
Elapsed Time: 220.000000 / 1000.000000
Elapsed Time: 220.166667 / 1000.000000
Elapsed Time: 220.333333 / 1000.000000
Elapsed Time: 220.500000 / 1000.000000
Elapsed Time: 220.666667 / 1000.000000
Elapsed Time: 220.833333 / 1000.000000
Elapsed Time: 221.000000 / 1000.000000
Elapsed Time: 221.166667 / 1000.000000
Elapsed Time: 221.333333 / 1000.000000
Elapsed Time: 221.500000 / 1000.000000
Elapsed Time: 221.666667 / 1000.000000
Elapsed Time: 221.833333 / 1000.000000
Elapsed Time: 222.000000 / 1000.000000
Elapsed Time: 222.166667 / 1000.000000
Elapsed Time: 222.333333 / 1000.000000
Elapsed Time: 222.500000 / 1000.000000
Elapsed Time: 222.666667 / 1000.000000
Elapsed Time: 222.833333 / 1000.000000
Elapsed Time: 223.000000 / 1000.000000
Elapsed Time: 223.166667 / 1000.000000
Elapsed Time: 223.333333 / 1000.000000
Elapsed Time: 223.500000 / 1000.000000
Elapsed Time: 223.666667 / 1000.000000
Elapsed Time: 223.833333 / 1000.000000
Elapsed Time: 224.000000 / 1000.000000
Elapsed Time: 224.166667 / 1000.000000
Elapsed Time: 224.333333 / 1000.000000
Elapsed Time: 224.500000 / 1000.000000
Elapsed Time: 224.666667 / 1000.000000
Elapsed Time: 224.833333 / 1000.000000
Elapsed Time: 225.000000 / 1000.000000
Elapsed Time: 225.166667 / 1000.000000
Elapsed Time: 225.333333 / 1000.000000
Elapsed Time: 225.500000 / 1000.000000
Elapsed Time: 225.666667 / 1000.000000
Elapsed Time: 225.833333 / 1000.000000
Elapsed Time: 226.000000 / 1000.000000
Elapsed Time: 226.166667 / 1000.000000
Elapsed Time: 226.333333 / 1000.000000
Elapsed Time: 226.500000 / 1000.000000
Elapsed Time: 226.666667 / 1000.000000
Elapsed Time: 226.833333 / 1000.000000
Elapsed Time: 227.000000 / 1000.000000
Elapsed Time: 227.166667 / 1000.000000
Elapsed Time: 227.333333 / 1000.000000
Elapsed Time: 227.500000 / 1000.000000
Elapsed Time: 227.666667 / 1000.000000
Elapsed Time: 227.833333 / 1000.000000
Elapsed Time: 228.000000 / 1000.000000
Elapsed Time: 228.166667 / 1000.000000
Elapsed Time: 228.333333 / 1000.000000
Elapsed Time: 228.500000 / 1000.000000
Elapsed Time: 228.666667 / 1000.000000
Elapsed Time: 228.833333 / 1000.000000
Elapsed Time: 229.000000 / 1000.000000
Elapsed Time: 229.166667 / 1000.000000
Elapsed Time: 229.333333 / 1000.000000
Elapsed Time: 229.500000 / 1000.000000
Elapsed Time: 229.666667 / 1000.000000
Elapsed Time: 229.833333 / 1000.000000
Elapsed Time: 230.000000 / 1000.000000
Elapsed Time: 230.166667 / 1000.000000
Elapsed Time: 230.333333 / 1000.000000
Elapsed Time: 230.500000 / 1000.000000
Elapsed Time: 230.666667 / 1000.000000
Elapsed Time: 230.833333 / 1000.000000
Elapsed Time: 231.000000 / 1000.000000
Elapsed Time: 231.166667 / 1000.000000
Elapsed Time: 231.333333 / 1000.000000
Elapsed Time: 231.500000 / 1000.000000
Elapsed Time: 231.666667 / 1000.000000
Elapsed Time: 231.833333 / 1000.000000
Elapsed Time: 232.000000 / 1000.000000
Elapsed Time: 232.166667 / 1000.000000
Elapsed Time: 232.333333 / 1000.000000
Elapsed Time: 232.500000 / 1000.000000
Elapsed Time: 232.666667 / 1000.000000
Elapsed Time: 232.833333 / 1000.000000
Elapsed Time: 233.000000 / 1000.000000
Elapsed Time: 233.166667 / 1000.000000
Elapsed Time: 233.333333 / 1000.000000
Elapsed Time: 233.500000 / 1000.000000
Elapsed Time: 233.666667 / 1000.000000
Elapsed Time: 233.833333 / 1000.000000
Elapsed Time: 234.000000 / 1000.000000
Elapsed Time: 234.166667 / 1000.000000
Elapsed Time: 234.333333 / 1000.000000
Elapsed Time: 234.500000 / 1000.000000
Elapsed Time: 234.666667 / 1000.000000
Elapsed Time: 234.833333 / 1000.000000
Elapsed Time: 235.000000 / 1000.000000
Elapsed Time: 235.166667 / 1000.000000
Elapsed Time: 235.333333 / 1000.000000
Elapsed Time: 235.500000 / 1000.000000
Elapsed Time: 235.666667 / 1000.000000
Elapsed Time: 235.833333 / 1000.000000
Elapsed Time: 236.000000 / 1000.000000
Elapsed Time: 236.166667 / 1000.000000
Elapsed Time: 236.333333 / 1000.000000
Elapsed Time: 236.500000 / 1000.000000
Elapsed Time: 236.666667 / 1000.000000
Elapsed Time: 236.833333 / 1000.000000
Elapsed Time: 237.000000 / 1000.000000
Elapsed Time: 237.166667 / 1000.000000
Elapsed Time: 237.333333 / 1000.000000
Elapsed Time: 237.500000 / 1000.000000
Elapsed Time: 237.666667 / 1000.000000
Elapsed Time: 237.833333 / 1000.000000
Elapsed Time: 238.000000 / 1000.000000
Elapsed Time: 238.166667 / 1000.000000
Elapsed Time: 238.333333 / 1000.000000
Elapsed Time: 238.500000 / 1000.000000
Elapsed Time: 238.666667 / 1000.000000
Elapsed Time: 238.833333 / 1000.000000
Elapsed Time: 239.000000 / 1000.000000
Elapsed Time: 239.166667 / 1000.000000
Elapsed Time: 239.333333 / 1000.000000
Elapsed Time: 239.500000 / 1000.000000
Elapsed Time: 239.666667 / 1000.000000
Elapsed Time: 239.833333 / 1000.000000
Elapsed Time: 240.000000 / 1000.000000
Elapsed Time: 240.166667 / 1000.000000
Elapsed Time: 240.333333 / 1000.000000
Elapsed Time: 240.500000 / 1000.000000
Elapsed Time: 240.666667 / 1000.000000
Elapsed Time: 240.833333 / 1000.000000
Elapsed Time: 241.000000 / 1000.000000
Elapsed Time: 241.166667 / 1000.000000
Elapsed Time: 241.333333 / 1000.000000
Elapsed Time: 241.500000 / 1000.000000
Elapsed Time: 241.666667 / 1000.000000
Elapsed Time: 241.833333 / 1000.000000
Elapsed Time: 242.000000 / 1000.000000
Elapsed Time: 242.166667 / 1000.000000
Elapsed Time: 242.333333 / 1000.000000
Elapsed Time: 242.500000 / 1000.000000
Elapsed Time: 242.666667 / 1000.000000
Elapsed Time: 242.833333 / 1000.000000
Elapsed Time: 243.000000 / 1000.000000
Elapsed Time: 243.166667 / 1000.000000
Elapsed Time: 243.333333 / 1000.000000
Elapsed Time: 243.500000 / 1000.000000
Elapsed Time: 243.666667 / 1000.000000
Elapsed Time: 243.833333 / 1000.000000
Elapsed Time: 244.000000 / 1000.000000
Elapsed Time: 244.166667 / 1000.000000
Elapsed Time: 244.333333 / 1000.000000
Elapsed Time: 244.500000 / 1000.000000
Elapsed Time: 244.666667 / 1000.000000
Elapsed Time: 244.833333 / 1000.000000
Elapsed Time: 245.000000 / 1000.000000
Elapsed Time: 245.166667 / 1000.000000
Elapsed Time: 245.333333 / 1000.000000
Elapsed Time: 245.500000 / 1000.000000
Elapsed Time: 245.666667 / 1000.000000
Elapsed Time: 245.833333 / 1000.000000
Elapsed Time: 246.000000 / 1000.000000
Elapsed Time: 246.166667 / 1000.000000
Elapsed Time: 246.333333 / 1000.000000
Elapsed Time: 246.500000 / 1000.000000
Elapsed Time: 246.666667 / 1000.000000
Elapsed Time: 246.833333 / 1000.000000
Elapsed Time: 247.000000 / 1000.000000
Elapsed Time: 247.166667 / 1000.000000
Elapsed Time: 247.333333 / 1000.000000
Elapsed Time: 247.500000 / 1000.000000
Elapsed Time: 247.666667 / 1000.000000
Elapsed Time: 247.833333 / 1000.000000
Elapsed Time: 248.000000 / 1000.000000
Elapsed Time: 248.166667 / 1000.000000
Elapsed Time: 248.333333 / 1000.000000
Elapsed Time: 248.500000 / 1000.000000
Elapsed Time: 248.666667 / 1000.000000
Elapsed Time: 248.833333 / 1000.000000
Elapsed Time: 249.000000 / 1000.000000
Elapsed Time: 249.166667 / 1000.000000
Elapsed Time: 249.333333 / 1000.000000
Elapsed Time: 249.500000 / 1000.000000
Elapsed Time: 249.666667 / 1000.000000
Elapsed Time: 249.833333 / 1000.000000
Elapsed Time: 250.000000 / 1000.000000
Elapsed Time: 250.166667 / 1000.000000
Elapsed Time: 250.333333 / 1000.000000
Elapsed Time: 250.500000 / 1000.000000
Elapsed Time: 250.666667 / 1000.000000
Elapsed Time: 250.833333 / 1000.000000
Elapsed Time: 251.000000 / 1000.000000
Elapsed Time: 251.166667 / 1000.000000
Elapsed Time: 251.333333 / 1000.000000
Elapsed Time: 251.500000 / 1000.000000
Elapsed Time: 251.666667 / 1000.000000
Elapsed Time: 251.833333 / 1000.000000
Elapsed Time: 252.000000 / 1000.000000
Elapsed Time: 252.166667 / 1000.000000
Elapsed Time: 252.333333 / 1000.000000
Elapsed Time: 252.500000 / 1000.000000
Elapsed Time: 252.666667 / 1000.000000
Elapsed Time: 252.833333 / 1000.000000
Elapsed Time: 253.000000 / 1000.000000
Elapsed Time: 253.166667 / 1000.000000
Elapsed Time: 253.333333 / 1000.000000
Elapsed Time: 253.500000 / 1000.000000
Elapsed Time: 253.666667 / 1000.000000
Elapsed Time: 253.833333 / 1000.000000
Elapsed Time: 254.000000 / 1000.000000
Elapsed Time: 254.166667 / 1000.000000
Elapsed Time: 254.333333 / 1000.000000
Elapsed Time: 254.500000 / 1000.000000
Elapsed Time: 254.666667 / 1000.000000
Elapsed Time: 254.833333 / 1000.000000
Elapsed Time: 255.000000 / 1000.000000
Elapsed Time: 255.166667 / 1000.000000
Elapsed Time: 255.333333 / 1000.000000
Elapsed Time: 255.500000 / 1000.000000
Elapsed Time: 255.666667 / 1000.000000
Elapsed Time: 255.833333 / 1000.000000
Elapsed Time: 256.000000 / 1000.000000
Elapsed Time: 256.166667 / 1000.000000
Elapsed Time: 256.333333 / 1000.000000
Elapsed Time: 256.500000 / 1000.000000
Elapsed Time: 256.666667 / 1000.000000
Elapsed Time: 256.833333 / 1000.000000
Elapsed Time: 257.000000 / 1000.000000
Elapsed Time: 257.166667 / 1000.000000
Elapsed Time: 257.333333 / 1000.000000
Elapsed Time: 257.500000 / 1000.000000
Elapsed Time: 257.666667 / 1000.000000
Elapsed Time: 257.833333 / 1000.000000
Elapsed Time: 258.000000 / 1000.000000
Elapsed Time: 258.166667 / 1000.000000
Elapsed Time: 258.333333 / 1000.000000
Elapsed Time: 258.500000 / 1000.000000
Elapsed Time: 258.666667 / 1000.000000
Elapsed Time: 258.833333 / 1000.000000
Elapsed Time: 259.000000 / 1000.000000
Elapsed Time: 259.166667 / 1000.000000
Elapsed Time: 259.333333 / 1000.000000
Elapsed Time: 259.500000 / 1000.000000
Elapsed Time: 259.666667 / 1000.000000
Elapsed Time: 259.833333 / 1000.000000
Elapsed Time: 260.000000 / 1000.000000
Elapsed Time: 260.166667 / 1000.000000
Elapsed Time: 260.333333 / 1000.000000
Elapsed Time: 260.500000 / 1000.000000
Elapsed Time: 260.666667 / 1000.000000
Elapsed Time: 260.833333 / 1000.000000
Elapsed Time: 261.000000 / 1000.000000
Elapsed Time: 261.166667 / 1000.000000
Elapsed Time: 261.333333 / 1000.000000
Elapsed Time: 261.500000 / 1000.000000
Elapsed Time: 261.666667 / 1000.000000
Elapsed Time: 261.833333 / 1000.000000
Elapsed Time: 262.000000 / 1000.000000
Elapsed Time: 262.166667 / 1000.000000
Elapsed Time: 262.333333 / 1000.000000
Elapsed Time: 262.500000 / 1000.000000
Elapsed Time: 262.666667 / 1000.000000
Elapsed Time: 262.833333 / 1000.000000
Elapsed Time: 263.000000 / 1000.000000
Elapsed Time: 263.166667 / 1000.000000
Elapsed Time: 263.333333 / 1000.000000
Elapsed Time: 263.500000 / 1000.000000
Elapsed Time: 263.666667 / 1000.000000
Elapsed Time: 263.833333 / 1000.000000
Elapsed Time: 264.000000 / 1000.000000
Elapsed Time: 264.166667 / 1000.000000
Elapsed Time: 264.333333 / 1000.000000
Elapsed Time: 264.500000 / 1000.000000
Elapsed Time: 264.666667 / 1000.000000
Elapsed Time: 264.833333 / 1000.000000
Elapsed Time: 265.000000 / 1000.000000
Elapsed Time: 265.166667 / 1000.000000
Elapsed Time: 265.333333 / 1000.000000
Elapsed Time: 265.500000 / 1000.000000
Elapsed Time: 265.666667 / 1000.000000
Elapsed Time: 265.833333 / 1000.000000
Elapsed Time: 266.000000 / 1000.000000
Elapsed Time: 266.166667 / 1000.000000
Elapsed Time: 266.333333 / 1000.000000
Elapsed Time: 266.500000 / 1000.000000
Elapsed Time: 266.666667 / 1000.000000
Elapsed Time: 266.833333 / 1000.000000
Elapsed Time: 267.000000 / 1000.000000
Elapsed Time: 267.166667 / 1000.000000
Elapsed Time: 267.333333 / 1000.000000
Elapsed Time: 267.500000 / 1000.000000
Elapsed Time: 267.666667 / 1000.000000
Elapsed Time: 267.833333 / 1000.000000
Elapsed Time: 268.000000 / 1000.000000
Elapsed Time: 268.166667 / 1000.000000
Elapsed Time: 268.333333 / 1000.000000
Elapsed Time: 268.500000 / 1000.000000
Elapsed Time: 268.666667 / 1000.000000
Elapsed Time: 268.833333 / 1000.000000
Elapsed Time: 269.000000 / 1000.000000
Elapsed Time: 269.166667 / 1000.000000
Elapsed Time: 269.333333 / 1000.000000
Elapsed Time: 269.500000 / 1000.000000
Elapsed Time: 269.666667 / 1000.000000
Elapsed Time: 269.833333 / 1000.000000
Elapsed Time: 270.000000 / 1000.000000
Elapsed Time: 270.166667 / 1000.000000
Elapsed Time: 270.333333 / 1000.000000
Elapsed Time: 270.500000 / 1000.000000
Elapsed Time: 270.666667 / 1000.000000
Elapsed Time: 270.833333 / 1000.000000
Elapsed Time: 271.000000 / 1000.000000
Elapsed Time: 271.166667 / 1000.000000
Elapsed Time: 271.333333 / 1000.000000
Elapsed Time: 271.500000 / 1000.000000
Elapsed Time: 271.666667 / 1000.000000
Elapsed Time: 271.833333 / 1000.000000
Elapsed Time: 272.000000 / 1000.000000
Elapsed Time: 272.166667 / 1000.000000
Elapsed Time: 272.333333 / 1000.000000
Elapsed Time: 272.500000 / 1000.000000
Elapsed Time: 272.666667 / 1000.000000
Elapsed Time: 272.833333 / 1000.000000
Elapsed Time: 273.000000 / 1000.000000
Elapsed Time: 273.166667 / 1000.000000
Elapsed Time: 273.333333 / 1000.000000
Elapsed Time: 273.500000 / 1000.000000
Elapsed Time: 273.666667 / 1000.000000
Elapsed Time: 273.833333 / 1000.000000
Elapsed Time: 274.000000 / 1000.000000
Elapsed Time: 274.166667 / 1000.000000
Elapsed Time: 274.333333 / 1000.000000
Elapsed Time: 274.500000 / 1000.000000
Elapsed Time: 274.666667 / 1000.000000
Elapsed Time: 274.833333 / 1000.000000
Elapsed Time: 275.000000 / 1000.000000
Elapsed Time: 275.166667 / 1000.000000
Elapsed Time: 275.333333 / 1000.000000
Elapsed Time: 275.500000 / 1000.000000
Elapsed Time: 275.666667 / 1000.000000
Elapsed Time: 275.833333 / 1000.000000
Elapsed Time: 276.000000 / 1000.000000
Elapsed Time: 276.166667 / 1000.000000
Elapsed Time: 276.333333 / 1000.000000
Elapsed Time: 276.500000 / 1000.000000
Elapsed Time: 276.666667 / 1000.000000
Elapsed Time: 276.833333 / 1000.000000
Elapsed Time: 277.000000 / 1000.000000
Elapsed Time: 277.166667 / 1000.000000
Elapsed Time: 277.333333 / 1000.000000
Elapsed Time: 277.500000 / 1000.000000
Elapsed Time: 277.666667 / 1000.000000
Elapsed Time: 277.833333 / 1000.000000
Elapsed Time: 278.000000 / 1000.000000
Elapsed Time: 278.166667 / 1000.000000
Elapsed Time: 278.333333 / 1000.000000
Elapsed Time: 278.500000 / 1000.000000
Elapsed Time: 278.666667 / 1000.000000
Elapsed Time: 278.833333 / 1000.000000
Elapsed Time: 279.000000 / 1000.000000
Elapsed Time: 279.166667 / 1000.000000
Elapsed Time: 279.333333 / 1000.000000
Elapsed Time: 279.500000 / 1000.000000
Elapsed Time: 279.666667 / 1000.000000
Elapsed Time: 279.833333 / 1000.000000
Elapsed Time: 280.000000 / 1000.000000
Elapsed Time: 280.166667 / 1000.000000
Elapsed Time: 280.333333 / 1000.000000
Elapsed Time: 280.500000 / 1000.000000
Elapsed Time: 280.666667 / 1000.000000
Elapsed Time: 280.833333 / 1000.000000
Elapsed Time: 281.000000 / 1000.000000
Elapsed Time: 281.166667 / 1000.000000
Elapsed Time: 281.333333 / 1000.000000
Elapsed Time: 281.500000 / 1000.000000
Elapsed Time: 281.666667 / 1000.000000
Elapsed Time: 281.833333 / 1000.000000
Elapsed Time: 282.000000 / 1000.000000
Elapsed Time: 282.166667 / 1000.000000
Elapsed Time: 282.333333 / 1000.000000
Elapsed Time: 282.500000 / 1000.000000
Elapsed Time: 282.666667 / 1000.000000
Elapsed Time: 282.833333 / 1000.000000
Elapsed Time: 283.000000 / 1000.000000
Elapsed Time: 283.166667 / 1000.000000
Elapsed Time: 283.333333 / 1000.000000
Elapsed Time: 283.500000 / 1000.000000
Elapsed Time: 283.666667 / 1000.000000
Elapsed Time: 283.833333 / 1000.000000
Elapsed Time: 284.000000 / 1000.000000
Elapsed Time: 284.166667 / 1000.000000
Elapsed Time: 284.333333 / 1000.000000
Elapsed Time: 284.500000 / 1000.000000
Elapsed Time: 284.666667 / 1000.000000
Elapsed Time: 284.833333 / 1000.000000
Elapsed Time: 285.000000 / 1000.000000
Elapsed Time: 285.166667 / 1000.000000
Elapsed Time: 285.333333 / 1000.000000
Elapsed Time: 285.500000 / 1000.000000
Elapsed Time: 285.666667 / 1000.000000
Elapsed Time: 285.833333 / 1000.000000
Elapsed Time: 286.000000 / 1000.000000
Elapsed Time: 286.166667 / 1000.000000
Elapsed Time: 286.333333 / 1000.000000
Elapsed Time: 286.500000 / 1000.000000
Elapsed Time: 286.666667 / 1000.000000
Elapsed Time: 286.833333 / 1000.000000
Elapsed Time: 287.000000 / 1000.000000
Elapsed Time: 287.166667 / 1000.000000
Elapsed Time: 287.333333 / 1000.000000
Elapsed Time: 287.500000 / 1000.000000
Elapsed Time: 287.666667 / 1000.000000
Elapsed Time: 287.833333 / 1000.000000
Elapsed Time: 288.000000 / 1000.000000
Elapsed Time: 288.166667 / 1000.000000
Elapsed Time: 288.333333 / 1000.000000
Elapsed Time: 288.500000 / 1000.000000
Elapsed Time: 288.666667 / 1000.000000
Elapsed Time: 288.833333 / 1000.000000
Elapsed Time: 289.000000 / 1000.000000
Elapsed Time: 289.166667 / 1000.000000
Elapsed Time: 289.333333 / 1000.000000
Elapsed Time: 289.500000 / 1000.000000
Elapsed Time: 289.666667 / 1000.000000
Elapsed Time: 289.833333 / 1000.000000
Elapsed Time: 290.000000 / 1000.000000
Elapsed Time: 290.166667 / 1000.000000
Elapsed Time: 290.333333 / 1000.000000
Elapsed Time: 290.500000 / 1000.000000
Elapsed Time: 290.666667 / 1000.000000
Elapsed Time: 290.833333 / 1000.000000
Elapsed Time: 291.000000 / 1000.000000
Elapsed Time: 291.166667 / 1000.000000
Elapsed Time: 291.333333 / 1000.000000
Elapsed Time: 291.500000 / 1000.000000
Elapsed Time: 291.666667 / 1000.000000
Elapsed Time: 291.833333 / 1000.000000
Elapsed Time: 292.000000 / 1000.000000
Elapsed Time: 292.166667 / 1000.000000
Elapsed Time: 292.333333 / 1000.000000
Elapsed Time: 292.500000 / 1000.000000
Elapsed Time: 292.666667 / 1000.000000
Elapsed Time: 292.833333 / 1000.000000
Elapsed Time: 293.000000 / 1000.000000
Elapsed Time: 293.166667 / 1000.000000
Elapsed Time: 293.333333 / 1000.000000
Elapsed Time: 293.500000 / 1000.000000
Elapsed Time: 293.666667 / 1000.000000
Elapsed Time: 293.833333 / 1000.000000
Elapsed Time: 294.000000 / 1000.000000
Elapsed Time: 294.166667 / 1000.000000
Elapsed Time: 294.333333 / 1000.000000
Elapsed Time: 294.500000 / 1000.000000
Elapsed Time: 294.666667 / 1000.000000
Elapsed Time: 294.833333 / 1000.000000
Elapsed Time: 295.000000 / 1000.000000
Elapsed Time: 295.166667 / 1000.000000
Elapsed Time: 295.333333 / 1000.000000
Elapsed Time: 295.500000 / 1000.000000
Elapsed Time: 295.666667 / 1000.000000
Elapsed Time: 295.833333 / 1000.000000
Elapsed Time: 296.000000 / 1000.000000
Elapsed Time: 296.166667 / 1000.000000
Elapsed Time: 296.333333 / 1000.000000
Elapsed Time: 296.500000 / 1000.000000
Elapsed Time: 296.666667 / 1000.000000
Elapsed Time: 296.833333 / 1000.000000
Elapsed Time: 297.000000 / 1000.000000
Elapsed Time: 297.166667 / 1000.000000
Elapsed Time: 297.333333 / 1000.000000
Elapsed Time: 297.500000 / 1000.000000
Elapsed Time: 297.666667 / 1000.000000
Elapsed Time: 297.833333 / 1000.000000
Elapsed Time: 298.000000 / 1000.000000
Elapsed Time: 298.166667 / 1000.000000
Elapsed Time: 298.333333 / 1000.000000
Elapsed Time: 298.500000 / 1000.000000
Elapsed Time: 298.666667 / 1000.000000
Elapsed Time: 298.833333 / 1000.000000
Elapsed Time: 299.000000 / 1000.000000
Elapsed Time: 299.166667 / 1000.000000
Elapsed Time: 299.333333 / 1000.000000
Elapsed Time: 299.500000 / 1000.000000
Elapsed Time: 299.666667 / 1000.000000
Elapsed Time: 299.833333 / 1000.000000
Elapsed Time: 300.000000 / 1000.000000
Elapsed Time: 300.166667 / 1000.000000
Elapsed Time: 300.333333 / 1000.000000
Elapsed Time: 300.500000 / 1000.000000
Elapsed Time: 300.666667 / 1000.000000
Elapsed Time: 300.833333 / 1000.000000
Elapsed Time: 301.000000 / 1000.000000
Elapsed Time: 301.166667 / 1000.000000
Elapsed Time: 301.333333 / 1000.000000
Elapsed Time: 301.500000 / 1000.000000
Elapsed Time: 301.666667 / 1000.000000
Elapsed Time: 301.833333 / 1000.000000
Elapsed Time: 302.000000 / 1000.000000
Elapsed Time: 302.166667 / 1000.000000
Elapsed Time: 302.333333 / 1000.000000
Elapsed Time: 302.500000 / 1000.000000
Elapsed Time: 302.666667 / 1000.000000
Elapsed Time: 302.833333 / 1000.000000
Elapsed Time: 303.000000 / 1000.000000
Elapsed Time: 303.166667 / 1000.000000
Elapsed Time: 303.333333 / 1000.000000
Elapsed Time: 303.500000 / 1000.000000
Elapsed Time: 303.666667 / 1000.000000
Elapsed Time: 303.833333 / 1000.000000
Elapsed Time: 304.000000 / 1000.000000
Elapsed Time: 304.166667 / 1000.000000
Elapsed Time: 304.333333 / 1000.000000
Elapsed Time: 304.500000 / 1000.000000
Elapsed Time: 304.666667 / 1000.000000
Elapsed Time: 304.833333 / 1000.000000
Elapsed Time: 305.000000 / 1000.000000
Elapsed Time: 305.166667 / 1000.000000
Elapsed Time: 305.333333 / 1000.000000
Elapsed Time: 305.500000 / 1000.000000
Elapsed Time: 305.666667 / 1000.000000
Elapsed Time: 305.833333 / 1000.000000
Elapsed Time: 306.000000 / 1000.000000
Elapsed Time: 306.166667 / 1000.000000
Elapsed Time: 306.333333 / 1000.000000
Elapsed Time: 306.500000 / 1000.000000
Elapsed Time: 306.666667 / 1000.000000
Elapsed Time: 306.833333 / 1000.000000
Elapsed Time: 307.000000 / 1000.000000
Elapsed Time: 307.166667 / 1000.000000
Elapsed Time: 307.333333 / 1000.000000
Elapsed Time: 307.500000 / 1000.000000
Elapsed Time: 307.666667 / 1000.000000
Elapsed Time: 307.833333 / 1000.000000
Elapsed Time: 308.000000 / 1000.000000
Elapsed Time: 308.166667 / 1000.000000
Elapsed Time: 308.333333 / 1000.000000
Elapsed Time: 308.500000 / 1000.000000
Elapsed Time: 308.666667 / 1000.000000
Elapsed Time: 308.833333 / 1000.000000
Elapsed Time: 309.000000 / 1000.000000
Elapsed Time: 309.166667 / 1000.000000
Elapsed Time: 309.333333 / 1000.000000
Elapsed Time: 309.500000 / 1000.000000
Elapsed Time: 309.666667 / 1000.000000
Elapsed Time: 309.833333 / 1000.000000
Elapsed Time: 310.000000 / 1000.000000
Elapsed Time: 310.166667 / 1000.000000
Elapsed Time: 310.333333 / 1000.000000
Elapsed Time: 310.500000 / 1000.000000
Elapsed Time: 310.666667 / 1000.000000
Elapsed Time: 310.833333 / 1000.000000
Elapsed Time: 311.000000 / 1000.000000
Elapsed Time: 311.166667 / 1000.000000
Elapsed Time: 311.333333 / 1000.000000
Elapsed Time: 311.500000 / 1000.000000
Elapsed Time: 311.666667 / 1000.000000
Elapsed Time: 311.833333 / 1000.000000
Elapsed Time: 312.000000 / 1000.000000
Elapsed Time: 312.166667 / 1000.000000
Elapsed Time: 312.333333 / 1000.000000
Elapsed Time: 312.500000 / 1000.000000
Elapsed Time: 312.666667 / 1000.000000
Elapsed Time: 312.833333 / 1000.000000
Elapsed Time: 313.000000 / 1000.000000
Elapsed Time: 313.166667 / 1000.000000
Elapsed Time: 313.333333 / 1000.000000
Elapsed Time: 313.500000 / 1000.000000
Elapsed Time: 313.666667 / 1000.000000
Elapsed Time: 313.833333 / 1000.000000
Elapsed Time: 314.000000 / 1000.000000
Elapsed Time: 314.166667 / 1000.000000
Elapsed Time: 314.333333 / 1000.000000
Elapsed Time: 314.500000 / 1000.000000
Elapsed Time: 314.666667 / 1000.000000
Elapsed Time: 314.833333 / 1000.000000
Elapsed Time: 315.000000 / 1000.000000
Elapsed Time: 315.166667 / 1000.000000
Elapsed Time: 315.333333 / 1000.000000
Elapsed Time: 315.500000 / 1000.000000
Elapsed Time: 315.666667 / 1000.000000
Elapsed Time: 315.833333 / 1000.000000
Elapsed Time: 316.000000 / 1000.000000
Elapsed Time: 316.166667 / 1000.000000
Elapsed Time: 316.333333 / 1000.000000
Elapsed Time: 316.500000 / 1000.000000
Elapsed Time: 316.666667 / 1000.000000
Elapsed Time: 316.833333 / 1000.000000
Elapsed Time: 317.000000 / 1000.000000
Elapsed Time: 317.166667 / 1000.000000
Elapsed Time: 317.333333 / 1000.000000
Elapsed Time: 317.500000 / 1000.000000
Elapsed Time: 317.666667 / 1000.000000
Elapsed Time: 317.833333 / 1000.000000
Elapsed Time: 318.000000 / 1000.000000
Elapsed Time: 318.166667 / 1000.000000
Elapsed Time: 318.333333 / 1000.000000
Elapsed Time: 318.500000 / 1000.000000
Elapsed Time: 318.666667 / 1000.000000
Elapsed Time: 318.833333 / 1000.000000
Elapsed Time: 319.000000 / 1000.000000
Elapsed Time: 319.166667 / 1000.000000
Elapsed Time: 319.333333 / 1000.000000
Elapsed Time: 319.500000 / 1000.000000
Elapsed Time: 319.666667 / 1000.000000
Elapsed Time: 319.833333 / 1000.000000
Elapsed Time: 320.000000 / 1000.000000
Elapsed Time: 320.166667 / 1000.000000
Elapsed Time: 320.333333 / 1000.000000
Elapsed Time: 320.500000 / 1000.000000
Elapsed Time: 320.666667 / 1000.000000
Elapsed Time: 320.833333 / 1000.000000
Elapsed Time: 321.000000 / 1000.000000
Elapsed Time: 321.166667 / 1000.000000
Elapsed Time: 321.333333 / 1000.000000
Elapsed Time: 321.500000 / 1000.000000
Elapsed Time: 321.666667 / 1000.000000
Elapsed Time: 321.833333 / 1000.000000
Elapsed Time: 322.000000 / 1000.000000
Elapsed Time: 322.166667 / 1000.000000
Elapsed Time: 322.333333 / 1000.000000
Elapsed Time: 322.500000 / 1000.000000
Elapsed Time: 322.666667 / 1000.000000
Elapsed Time: 322.833333 / 1000.000000
Elapsed Time: 323.000000 / 1000.000000
Elapsed Time: 323.166667 / 1000.000000
Elapsed Time: 323.333333 / 1000.000000
Elapsed Time: 323.500000 / 1000.000000
Elapsed Time: 323.666667 / 1000.000000
Elapsed Time: 323.833333 / 1000.000000
Elapsed Time: 324.000000 / 1000.000000
Elapsed Time: 324.166667 / 1000.000000
Elapsed Time: 324.333333 / 1000.000000
Elapsed Time: 324.500000 / 1000.000000
Elapsed Time: 324.666667 / 1000.000000
Elapsed Time: 324.833333 / 1000.000000
Elapsed Time: 325.000000 / 1000.000000
Elapsed Time: 325.166667 / 1000.000000
Elapsed Time: 325.333333 / 1000.000000
Elapsed Time: 325.500000 / 1000.000000
Elapsed Time: 325.666667 / 1000.000000
Elapsed Time: 325.833333 / 1000.000000
Elapsed Time: 326.000000 / 1000.000000
Elapsed Time: 326.166667 / 1000.000000
Elapsed Time: 326.333333 / 1000.000000
Elapsed Time: 326.500000 / 1000.000000
Elapsed Time: 326.666667 / 1000.000000
Elapsed Time: 326.833333 / 1000.000000
Elapsed Time: 327.000000 / 1000.000000
Elapsed Time: 327.166667 / 1000.000000
Elapsed Time: 327.333333 / 1000.000000
Elapsed Time: 327.500000 / 1000.000000
Elapsed Time: 327.666667 / 1000.000000
Elapsed Time: 327.833333 / 1000.000000
Elapsed Time: 328.000000 / 1000.000000
Elapsed Time: 328.166667 / 1000.000000
Elapsed Time: 328.333333 / 1000.000000
Elapsed Time: 328.500000 / 1000.000000
Elapsed Time: 328.666667 / 1000.000000
Elapsed Time: 328.833333 / 1000.000000
Elapsed Time: 329.000000 / 1000.000000
Elapsed Time: 329.166667 / 1000.000000
Elapsed Time: 329.333333 / 1000.000000
Elapsed Time: 329.500000 / 1000.000000
Elapsed Time: 329.666667 / 1000.000000
Elapsed Time: 329.833333 / 1000.000000
Elapsed Time: 330.000000 / 1000.000000
Elapsed Time: 330.166667 / 1000.000000
Elapsed Time: 330.333333 / 1000.000000
Elapsed Time: 330.500000 / 1000.000000
Elapsed Time: 330.666667 / 1000.000000
Elapsed Time: 330.833333 / 1000.000000
Elapsed Time: 331.000000 / 1000.000000
Elapsed Time: 331.166667 / 1000.000000
Elapsed Time: 331.333333 / 1000.000000
Elapsed Time: 331.500000 / 1000.000000
Elapsed Time: 331.666667 / 1000.000000
Elapsed Time: 331.833333 / 1000.000000
Elapsed Time: 332.000000 / 1000.000000
Elapsed Time: 332.166667 / 1000.000000
Elapsed Time: 332.333333 / 1000.000000
Elapsed Time: 332.500000 / 1000.000000
Elapsed Time: 332.666667 / 1000.000000
Elapsed Time: 332.833333 / 1000.000000
Elapsed Time: 333.000000 / 1000.000000
Elapsed Time: 333.166667 / 1000.000000
Elapsed Time: 333.333333 / 1000.000000
Elapsed Time: 333.500000 / 1000.000000
Elapsed Time: 333.666667 / 1000.000000
Elapsed Time: 333.833333 / 1000.000000
Elapsed Time: 334.000000 / 1000.000000
Elapsed Time: 334.166667 / 1000.000000
Elapsed Time: 334.333333 / 1000.000000
Elapsed Time: 334.500000 / 1000.000000
Elapsed Time: 334.666667 / 1000.000000
Elapsed Time: 334.833333 / 1000.000000
Elapsed Time: 335.000000 / 1000.000000
Elapsed Time: 335.166667 / 1000.000000
Elapsed Time: 335.333333 / 1000.000000
Elapsed Time: 335.500000 / 1000.000000
Elapsed Time: 335.666667 / 1000.000000
Elapsed Time: 335.833333 / 1000.000000
Elapsed Time: 336.000000 / 1000.000000
Elapsed Time: 336.166667 / 1000.000000
Elapsed Time: 336.333333 / 1000.000000
Elapsed Time: 336.500000 / 1000.000000
Elapsed Time: 336.666667 / 1000.000000
Elapsed Time: 336.833333 / 1000.000000
Elapsed Time: 337.000000 / 1000.000000
Elapsed Time: 337.166667 / 1000.000000
Elapsed Time: 337.333333 / 1000.000000
Elapsed Time: 337.500000 / 1000.000000
Elapsed Time: 337.666667 / 1000.000000
Elapsed Time: 337.833333 / 1000.000000
Elapsed Time: 338.000000 / 1000.000000
Elapsed Time: 338.166667 / 1000.000000
Elapsed Time: 338.333333 / 1000.000000
Elapsed Time: 338.500000 / 1000.000000
Elapsed Time: 338.666667 / 1000.000000
Elapsed Time: 338.833333 / 1000.000000
Elapsed Time: 339.000000 / 1000.000000
Elapsed Time: 339.166667 / 1000.000000
Elapsed Time: 339.333333 / 1000.000000
Elapsed Time: 339.500000 / 1000.000000
Elapsed Time: 339.666667 / 1000.000000
Elapsed Time: 339.833333 / 1000.000000
Elapsed Time: 340.000000 / 1000.000000
Elapsed Time: 340.166667 / 1000.000000
Elapsed Time: 340.333333 / 1000.000000
Elapsed Time: 340.500000 / 1000.000000
Elapsed Time: 340.666667 / 1000.000000
Elapsed Time: 340.833333 / 1000.000000
Elapsed Time: 341.000000 / 1000.000000
Elapsed Time: 341.166667 / 1000.000000
Elapsed Time: 341.333333 / 1000.000000
Elapsed Time: 341.500000 / 1000.000000
Elapsed Time: 341.666667 / 1000.000000
Elapsed Time: 341.833333 / 1000.000000
Elapsed Time: 342.000000 / 1000.000000
Elapsed Time: 342.166667 / 1000.000000
Elapsed Time: 342.333333 / 1000.000000
Elapsed Time: 342.500000 / 1000.000000
Elapsed Time: 342.666667 / 1000.000000
Elapsed Time: 342.833333 / 1000.000000
Elapsed Time: 343.000000 / 1000.000000
Elapsed Time: 343.166667 / 1000.000000
Elapsed Time: 343.333333 / 1000.000000
Elapsed Time: 343.500000 / 1000.000000
Elapsed Time: 343.666667 / 1000.000000
Elapsed Time: 343.833333 / 1000.000000
Elapsed Time: 344.000000 / 1000.000000
Elapsed Time: 344.166667 / 1000.000000
Elapsed Time: 344.333333 / 1000.000000
Elapsed Time: 344.500000 / 1000.000000
Elapsed Time: 344.666667 / 1000.000000
Elapsed Time: 344.833333 / 1000.000000
Elapsed Time: 345.000000 / 1000.000000
Elapsed Time: 345.166667 / 1000.000000
Elapsed Time: 345.333333 / 1000.000000
Elapsed Time: 345.500000 / 1000.000000
Elapsed Time: 345.666667 / 1000.000000
Elapsed Time: 345.833333 / 1000.000000
Elapsed Time: 346.000000 / 1000.000000
Elapsed Time: 346.166667 / 1000.000000
Elapsed Time: 346.333333 / 1000.000000
Elapsed Time: 346.500000 / 1000.000000
Elapsed Time: 346.666667 / 1000.000000
Elapsed Time: 346.833333 / 1000.000000
Elapsed Time: 347.000000 / 1000.000000
Elapsed Time: 347.166667 / 1000.000000
Elapsed Time: 347.333333 / 1000.000000
Elapsed Time: 347.500000 / 1000.000000
Elapsed Time: 347.666667 / 1000.000000
Elapsed Time: 347.833333 / 1000.000000
Elapsed Time: 348.000000 / 1000.000000
Elapsed Time: 348.166667 / 1000.000000
Elapsed Time: 348.333333 / 1000.000000
Elapsed Time: 348.500000 / 1000.000000
Elapsed Time: 348.666667 / 1000.000000
Elapsed Time: 348.833333 / 1000.000000
Elapsed Time: 349.000000 / 1000.000000
Elapsed Time: 349.166667 / 1000.000000
Elapsed Time: 349.333333 / 1000.000000
Elapsed Time: 349.500000 / 1000.000000
Elapsed Time: 349.666667 / 1000.000000
Elapsed Time: 349.833333 / 1000.000000
Elapsed Time: 350.000000 / 1000.000000
Elapsed Time: 350.166667 / 1000.000000
Elapsed Time: 350.333333 / 1000.000000
Elapsed Time: 350.500000 / 1000.000000
Elapsed Time: 350.666667 / 1000.000000
Elapsed Time: 350.833333 / 1000.000000
Elapsed Time: 351.000000 / 1000.000000
Elapsed Time: 351.166667 / 1000.000000
Elapsed Time: 351.333333 / 1000.000000
Elapsed Time: 351.500000 / 1000.000000
Elapsed Time: 351.666667 / 1000.000000
Elapsed Time: 351.833333 / 1000.000000
Elapsed Time: 352.000000 / 1000.000000
Elapsed Time: 352.166667 / 1000.000000
Elapsed Time: 352.333333 / 1000.000000
Elapsed Time: 352.500000 / 1000.000000
Elapsed Time: 352.666667 / 1000.000000
Elapsed Time: 352.833333 / 1000.000000
Elapsed Time: 353.000000 / 1000.000000
Elapsed Time: 353.166667 / 1000.000000
Elapsed Time: 353.333333 / 1000.000000
Elapsed Time: 353.500000 / 1000.000000
Elapsed Time: 353.666667 / 1000.000000
Elapsed Time: 353.833333 / 1000.000000
Elapsed Time: 354.000000 / 1000.000000
Elapsed Time: 354.166667 / 1000.000000
Elapsed Time: 354.333333 / 1000.000000
Elapsed Time: 354.500000 / 1000.000000
Elapsed Time: 354.666667 / 1000.000000
Elapsed Time: 354.833333 / 1000.000000
Elapsed Time: 355.000000 / 1000.000000
Elapsed Time: 355.166667 / 1000.000000
Elapsed Time: 355.333333 / 1000.000000
Elapsed Time: 355.500000 / 1000.000000
Elapsed Time: 355.666667 / 1000.000000
Elapsed Time: 355.833333 / 1000.000000
Elapsed Time: 356.000000 / 1000.000000
Elapsed Time: 356.166667 / 1000.000000
Elapsed Time: 356.333333 / 1000.000000
Elapsed Time: 356.500000 / 1000.000000
Elapsed Time: 356.666667 / 1000.000000
Elapsed Time: 356.833333 / 1000.000000
Elapsed Time: 357.000000 / 1000.000000
Elapsed Time: 357.166667 / 1000.000000
Elapsed Time: 357.333333 / 1000.000000
Elapsed Time: 357.500000 / 1000.000000
Elapsed Time: 357.666667 / 1000.000000
Elapsed Time: 357.833333 / 1000.000000
Elapsed Time: 358.000000 / 1000.000000
Elapsed Time: 358.166667 / 1000.000000
Elapsed Time: 358.333333 / 1000.000000
Elapsed Time: 358.500000 / 1000.000000
Elapsed Time: 358.666667 / 1000.000000
Elapsed Time: 358.833333 / 1000.000000
Elapsed Time: 359.000000 / 1000.000000
Elapsed Time: 359.166667 / 1000.000000
Elapsed Time: 359.333333 / 1000.000000
Elapsed Time: 359.500000 / 1000.000000
Elapsed Time: 359.666667 / 1000.000000
Elapsed Time: 359.833333 / 1000.000000
Elapsed Time: 360.000000 / 1000.000000
Elapsed Time: 360.166667 / 1000.000000
Elapsed Time: 360.333333 / 1000.000000
Elapsed Time: 360.500000 / 1000.000000
Elapsed Time: 360.666667 / 1000.000000
Elapsed Time: 360.833333 / 1000.000000
Elapsed Time: 361.000000 / 1000.000000
Elapsed Time: 361.166667 / 1000.000000
Elapsed Time: 361.333333 / 1000.000000
Elapsed Time: 361.500000 / 1000.000000
Elapsed Time: 361.666667 / 1000.000000
Elapsed Time: 361.833333 / 1000.000000
Elapsed Time: 362.000000 / 1000.000000
Elapsed Time: 362.166667 / 1000.000000
Elapsed Time: 362.333333 / 1000.000000
Elapsed Time: 362.500000 / 1000.000000
Elapsed Time: 362.666667 / 1000.000000
Elapsed Time: 362.833333 / 1000.000000
Elapsed Time: 363.000000 / 1000.000000
Elapsed Time: 363.166667 / 1000.000000
Elapsed Time: 363.333333 / 1000.000000
Elapsed Time: 363.500000 / 1000.000000
Elapsed Time: 363.666667 / 1000.000000
Elapsed Time: 363.833333 / 1000.000000
Elapsed Time: 364.000000 / 1000.000000
Elapsed Time: 364.166667 / 1000.000000
Elapsed Time: 364.333333 / 1000.000000
Elapsed Time: 364.500000 / 1000.000000
Elapsed Time: 364.666667 / 1000.000000
Elapsed Time: 364.833333 / 1000.000000
Elapsed Time: 365.000000 / 1000.000000
Elapsed Time: 365.166667 / 1000.000000
Elapsed Time: 365.333333 / 1000.000000
Elapsed Time: 365.500000 / 1000.000000
Elapsed Time: 365.666667 / 1000.000000
Elapsed Time: 365.833333 / 1000.000000
Elapsed Time: 366.000000 / 1000.000000
Elapsed Time: 366.166667 / 1000.000000
Elapsed Time: 366.333333 / 1000.000000
Elapsed Time: 366.500000 / 1000.000000
Elapsed Time: 366.666667 / 1000.000000
Elapsed Time: 366.833333 / 1000.000000
Elapsed Time: 367.000000 / 1000.000000
Elapsed Time: 367.166667 / 1000.000000
Elapsed Time: 367.333333 / 1000.000000
Elapsed Time: 367.500000 / 1000.000000
Elapsed Time: 367.666667 / 1000.000000
Elapsed Time: 367.833333 / 1000.000000
Elapsed Time: 368.000000 / 1000.000000
Elapsed Time: 368.166667 / 1000.000000
Elapsed Time: 368.333333 / 1000.000000
Elapsed Time: 368.500000 / 1000.000000
Elapsed Time: 368.666667 / 1000.000000
Elapsed Time: 368.833333 / 1000.000000
Elapsed Time: 369.000000 / 1000.000000
Elapsed Time: 369.166667 / 1000.000000
Elapsed Time: 369.333333 / 1000.000000
Elapsed Time: 369.500000 / 1000.000000
Elapsed Time: 369.666667 / 1000.000000
Elapsed Time: 369.833333 / 1000.000000
Elapsed Time: 370.000000 / 1000.000000
Elapsed Time: 370.166667 / 1000.000000
Elapsed Time: 370.333333 / 1000.000000
Elapsed Time: 370.500000 / 1000.000000
Elapsed Time: 370.666667 / 1000.000000
Elapsed Time: 370.833333 / 1000.000000
Elapsed Time: 371.000000 / 1000.000000
Elapsed Time: 371.166667 / 1000.000000
Elapsed Time: 371.333333 / 1000.000000
Elapsed Time: 371.500000 / 1000.000000
Elapsed Time: 371.666667 / 1000.000000
Elapsed Time: 371.833333 / 1000.000000
Elapsed Time: 372.000000 / 1000.000000
Elapsed Time: 372.166667 / 1000.000000
Elapsed Time: 372.333333 / 1000.000000
Elapsed Time: 372.500000 / 1000.000000
Elapsed Time: 372.666667 / 1000.000000
Elapsed Time: 372.833333 / 1000.000000
Elapsed Time: 373.000000 / 1000.000000
Elapsed Time: 373.166667 / 1000.000000
Elapsed Time: 373.333333 / 1000.000000
Elapsed Time: 373.500000 / 1000.000000
Elapsed Time: 373.666667 / 1000.000000
Elapsed Time: 373.833333 / 1000.000000
Elapsed Time: 374.000000 / 1000.000000
Elapsed Time: 374.166667 / 1000.000000
Elapsed Time: 374.333333 / 1000.000000
Elapsed Time: 374.500000 / 1000.000000
Elapsed Time: 374.666667 / 1000.000000
Elapsed Time: 374.833333 / 1000.000000
Elapsed Time: 375.000000 / 1000.000000
Elapsed Time: 375.166667 / 1000.000000
Elapsed Time: 375.333333 / 1000.000000
Elapsed Time: 375.500000 / 1000.000000
Elapsed Time: 375.666667 / 1000.000000
Elapsed Time: 375.833333 / 1000.000000
Elapsed Time: 376.000000 / 1000.000000
Elapsed Time: 376.166667 / 1000.000000
Elapsed Time: 376.333333 / 1000.000000
Elapsed Time: 376.500000 / 1000.000000
Elapsed Time: 376.666667 / 1000.000000
Elapsed Time: 376.833333 / 1000.000000
Elapsed Time: 377.000000 / 1000.000000
Elapsed Time: 377.166667 / 1000.000000
Elapsed Time: 377.333333 / 1000.000000
Elapsed Time: 377.500000 / 1000.000000
Elapsed Time: 377.666667 / 1000.000000
Elapsed Time: 377.833333 / 1000.000000
Elapsed Time: 378.000000 / 1000.000000
Elapsed Time: 378.166667 / 1000.000000
Elapsed Time: 378.333333 / 1000.000000
Elapsed Time: 378.500000 / 1000.000000
Elapsed Time: 378.666667 / 1000.000000
Elapsed Time: 378.833333 / 1000.000000
Elapsed Time: 379.000000 / 1000.000000
Elapsed Time: 379.166667 / 1000.000000
Elapsed Time: 379.333333 / 1000.000000
Elapsed Time: 379.500000 / 1000.000000
Elapsed Time: 379.666667 / 1000.000000
Elapsed Time: 379.833333 / 1000.000000
Elapsed Time: 380.000000 / 1000.000000
Elapsed Time: 380.166667 / 1000.000000
Elapsed Time: 380.333333 / 1000.000000
Elapsed Time: 380.500000 / 1000.000000
Elapsed Time: 380.666667 / 1000.000000
Elapsed Time: 380.833333 / 1000.000000
Elapsed Time: 381.000000 / 1000.000000
Elapsed Time: 381.166667 / 1000.000000
Elapsed Time: 381.333333 / 1000.000000
Elapsed Time: 381.500000 / 1000.000000
Elapsed Time: 381.666667 / 1000.000000
Elapsed Time: 381.833333 / 1000.000000
Elapsed Time: 382.000000 / 1000.000000
Elapsed Time: 382.166667 / 1000.000000
Elapsed Time: 382.333333 / 1000.000000
Elapsed Time: 382.500000 / 1000.000000
Elapsed Time: 382.666667 / 1000.000000
Elapsed Time: 382.833333 / 1000.000000
Elapsed Time: 383.000000 / 1000.000000
Elapsed Time: 383.166667 / 1000.000000
Elapsed Time: 383.333333 / 1000.000000
Elapsed Time: 383.500000 / 1000.000000
Elapsed Time: 383.666667 / 1000.000000
Elapsed Time: 383.833333 / 1000.000000
Elapsed Time: 384.000000 / 1000.000000
Elapsed Time: 384.166667 / 1000.000000
Elapsed Time: 384.333333 / 1000.000000
Elapsed Time: 384.500000 / 1000.000000
Elapsed Time: 384.666667 / 1000.000000
Elapsed Time: 384.833333 / 1000.000000
Elapsed Time: 385.000000 / 1000.000000
Elapsed Time: 385.166667 / 1000.000000
Elapsed Time: 385.333333 / 1000.000000
Elapsed Time: 385.500000 / 1000.000000
Elapsed Time: 385.666667 / 1000.000000
Elapsed Time: 385.833333 / 1000.000000
Elapsed Time: 386.000000 / 1000.000000
Elapsed Time: 386.166667 / 1000.000000
Elapsed Time: 386.333333 / 1000.000000
Elapsed Time: 386.500000 / 1000.000000
Elapsed Time: 386.666667 / 1000.000000
Elapsed Time: 386.833333 / 1000.000000
Elapsed Time: 387.000000 / 1000.000000
Elapsed Time: 387.166667 / 1000.000000
Elapsed Time: 387.333333 / 1000.000000
Elapsed Time: 387.500000 / 1000.000000
Elapsed Time: 387.666667 / 1000.000000
Elapsed Time: 387.833333 / 1000.000000
Elapsed Time: 388.000000 / 1000.000000
Elapsed Time: 388.166667 / 1000.000000
Elapsed Time: 388.333333 / 1000.000000
Elapsed Time: 388.500000 / 1000.000000
Elapsed Time: 388.666667 / 1000.000000
Elapsed Time: 388.833333 / 1000.000000
Elapsed Time: 389.000000 / 1000.000000
Elapsed Time: 389.166667 / 1000.000000
Elapsed Time: 389.333333 / 1000.000000
Elapsed Time: 389.500000 / 1000.000000
Elapsed Time: 389.666667 / 1000.000000
Elapsed Time: 389.833333 / 1000.000000
Elapsed Time: 390.000000 / 1000.000000
Elapsed Time: 390.166667 / 1000.000000
Elapsed Time: 390.333333 / 1000.000000
Elapsed Time: 390.500000 / 1000.000000
Elapsed Time: 390.666667 / 1000.000000
Elapsed Time: 390.833333 / 1000.000000
Elapsed Time: 391.000000 / 1000.000000
Elapsed Time: 391.166667 / 1000.000000
Elapsed Time: 391.333333 / 1000.000000
Elapsed Time: 391.500000 / 1000.000000
Elapsed Time: 391.666667 / 1000.000000
Elapsed Time: 391.833333 / 1000.000000
Elapsed Time: 392.000000 / 1000.000000
Elapsed Time: 392.166667 / 1000.000000
Elapsed Time: 392.333333 / 1000.000000
Elapsed Time: 392.500000 / 1000.000000
Elapsed Time: 392.666667 / 1000.000000
Elapsed Time: 392.833333 / 1000.000000
Elapsed Time: 393.000000 / 1000.000000
Elapsed Time: 393.166667 / 1000.000000
Elapsed Time: 393.333333 / 1000.000000
Elapsed Time: 393.500000 / 1000.000000
Elapsed Time: 393.666667 / 1000.000000
Elapsed Time: 393.833333 / 1000.000000
Elapsed Time: 394.000000 / 1000.000000
Elapsed Time: 394.166667 / 1000.000000
Elapsed Time: 394.333333 / 1000.000000
Elapsed Time: 394.500000 / 1000.000000
Elapsed Time: 394.666667 / 1000.000000
Elapsed Time: 394.833333 / 1000.000000
Elapsed Time: 395.000000 / 1000.000000
Elapsed Time: 395.166667 / 1000.000000
Elapsed Time: 395.333333 / 1000.000000
Elapsed Time: 395.500000 / 1000.000000
Elapsed Time: 395.666667 / 1000.000000
Elapsed Time: 395.833333 / 1000.000000
Elapsed Time: 396.000000 / 1000.000000
Elapsed Time: 396.166667 / 1000.000000
Elapsed Time: 396.333333 / 1000.000000
Elapsed Time: 396.500000 / 1000.000000
Elapsed Time: 396.666667 / 1000.000000
Elapsed Time: 396.833333 / 1000.000000
Elapsed Time: 397.000000 / 1000.000000
Elapsed Time: 397.166667 / 1000.000000
Elapsed Time: 397.333333 / 1000.000000
Elapsed Time: 397.500000 / 1000.000000
Elapsed Time: 397.666667 / 1000.000000
Elapsed Time: 397.833333 / 1000.000000
Elapsed Time: 398.000000 / 1000.000000
Elapsed Time: 398.166667 / 1000.000000
Elapsed Time: 398.333333 / 1000.000000
Elapsed Time: 398.500000 / 1000.000000
Elapsed Time: 398.666667 / 1000.000000
Elapsed Time: 398.833333 / 1000.000000
Elapsed Time: 399.000000 / 1000.000000
Elapsed Time: 399.166667 / 1000.000000
Elapsed Time: 399.333333 / 1000.000000
Elapsed Time: 399.500000 / 1000.000000
Elapsed Time: 399.666667 / 1000.000000
Elapsed Time: 399.833333 / 1000.000000
Elapsed Time: 400.000000 / 1000.000000
Elapsed Time: 400.166667 / 1000.000000
Elapsed Time: 400.333333 / 1000.000000
Elapsed Time: 400.500000 / 1000.000000
Elapsed Time: 400.666667 / 1000.000000
Elapsed Time: 400.833333 / 1000.000000
Elapsed Time: 401.000000 / 1000.000000
Elapsed Time: 401.166667 / 1000.000000
Elapsed Time: 401.333333 / 1000.000000
Elapsed Time: 401.500000 / 1000.000000
Elapsed Time: 401.666667 / 1000.000000
Elapsed Time: 401.833333 / 1000.000000
Elapsed Time: 402.000000 / 1000.000000
Elapsed Time: 402.166667 / 1000.000000
Elapsed Time: 402.333333 / 1000.000000
Elapsed Time: 402.500000 / 1000.000000
Elapsed Time: 402.666667 / 1000.000000
Elapsed Time: 402.833333 / 1000.000000
Elapsed Time: 403.000000 / 1000.000000
Elapsed Time: 403.166667 / 1000.000000
Elapsed Time: 403.333333 / 1000.000000
Elapsed Time: 403.500000 / 1000.000000
Elapsed Time: 403.666667 / 1000.000000
Elapsed Time: 403.833333 / 1000.000000
Elapsed Time: 404.000000 / 1000.000000
Elapsed Time: 404.166667 / 1000.000000
Elapsed Time: 404.333333 / 1000.000000
Elapsed Time: 404.500000 / 1000.000000
Elapsed Time: 404.666667 / 1000.000000
Elapsed Time: 404.833333 / 1000.000000
Elapsed Time: 405.000000 / 1000.000000
Elapsed Time: 405.166667 / 1000.000000
Elapsed Time: 405.333333 / 1000.000000
Elapsed Time: 405.500000 / 1000.000000
Elapsed Time: 405.666667 / 1000.000000
Elapsed Time: 405.833333 / 1000.000000
Elapsed Time: 406.000000 / 1000.000000
Elapsed Time: 406.166667 / 1000.000000
Elapsed Time: 406.333333 / 1000.000000
Elapsed Time: 406.500000 / 1000.000000
Elapsed Time: 406.666667 / 1000.000000
Elapsed Time: 406.833333 / 1000.000000
Elapsed Time: 407.000000 / 1000.000000
Elapsed Time: 407.166667 / 1000.000000
Elapsed Time: 407.333333 / 1000.000000
Elapsed Time: 407.500000 / 1000.000000
Elapsed Time: 407.666667 / 1000.000000
Elapsed Time: 407.833333 / 1000.000000
Elapsed Time: 408.000000 / 1000.000000
Elapsed Time: 408.166667 / 1000.000000
Elapsed Time: 408.333333 / 1000.000000
Elapsed Time: 408.500000 / 1000.000000
Elapsed Time: 408.666667 / 1000.000000
Elapsed Time: 408.833333 / 1000.000000
Elapsed Time: 409.000000 / 1000.000000
Elapsed Time: 409.166667 / 1000.000000
Elapsed Time: 409.333333 / 1000.000000
Elapsed Time: 409.500000 / 1000.000000
Elapsed Time: 409.666667 / 1000.000000
Elapsed Time: 409.833333 / 1000.000000
Elapsed Time: 410.000000 / 1000.000000
Elapsed Time: 410.166667 / 1000.000000
Elapsed Time: 410.333333 / 1000.000000
Elapsed Time: 410.500000 / 1000.000000
Elapsed Time: 410.666667 / 1000.000000
Elapsed Time: 410.833333 / 1000.000000
Elapsed Time: 411.000000 / 1000.000000
Elapsed Time: 411.166667 / 1000.000000
Elapsed Time: 411.333333 / 1000.000000
Elapsed Time: 411.500000 / 1000.000000
Elapsed Time: 411.666667 / 1000.000000
Elapsed Time: 411.833333 / 1000.000000
Elapsed Time: 412.000000 / 1000.000000
Elapsed Time: 412.166667 / 1000.000000
Elapsed Time: 412.333333 / 1000.000000
Elapsed Time: 412.500000 / 1000.000000
Elapsed Time: 412.666667 / 1000.000000
Elapsed Time: 412.833333 / 1000.000000
Elapsed Time: 413.000000 / 1000.000000
Elapsed Time: 413.166667 / 1000.000000
Elapsed Time: 413.333333 / 1000.000000
Elapsed Time: 413.500000 / 1000.000000
Elapsed Time: 413.666667 / 1000.000000
Elapsed Time: 413.833333 / 1000.000000
Elapsed Time: 414.000000 / 1000.000000
Elapsed Time: 414.166667 / 1000.000000
Elapsed Time: 414.333333 / 1000.000000
Elapsed Time: 414.500000 / 1000.000000
Elapsed Time: 414.666667 / 1000.000000
Elapsed Time: 414.833333 / 1000.000000
Elapsed Time: 415.000000 / 1000.000000
Elapsed Time: 415.166667 / 1000.000000
Elapsed Time: 415.333333 / 1000.000000
Elapsed Time: 415.500000 / 1000.000000
Elapsed Time: 415.666667 / 1000.000000
Elapsed Time: 415.833333 / 1000.000000
Elapsed Time: 416.000000 / 1000.000000
Elapsed Time: 416.166667 / 1000.000000
Elapsed Time: 416.333333 / 1000.000000
Elapsed Time: 416.500000 / 1000.000000
Elapsed Time: 416.666667 / 1000.000000
Elapsed Time: 416.833333 / 1000.000000
Elapsed Time: 417.000000 / 1000.000000
Elapsed Time: 417.166667 / 1000.000000
Elapsed Time: 417.333333 / 1000.000000
Elapsed Time: 417.500000 / 1000.000000
Elapsed Time: 417.666667 / 1000.000000
Elapsed Time: 417.833333 / 1000.000000
Elapsed Time: 418.000000 / 1000.000000
Elapsed Time: 418.166667 / 1000.000000
Elapsed Time: 418.333333 / 1000.000000
Elapsed Time: 418.500000 / 1000.000000
Elapsed Time: 418.666667 / 1000.000000
Elapsed Time: 418.833333 / 1000.000000
Elapsed Time: 419.000000 / 1000.000000
Elapsed Time: 419.166667 / 1000.000000
Elapsed Time: 419.333333 / 1000.000000
Elapsed Time: 419.500000 / 1000.000000
Elapsed Time: 419.666667 / 1000.000000
Elapsed Time: 419.833333 / 1000.000000
Elapsed Time: 420.000000 / 1000.000000
Elapsed Time: 420.166667 / 1000.000000
Elapsed Time: 420.333333 / 1000.000000
Elapsed Time: 420.500000 / 1000.000000
Elapsed Time: 420.666667 / 1000.000000
Elapsed Time: 420.833333 / 1000.000000
Elapsed Time: 421.000000 / 1000.000000
Elapsed Time: 421.166667 / 1000.000000
Elapsed Time: 421.333333 / 1000.000000
Elapsed Time: 421.500000 / 1000.000000
Elapsed Time: 421.666667 / 1000.000000
Elapsed Time: 421.833333 / 1000.000000
Elapsed Time: 422.000000 / 1000.000000
Elapsed Time: 422.166667 / 1000.000000
Elapsed Time: 422.333333 / 1000.000000
Elapsed Time: 422.500000 / 1000.000000
Elapsed Time: 422.666667 / 1000.000000
Elapsed Time: 422.833333 / 1000.000000
Elapsed Time: 423.000000 / 1000.000000
Elapsed Time: 423.166667 / 1000.000000
Elapsed Time: 423.333333 / 1000.000000
Elapsed Time: 423.500000 / 1000.000000
Elapsed Time: 423.666667 / 1000.000000
Elapsed Time: 423.833333 / 1000.000000
Elapsed Time: 424.000000 / 1000.000000
Elapsed Time: 424.166667 / 1000.000000
Elapsed Time: 424.333333 / 1000.000000
Elapsed Time: 424.500000 / 1000.000000
Elapsed Time: 424.666667 / 1000.000000
Elapsed Time: 424.833333 / 1000.000000
Elapsed Time: 425.000000 / 1000.000000
Elapsed Time: 425.166667 / 1000.000000
Elapsed Time: 425.333333 / 1000.000000
Elapsed Time: 425.500000 / 1000.000000
Elapsed Time: 425.666667 / 1000.000000
Elapsed Time: 425.833333 / 1000.000000
Elapsed Time: 426.000000 / 1000.000000
Elapsed Time: 426.166667 / 1000.000000
Elapsed Time: 426.333333 / 1000.000000
Elapsed Time: 426.500000 / 1000.000000
Elapsed Time: 426.666667 / 1000.000000
Elapsed Time: 426.833333 / 1000.000000
Elapsed Time: 427.000000 / 1000.000000
Elapsed Time: 427.166667 / 1000.000000
Elapsed Time: 427.333333 / 1000.000000
Elapsed Time: 427.500000 / 1000.000000
Elapsed Time: 427.666667 / 1000.000000
Elapsed Time: 427.833333 / 1000.000000
Elapsed Time: 428.000000 / 1000.000000
Elapsed Time: 428.166667 / 1000.000000
Elapsed Time: 428.333333 / 1000.000000
Elapsed Time: 428.500000 / 1000.000000
Elapsed Time: 428.666667 / 1000.000000
Elapsed Time: 428.833333 / 1000.000000
Elapsed Time: 429.000000 / 1000.000000
Elapsed Time: 429.166667 / 1000.000000
Elapsed Time: 429.333333 / 1000.000000
Elapsed Time: 429.500000 / 1000.000000
Elapsed Time: 429.666667 / 1000.000000
Elapsed Time: 429.833333 / 1000.000000
Elapsed Time: 430.000000 / 1000.000000
Elapsed Time: 430.166667 / 1000.000000
Elapsed Time: 430.333333 / 1000.000000
Elapsed Time: 430.500000 / 1000.000000
Elapsed Time: 430.666667 / 1000.000000
Elapsed Time: 430.833333 / 1000.000000
Elapsed Time: 431.000000 / 1000.000000
Elapsed Time: 431.166667 / 1000.000000
Elapsed Time: 431.333333 / 1000.000000
Elapsed Time: 431.500000 / 1000.000000
Elapsed Time: 431.666667 / 1000.000000
Elapsed Time: 431.833333 / 1000.000000
Elapsed Time: 432.000000 / 1000.000000
Elapsed Time: 432.166667 / 1000.000000
Elapsed Time: 432.333333 / 1000.000000
Elapsed Time: 432.500000 / 1000.000000
Elapsed Time: 432.666667 / 1000.000000
Elapsed Time: 432.833333 / 1000.000000
Elapsed Time: 433.000000 / 1000.000000
Elapsed Time: 433.166667 / 1000.000000
Elapsed Time: 433.333333 / 1000.000000
Elapsed Time: 433.500000 / 1000.000000
Elapsed Time: 433.666667 / 1000.000000
Elapsed Time: 433.833333 / 1000.000000
Elapsed Time: 434.000000 / 1000.000000
Elapsed Time: 434.166667 / 1000.000000
Elapsed Time: 434.333333 / 1000.000000
Elapsed Time: 434.500000 / 1000.000000
Elapsed Time: 434.666667 / 1000.000000
Elapsed Time: 434.833333 / 1000.000000
Elapsed Time: 435.000000 / 1000.000000
Elapsed Time: 435.166667 / 1000.000000
Elapsed Time: 435.333333 / 1000.000000
Elapsed Time: 435.500000 / 1000.000000
Elapsed Time: 435.666667 / 1000.000000
Elapsed Time: 435.833333 / 1000.000000
Elapsed Time: 436.000000 / 1000.000000
Elapsed Time: 436.166667 / 1000.000000
Elapsed Time: 436.333333 / 1000.000000
Elapsed Time: 436.500000 / 1000.000000
Elapsed Time: 436.666667 / 1000.000000
Elapsed Time: 436.833333 / 1000.000000
Elapsed Time: 437.000000 / 1000.000000
Elapsed Time: 437.166667 / 1000.000000
Elapsed Time: 437.333333 / 1000.000000
Elapsed Time: 437.500000 / 1000.000000
Elapsed Time: 437.666667 / 1000.000000
Elapsed Time: 437.833333 / 1000.000000
Elapsed Time: 438.000000 / 1000.000000
Elapsed Time: 438.166667 / 1000.000000
Elapsed Time: 438.333333 / 1000.000000
Elapsed Time: 438.500000 / 1000.000000
Elapsed Time: 438.666667 / 1000.000000
Elapsed Time: 438.833333 / 1000.000000
Elapsed Time: 439.000000 / 1000.000000
Elapsed Time: 439.166667 / 1000.000000
Elapsed Time: 439.333333 / 1000.000000
Elapsed Time: 439.500000 / 1000.000000
Elapsed Time: 439.666667 / 1000.000000
Elapsed Time: 439.833333 / 1000.000000
Elapsed Time: 440.000000 / 1000.000000
Elapsed Time: 440.166667 / 1000.000000
Elapsed Time: 440.333333 / 1000.000000
Elapsed Time: 440.500000 / 1000.000000
Elapsed Time: 440.666667 / 1000.000000
Elapsed Time: 440.833333 / 1000.000000
Elapsed Time: 441.000000 / 1000.000000
Elapsed Time: 441.166667 / 1000.000000
Elapsed Time: 441.333333 / 1000.000000
Elapsed Time: 441.500000 / 1000.000000
Elapsed Time: 441.666667 / 1000.000000
Elapsed Time: 441.833333 / 1000.000000
Elapsed Time: 442.000000 / 1000.000000
Elapsed Time: 442.166667 / 1000.000000
Elapsed Time: 442.333333 / 1000.000000
Elapsed Time: 442.500000 / 1000.000000
Elapsed Time: 442.666667 / 1000.000000
Elapsed Time: 442.833333 / 1000.000000
Elapsed Time: 443.000000 / 1000.000000
Elapsed Time: 443.166667 / 1000.000000
Elapsed Time: 443.333333 / 1000.000000
Elapsed Time: 443.500000 / 1000.000000
Elapsed Time: 443.666667 / 1000.000000
Elapsed Time: 443.833333 / 1000.000000
Elapsed Time: 444.000000 / 1000.000000
Elapsed Time: 444.166667 / 1000.000000
Elapsed Time: 444.333333 / 1000.000000
Elapsed Time: 444.500000 / 1000.000000
Elapsed Time: 444.666667 / 1000.000000
Elapsed Time: 444.833333 / 1000.000000
Elapsed Time: 445.000000 / 1000.000000
Elapsed Time: 445.166667 / 1000.000000
Elapsed Time: 445.333333 / 1000.000000
Elapsed Time: 445.500000 / 1000.000000
Elapsed Time: 445.666667 / 1000.000000
Elapsed Time: 445.833333 / 1000.000000
Elapsed Time: 446.000000 / 1000.000000
Elapsed Time: 446.166667 / 1000.000000
Elapsed Time: 446.333333 / 1000.000000
Elapsed Time: 446.500000 / 1000.000000
Elapsed Time: 446.666667 / 1000.000000
Elapsed Time: 446.833333 / 1000.000000
Elapsed Time: 447.000000 / 1000.000000
Elapsed Time: 447.166667 / 1000.000000
Elapsed Time: 447.333333 / 1000.000000
Elapsed Time: 447.500000 / 1000.000000
Elapsed Time: 447.666667 / 1000.000000
Elapsed Time: 447.833333 / 1000.000000
Elapsed Time: 448.000000 / 1000.000000
Elapsed Time: 448.166667 / 1000.000000
Elapsed Time: 448.333333 / 1000.000000
Elapsed Time: 448.500000 / 1000.000000
Elapsed Time: 448.666667 / 1000.000000
Elapsed Time: 448.833333 / 1000.000000
Elapsed Time: 449.000000 / 1000.000000
Elapsed Time: 449.166667 / 1000.000000
Elapsed Time: 449.333333 / 1000.000000
Elapsed Time: 449.500000 / 1000.000000
Elapsed Time: 449.666667 / 1000.000000
Elapsed Time: 449.833333 / 1000.000000
Elapsed Time: 450.000000 / 1000.000000
Elapsed Time: 450.166667 / 1000.000000
Elapsed Time: 450.333333 / 1000.000000
Elapsed Time: 450.500000 / 1000.000000
Elapsed Time: 450.666667 / 1000.000000
Elapsed Time: 450.833333 / 1000.000000
Elapsed Time: 451.000000 / 1000.000000
Elapsed Time: 451.166667 / 1000.000000
Elapsed Time: 451.333333 / 1000.000000
Elapsed Time: 451.500000 / 1000.000000
Elapsed Time: 451.666667 / 1000.000000
Elapsed Time: 451.833333 / 1000.000000
Elapsed Time: 452.000000 / 1000.000000
Elapsed Time: 452.166667 / 1000.000000
Elapsed Time: 452.333333 / 1000.000000
Elapsed Time: 452.500000 / 1000.000000
Elapsed Time: 452.666667 / 1000.000000
Elapsed Time: 452.833333 / 1000.000000
Elapsed Time: 453.000000 / 1000.000000
Elapsed Time: 453.166667 / 1000.000000
Elapsed Time: 453.333333 / 1000.000000
Elapsed Time: 453.500000 / 1000.000000
Elapsed Time: 453.666667 / 1000.000000
Elapsed Time: 453.833333 / 1000.000000
Elapsed Time: 454.000000 / 1000.000000
Elapsed Time: 454.166667 / 1000.000000
Elapsed Time: 454.333333 / 1000.000000
Elapsed Time: 454.500000 / 1000.000000
Elapsed Time: 454.666667 / 1000.000000
Elapsed Time: 454.833333 / 1000.000000
Elapsed Time: 455.000000 / 1000.000000
Elapsed Time: 455.166667 / 1000.000000
Elapsed Time: 455.333333 / 1000.000000
Elapsed Time: 455.500000 / 1000.000000
Elapsed Time: 455.666667 / 1000.000000
Elapsed Time: 455.833333 / 1000.000000
Elapsed Time: 456.000000 / 1000.000000
Elapsed Time: 456.166667 / 1000.000000
Elapsed Time: 456.333333 / 1000.000000
Elapsed Time: 456.500000 / 1000.000000
Elapsed Time: 456.666667 / 1000.000000
Elapsed Time: 456.833333 / 1000.000000
Elapsed Time: 457.000000 / 1000.000000
Elapsed Time: 457.166667 / 1000.000000
Elapsed Time: 457.333333 / 1000.000000
Elapsed Time: 457.500000 / 1000.000000
Elapsed Time: 457.666667 / 1000.000000
Elapsed Time: 457.833333 / 1000.000000
Elapsed Time: 458.000000 / 1000.000000
Elapsed Time: 458.166667 / 1000.000000
Elapsed Time: 458.333333 / 1000.000000
Elapsed Time: 458.500000 / 1000.000000
Elapsed Time: 458.666667 / 1000.000000
Elapsed Time: 458.833333 / 1000.000000
Elapsed Time: 459.000000 / 1000.000000
Elapsed Time: 459.166667 / 1000.000000
Elapsed Time: 459.333333 / 1000.000000
Elapsed Time: 459.500000 / 1000.000000
Elapsed Time: 459.666667 / 1000.000000
Elapsed Time: 459.833333 / 1000.000000
Elapsed Time: 460.000000 / 1000.000000
Elapsed Time: 460.166667 / 1000.000000
Elapsed Time: 460.333333 / 1000.000000
Elapsed Time: 460.500000 / 1000.000000
Elapsed Time: 460.666667 / 1000.000000
Elapsed Time: 460.833333 / 1000.000000
Elapsed Time: 461.000000 / 1000.000000
Elapsed Time: 461.166667 / 1000.000000
Elapsed Time: 461.333333 / 1000.000000
Elapsed Time: 461.500000 / 1000.000000
Elapsed Time: 461.666667 / 1000.000000
Elapsed Time: 461.833333 / 1000.000000
Elapsed Time: 462.000000 / 1000.000000
Elapsed Time: 462.166667 / 1000.000000
Elapsed Time: 462.333333 / 1000.000000
Elapsed Time: 462.500000 / 1000.000000
Elapsed Time: 462.666667 / 1000.000000
Elapsed Time: 462.833333 / 1000.000000
Elapsed Time: 463.000000 / 1000.000000
Elapsed Time: 463.166667 / 1000.000000
Elapsed Time: 463.333333 / 1000.000000
Elapsed Time: 463.500000 / 1000.000000
Elapsed Time: 463.666667 / 1000.000000
Elapsed Time: 463.833333 / 1000.000000
Elapsed Time: 464.000000 / 1000.000000
Elapsed Time: 464.166667 / 1000.000000
Elapsed Time: 464.333333 / 1000.000000
Elapsed Time: 464.500000 / 1000.000000
Elapsed Time: 464.666667 / 1000.000000
Elapsed Time: 464.833333 / 1000.000000
Elapsed Time: 465.000000 / 1000.000000
Elapsed Time: 465.166667 / 1000.000000
Elapsed Time: 465.333333 / 1000.000000
Elapsed Time: 465.500000 / 1000.000000
Elapsed Time: 465.666667 / 1000.000000
Elapsed Time: 465.833333 / 1000.000000
Elapsed Time: 466.000000 / 1000.000000
Elapsed Time: 466.166667 / 1000.000000
Elapsed Time: 466.333333 / 1000.000000
Elapsed Time: 466.500000 / 1000.000000
Elapsed Time: 466.666667 / 1000.000000
Elapsed Time: 466.833333 / 1000.000000
Elapsed Time: 467.000000 / 1000.000000
Elapsed Time: 467.166667 / 1000.000000
Elapsed Time: 467.333333 / 1000.000000
Elapsed Time: 467.500000 / 1000.000000
Elapsed Time: 467.666667 / 1000.000000
Elapsed Time: 467.833333 / 1000.000000
Elapsed Time: 468.000000 / 1000.000000
Elapsed Time: 468.166667 / 1000.000000
Elapsed Time: 468.333333 / 1000.000000
Elapsed Time: 468.500000 / 1000.000000
Elapsed Time: 468.666667 / 1000.000000
Elapsed Time: 468.833333 / 1000.000000
Elapsed Time: 469.000000 / 1000.000000
Elapsed Time: 469.166667 / 1000.000000
Elapsed Time: 469.333333 / 1000.000000
Elapsed Time: 469.500000 / 1000.000000
Elapsed Time: 469.666667 / 1000.000000
Elapsed Time: 469.833333 / 1000.000000
Elapsed Time: 470.000000 / 1000.000000
Elapsed Time: 470.166667 / 1000.000000
Elapsed Time: 470.333333 / 1000.000000
Elapsed Time: 470.500000 / 1000.000000
Elapsed Time: 470.666667 / 1000.000000
Elapsed Time: 470.833333 / 1000.000000
Elapsed Time: 471.000000 / 1000.000000
Elapsed Time: 471.166667 / 1000.000000
Elapsed Time: 471.333333 / 1000.000000
Elapsed Time: 471.500000 / 1000.000000
Elapsed Time: 471.666667 / 1000.000000
Elapsed Time: 471.833333 / 1000.000000
Elapsed Time: 472.000000 / 1000.000000
Elapsed Time: 472.166667 / 1000.000000
Elapsed Time: 472.333333 / 1000.000000
Elapsed Time: 472.500000 / 1000.000000
Elapsed Time: 472.666667 / 1000.000000
Elapsed Time: 472.833333 / 1000.000000
Elapsed Time: 473.000000 / 1000.000000
Elapsed Time: 473.166667 / 1000.000000
Elapsed Time: 473.333333 / 1000.000000
Elapsed Time: 473.500000 / 1000.000000
Elapsed Time: 473.666667 / 1000.000000
Elapsed Time: 473.833333 / 1000.000000
Elapsed Time: 474.000000 / 1000.000000
Elapsed Time: 474.166667 / 1000.000000
Elapsed Time: 474.333333 / 1000.000000
Elapsed Time: 474.500000 / 1000.000000
Elapsed Time: 474.666667 / 1000.000000
Elapsed Time: 474.833333 / 1000.000000
Elapsed Time: 475.000000 / 1000.000000
Elapsed Time: 475.166667 / 1000.000000
Elapsed Time: 475.333333 / 1000.000000
Elapsed Time: 475.500000 / 1000.000000
Elapsed Time: 475.666667 / 1000.000000
Elapsed Time: 475.833333 / 1000.000000
Elapsed Time: 476.000000 / 1000.000000
Elapsed Time: 476.166667 / 1000.000000
Elapsed Time: 476.333333 / 1000.000000
Elapsed Time: 476.500000 / 1000.000000
Elapsed Time: 476.666667 / 1000.000000
Elapsed Time: 476.833333 / 1000.000000
Elapsed Time: 477.000000 / 1000.000000
Elapsed Time: 477.166667 / 1000.000000
Elapsed Time: 477.333333 / 1000.000000
Elapsed Time: 477.500000 / 1000.000000
Elapsed Time: 477.666667 / 1000.000000
Elapsed Time: 477.833333 / 1000.000000
Elapsed Time: 478.000000 / 1000.000000
Elapsed Time: 478.166667 / 1000.000000
Elapsed Time: 478.333333 / 1000.000000
Elapsed Time: 478.500000 / 1000.000000
Elapsed Time: 478.666667 / 1000.000000
Elapsed Time: 478.833333 / 1000.000000
Elapsed Time: 479.000000 / 1000.000000
Elapsed Time: 479.166667 / 1000.000000
Elapsed Time: 479.333333 / 1000.000000
Elapsed Time: 479.500000 / 1000.000000
Elapsed Time: 479.666667 / 1000.000000
Elapsed Time: 479.833333 / 1000.000000
Elapsed Time: 480.000000 / 1000.000000
Elapsed Time: 480.166667 / 1000.000000
Elapsed Time: 480.333333 / 1000.000000
Elapsed Time: 480.500000 / 1000.000000
Elapsed Time: 480.666667 / 1000.000000
Elapsed Time: 480.833333 / 1000.000000
Elapsed Time: 481.000000 / 1000.000000
Elapsed Time: 481.166667 / 1000.000000
Elapsed Time: 481.333333 / 1000.000000
Elapsed Time: 481.500000 / 1000.000000
Elapsed Time: 481.666667 / 1000.000000
Elapsed Time: 481.833333 / 1000.000000
Elapsed Time: 482.000000 / 1000.000000
Elapsed Time: 482.166667 / 1000.000000
Elapsed Time: 482.333333 / 1000.000000
Elapsed Time: 482.500000 / 1000.000000
Elapsed Time: 482.666667 / 1000.000000
Elapsed Time: 482.833333 / 1000.000000
Elapsed Time: 483.000000 / 1000.000000
Elapsed Time: 483.166667 / 1000.000000
Elapsed Time: 483.333333 / 1000.000000
Elapsed Time: 483.500000 / 1000.000000
Elapsed Time: 483.666667 / 1000.000000
Elapsed Time: 483.833333 / 1000.000000
Elapsed Time: 484.000000 / 1000.000000
Elapsed Time: 484.166667 / 1000.000000
Elapsed Time: 484.333333 / 1000.000000
Elapsed Time: 484.500000 / 1000.000000
Elapsed Time: 484.666667 / 1000.000000
Elapsed Time: 484.833333 / 1000.000000
Elapsed Time: 485.000000 / 1000.000000
Elapsed Time: 485.166667 / 1000.000000
Elapsed Time: 485.333333 / 1000.000000
Elapsed Time: 485.500000 / 1000.000000
Elapsed Time: 485.666667 / 1000.000000
Elapsed Time: 485.833333 / 1000.000000
Elapsed Time: 486.000000 / 1000.000000
Elapsed Time: 486.166667 / 1000.000000
Elapsed Time: 486.333333 / 1000.000000
Elapsed Time: 486.500000 / 1000.000000
Elapsed Time: 486.666667 / 1000.000000
Elapsed Time: 486.833333 / 1000.000000
Elapsed Time: 487.000000 / 1000.000000
Elapsed Time: 487.166667 / 1000.000000
Elapsed Time: 487.333333 / 1000.000000
Elapsed Time: 487.500000 / 1000.000000
Elapsed Time: 487.666667 / 1000.000000
Elapsed Time: 487.833333 / 1000.000000
Elapsed Time: 488.000000 / 1000.000000
Elapsed Time: 488.166667 / 1000.000000
Elapsed Time: 488.333333 / 1000.000000
Elapsed Time: 488.500000 / 1000.000000
Elapsed Time: 488.666667 / 1000.000000
Elapsed Time: 488.833333 / 1000.000000
Elapsed Time: 489.000000 / 1000.000000
Elapsed Time: 489.166667 / 1000.000000
Elapsed Time: 489.333333 / 1000.000000
Elapsed Time: 489.500000 / 1000.000000
Elapsed Time: 489.666667 / 1000.000000
Elapsed Time: 489.833333 / 1000.000000
Elapsed Time: 490.000000 / 1000.000000
Elapsed Time: 490.166667 / 1000.000000
Elapsed Time: 490.333333 / 1000.000000
Elapsed Time: 490.500000 / 1000.000000
Elapsed Time: 490.666667 / 1000.000000
Elapsed Time: 490.833333 / 1000.000000
Elapsed Time: 491.000000 / 1000.000000
Elapsed Time: 491.166667 / 1000.000000
Elapsed Time: 491.333333 / 1000.000000
Elapsed Time: 491.500000 / 1000.000000
Elapsed Time: 491.666667 / 1000.000000
Elapsed Time: 491.833333 / 1000.000000
Elapsed Time: 492.000000 / 1000.000000
Elapsed Time: 492.166667 / 1000.000000
Elapsed Time: 492.333333 / 1000.000000
Elapsed Time: 492.500000 / 1000.000000
Elapsed Time: 492.666667 / 1000.000000
Elapsed Time: 492.833333 / 1000.000000
Elapsed Time: 493.000000 / 1000.000000
Elapsed Time: 493.166667 / 1000.000000
Elapsed Time: 493.333333 / 1000.000000
Elapsed Time: 493.500000 / 1000.000000
Elapsed Time: 493.666667 / 1000.000000
Elapsed Time: 493.833333 / 1000.000000
Elapsed Time: 494.000000 / 1000.000000
Elapsed Time: 494.166667 / 1000.000000
Elapsed Time: 494.333333 / 1000.000000
Elapsed Time: 494.500000 / 1000.000000
Elapsed Time: 494.666667 / 1000.000000
Elapsed Time: 494.833333 / 1000.000000
Elapsed Time: 495.000000 / 1000.000000
Elapsed Time: 495.166667 / 1000.000000
Elapsed Time: 495.333333 / 1000.000000
Elapsed Time: 495.500000 / 1000.000000
Elapsed Time: 495.666667 / 1000.000000
Elapsed Time: 495.833333 / 1000.000000
Elapsed Time: 496.000000 / 1000.000000
Elapsed Time: 496.166667 / 1000.000000
Elapsed Time: 496.333333 / 1000.000000
Elapsed Time: 496.500000 / 1000.000000
Elapsed Time: 496.666667 / 1000.000000
Elapsed Time: 496.833333 / 1000.000000
Elapsed Time: 497.000000 / 1000.000000
Elapsed Time: 497.166667 / 1000.000000
Elapsed Time: 497.333333 / 1000.000000
Elapsed Time: 497.500000 / 1000.000000
Elapsed Time: 497.666667 / 1000.000000
Elapsed Time: 497.833333 / 1000.000000
Elapsed Time: 498.000000 / 1000.000000
Elapsed Time: 498.166667 / 1000.000000
Elapsed Time: 498.333333 / 1000.000000
Elapsed Time: 498.500000 / 1000.000000
Elapsed Time: 498.666667 / 1000.000000
Elapsed Time: 498.833333 / 1000.000000
Elapsed Time: 499.000000 / 1000.000000
Elapsed Time: 499.166667 / 1000.000000
Elapsed Time: 499.333333 / 1000.000000
Elapsed Time: 499.500000 / 1000.000000
Elapsed Time: 499.666667 / 1000.000000
Elapsed Time: 499.833333 / 1000.000000
Elapsed Time: 500.000000 / 1000.000000
Elapsed Time: 500.166667 / 1000.000000
Elapsed Time: 500.333333 / 1000.000000
Elapsed Time: 500.500000 / 1000.000000
Elapsed Time: 500.666667 / 1000.000000
Elapsed Time: 500.833333 / 1000.000000
Elapsed Time: 501.000000 / 1000.000000
Elapsed Time: 501.166667 / 1000.000000
Elapsed Time: 501.333333 / 1000.000000
Elapsed Time: 501.500000 / 1000.000000
Elapsed Time: 501.666667 / 1000.000000
Elapsed Time: 501.833333 / 1000.000000
Elapsed Time: 502.000000 / 1000.000000
Elapsed Time: 502.166667 / 1000.000000
Elapsed Time: 502.333333 / 1000.000000
Elapsed Time: 502.500000 / 1000.000000
Elapsed Time: 502.666667 / 1000.000000
Elapsed Time: 502.833333 / 1000.000000
Elapsed Time: 503.000000 / 1000.000000
Elapsed Time: 503.166667 / 1000.000000
Elapsed Time: 503.333333 / 1000.000000
Elapsed Time: 503.500000 / 1000.000000
Elapsed Time: 503.666667 / 1000.000000
Elapsed Time: 503.833333 / 1000.000000
Elapsed Time: 504.000000 / 1000.000000
Elapsed Time: 504.166667 / 1000.000000
Elapsed Time: 504.333333 / 1000.000000
Elapsed Time: 504.500000 / 1000.000000
Elapsed Time: 504.666667 / 1000.000000
Elapsed Time: 504.833333 / 1000.000000
Elapsed Time: 505.000000 / 1000.000000
Elapsed Time: 505.166667 / 1000.000000
Elapsed Time: 505.333333 / 1000.000000
Elapsed Time: 505.500000 / 1000.000000
Elapsed Time: 505.666667 / 1000.000000
Elapsed Time: 505.833333 / 1000.000000
Elapsed Time: 506.000000 / 1000.000000
Elapsed Time: 506.166667 / 1000.000000
Elapsed Time: 506.333333 / 1000.000000
Elapsed Time: 506.500000 / 1000.000000
Elapsed Time: 506.666667 / 1000.000000
Elapsed Time: 506.833333 / 1000.000000
Elapsed Time: 507.000000 / 1000.000000
Elapsed Time: 507.166667 / 1000.000000
Elapsed Time: 507.333333 / 1000.000000
Elapsed Time: 507.500000 / 1000.000000
Elapsed Time: 507.666667 / 1000.000000
Elapsed Time: 507.833333 / 1000.000000
Elapsed Time: 508.000000 / 1000.000000
Elapsed Time: 508.166667 / 1000.000000
Elapsed Time: 508.333333 / 1000.000000
Elapsed Time: 508.500000 / 1000.000000
Elapsed Time: 508.666667 / 1000.000000
Elapsed Time: 508.833333 / 1000.000000
Elapsed Time: 509.000000 / 1000.000000
Elapsed Time: 509.166667 / 1000.000000
Elapsed Time: 509.333333 / 1000.000000
Elapsed Time: 509.500000 / 1000.000000
Elapsed Time: 509.666667 / 1000.000000
Elapsed Time: 509.833333 / 1000.000000
Elapsed Time: 510.000000 / 1000.000000
Elapsed Time: 510.166667 / 1000.000000
Elapsed Time: 510.333333 / 1000.000000
Elapsed Time: 510.500000 / 1000.000000
Elapsed Time: 510.666667 / 1000.000000
Elapsed Time: 510.833333 / 1000.000000
Elapsed Time: 511.000000 / 1000.000000
Elapsed Time: 511.166667 / 1000.000000
Elapsed Time: 511.333333 / 1000.000000
Elapsed Time: 511.500000 / 1000.000000
Elapsed Time: 511.666667 / 1000.000000
Elapsed Time: 511.833333 / 1000.000000
Elapsed Time: 512.000000 / 1000.000000
Elapsed Time: 512.166667 / 1000.000000
Elapsed Time: 512.333333 / 1000.000000
Elapsed Time: 512.500000 / 1000.000000
Elapsed Time: 512.666667 / 1000.000000
Elapsed Time: 512.833333 / 1000.000000
Elapsed Time: 513.000000 / 1000.000000
Elapsed Time: 513.166667 / 1000.000000
Elapsed Time: 513.333333 / 1000.000000
Elapsed Time: 513.500000 / 1000.000000
Elapsed Time: 513.666667 / 1000.000000
Elapsed Time: 513.833333 / 1000.000000
Elapsed Time: 514.000000 / 1000.000000
Elapsed Time: 514.166667 / 1000.000000
Elapsed Time: 514.333333 / 1000.000000
Elapsed Time: 514.500000 / 1000.000000
Elapsed Time: 514.666667 / 1000.000000
Elapsed Time: 514.833333 / 1000.000000
Elapsed Time: 515.000000 / 1000.000000
Elapsed Time: 515.166667 / 1000.000000
Elapsed Time: 515.333333 / 1000.000000
Elapsed Time: 515.500000 / 1000.000000
Elapsed Time: 515.666667 / 1000.000000
Elapsed Time: 515.833333 / 1000.000000
Elapsed Time: 516.000000 / 1000.000000
Elapsed Time: 516.166667 / 1000.000000
Elapsed Time: 516.333333 / 1000.000000
Elapsed Time: 516.500000 / 1000.000000
Elapsed Time: 516.666667 / 1000.000000
Elapsed Time: 516.833333 / 1000.000000
Elapsed Time: 517.000000 / 1000.000000
Elapsed Time: 517.166667 / 1000.000000
Elapsed Time: 517.333333 / 1000.000000
Elapsed Time: 517.500000 / 1000.000000
Elapsed Time: 517.666667 / 1000.000000
Elapsed Time: 517.833333 / 1000.000000
Elapsed Time: 518.000000 / 1000.000000
Elapsed Time: 518.166667 / 1000.000000
Elapsed Time: 518.333333 / 1000.000000
Elapsed Time: 518.500000 / 1000.000000
Elapsed Time: 518.666667 / 1000.000000
Elapsed Time: 518.833333 / 1000.000000
Elapsed Time: 519.000000 / 1000.000000
Elapsed Time: 519.166667 / 1000.000000
Elapsed Time: 519.333333 / 1000.000000
Elapsed Time: 519.500000 / 1000.000000
Elapsed Time: 519.666667 / 1000.000000
Elapsed Time: 519.833333 / 1000.000000
Elapsed Time: 520.000000 / 1000.000000
Elapsed Time: 520.166667 / 1000.000000
Elapsed Time: 520.333333 / 1000.000000
Elapsed Time: 520.500000 / 1000.000000
Elapsed Time: 520.666667 / 1000.000000
Elapsed Time: 520.833333 / 1000.000000
Elapsed Time: 521.000000 / 1000.000000
Elapsed Time: 521.166667 / 1000.000000
Elapsed Time: 521.333333 / 1000.000000
Elapsed Time: 521.500000 / 1000.000000
Elapsed Time: 521.666667 / 1000.000000
Elapsed Time: 521.833333 / 1000.000000
Elapsed Time: 522.000000 / 1000.000000
Elapsed Time: 522.166667 / 1000.000000
Elapsed Time: 522.333333 / 1000.000000
Elapsed Time: 522.500000 / 1000.000000
Elapsed Time: 522.666667 / 1000.000000
Elapsed Time: 522.833333 / 1000.000000
Elapsed Time: 523.000000 / 1000.000000
Elapsed Time: 523.166667 / 1000.000000
Elapsed Time: 523.333333 / 1000.000000
Elapsed Time: 523.500000 / 1000.000000
Elapsed Time: 523.666667 / 1000.000000
Elapsed Time: 523.833333 / 1000.000000
Elapsed Time: 524.000000 / 1000.000000
Elapsed Time: 524.166667 / 1000.000000
Elapsed Time: 524.333333 / 1000.000000
Elapsed Time: 524.500000 / 1000.000000
Elapsed Time: 524.666667 / 1000.000000
Elapsed Time: 524.833333 / 1000.000000
Elapsed Time: 525.000000 / 1000.000000
Elapsed Time: 525.166667 / 1000.000000
Elapsed Time: 525.333333 / 1000.000000
Elapsed Time: 525.500000 / 1000.000000
Elapsed Time: 525.666667 / 1000.000000
Elapsed Time: 525.833333 / 1000.000000
Elapsed Time: 526.000000 / 1000.000000
Elapsed Time: 526.166667 / 1000.000000
Elapsed Time: 526.333333 / 1000.000000
Elapsed Time: 526.500000 / 1000.000000
Elapsed Time: 526.666667 / 1000.000000
Elapsed Time: 526.833333 / 1000.000000
Elapsed Time: 527.000000 / 1000.000000
Elapsed Time: 527.166667 / 1000.000000
Elapsed Time: 527.333333 / 1000.000000
Elapsed Time: 527.500000 / 1000.000000
Elapsed Time: 527.666667 / 1000.000000
Elapsed Time: 527.833333 / 1000.000000
Elapsed Time: 528.000000 / 1000.000000
Elapsed Time: 528.166667 / 1000.000000
Elapsed Time: 528.333333 / 1000.000000
Elapsed Time: 528.500000 / 1000.000000
Elapsed Time: 528.666667 / 1000.000000
Elapsed Time: 528.833333 / 1000.000000
Elapsed Time: 529.000000 / 1000.000000
Elapsed Time: 529.166667 / 1000.000000
Elapsed Time: 529.333333 / 1000.000000
Elapsed Time: 529.500000 / 1000.000000
Elapsed Time: 529.666667 / 1000.000000
Elapsed Time: 529.833333 / 1000.000000
Elapsed Time: 530.000000 / 1000.000000
Elapsed Time: 530.166667 / 1000.000000
Elapsed Time: 530.333333 / 1000.000000
Elapsed Time: 530.500000 / 1000.000000
Elapsed Time: 530.666667 / 1000.000000
Elapsed Time: 530.833333 / 1000.000000
Elapsed Time: 531.000000 / 1000.000000
Elapsed Time: 531.166667 / 1000.000000
Elapsed Time: 531.333333 / 1000.000000
Elapsed Time: 531.500000 / 1000.000000
Elapsed Time: 531.666667 / 1000.000000
Elapsed Time: 531.833333 / 1000.000000
Elapsed Time: 532.000000 / 1000.000000
Elapsed Time: 532.166667 / 1000.000000
Elapsed Time: 532.333333 / 1000.000000
Elapsed Time: 532.500000 / 1000.000000
Elapsed Time: 532.666667 / 1000.000000
Elapsed Time: 532.833333 / 1000.000000
Elapsed Time: 533.000000 / 1000.000000
Elapsed Time: 533.166667 / 1000.000000
Elapsed Time: 533.333333 / 1000.000000
Elapsed Time: 533.500000 / 1000.000000
Elapsed Time: 533.666667 / 1000.000000
Elapsed Time: 533.833333 / 1000.000000
Elapsed Time: 534.000000 / 1000.000000
Elapsed Time: 534.166667 / 1000.000000
Elapsed Time: 534.333333 / 1000.000000
Elapsed Time: 534.500000 / 1000.000000
Elapsed Time: 534.666667 / 1000.000000
Elapsed Time: 534.833333 / 1000.000000
Elapsed Time: 535.000000 / 1000.000000
Elapsed Time: 535.166667 / 1000.000000
Elapsed Time: 535.333333 / 1000.000000
Elapsed Time: 535.500000 / 1000.000000
Elapsed Time: 535.666667 / 1000.000000
Elapsed Time: 535.833333 / 1000.000000
Elapsed Time: 536.000000 / 1000.000000
Elapsed Time: 536.166667 / 1000.000000
Elapsed Time: 536.333333 / 1000.000000
Elapsed Time: 536.500000 / 1000.000000
Elapsed Time: 536.666667 / 1000.000000
Elapsed Time: 536.833333 / 1000.000000
Elapsed Time: 537.000000 / 1000.000000
Elapsed Time: 537.166667 / 1000.000000
Elapsed Time: 537.333333 / 1000.000000
Elapsed Time: 537.500000 / 1000.000000
Elapsed Time: 537.666667 / 1000.000000
Elapsed Time: 537.833333 / 1000.000000
Elapsed Time: 538.000000 / 1000.000000
Elapsed Time: 538.166667 / 1000.000000
Elapsed Time: 538.333333 / 1000.000000
Elapsed Time: 538.500000 / 1000.000000
Elapsed Time: 538.666667 / 1000.000000
Elapsed Time: 538.833333 / 1000.000000
Elapsed Time: 539.000000 / 1000.000000
Elapsed Time: 539.166667 / 1000.000000
Elapsed Time: 539.333333 / 1000.000000
Elapsed Time: 539.500000 / 1000.000000
Elapsed Time: 539.666667 / 1000.000000
Elapsed Time: 539.833333 / 1000.000000
Elapsed Time: 540.000000 / 1000.000000
Elapsed Time: 540.166667 / 1000.000000
Elapsed Time: 540.333333 / 1000.000000
Elapsed Time: 540.500000 / 1000.000000
Elapsed Time: 540.666667 / 1000.000000
Elapsed Time: 540.833333 / 1000.000000
Elapsed Time: 541.000000 / 1000.000000
Elapsed Time: 541.166667 / 1000.000000
Elapsed Time: 541.333333 / 1000.000000
Elapsed Time: 541.500000 / 1000.000000
Elapsed Time: 541.666667 / 1000.000000
Elapsed Time: 541.833333 / 1000.000000
Elapsed Time: 542.000000 / 1000.000000
Elapsed Time: 542.166667 / 1000.000000
Elapsed Time: 542.333333 / 1000.000000
Elapsed Time: 542.500000 / 1000.000000
Elapsed Time: 542.666667 / 1000.000000
Elapsed Time: 542.833333 / 1000.000000
Elapsed Time: 543.000000 / 1000.000000
Elapsed Time: 543.166667 / 1000.000000
Elapsed Time: 543.333333 / 1000.000000
Elapsed Time: 543.500000 / 1000.000000
Elapsed Time: 543.666667 / 1000.000000
Elapsed Time: 543.833333 / 1000.000000
Elapsed Time: 544.000000 / 1000.000000
Elapsed Time: 544.166667 / 1000.000000
Elapsed Time: 544.333333 / 1000.000000
Elapsed Time: 544.500000 / 1000.000000
Elapsed Time: 544.666667 / 1000.000000
Elapsed Time: 544.833333 / 1000.000000
Elapsed Time: 545.000000 / 1000.000000
Elapsed Time: 545.166667 / 1000.000000
Elapsed Time: 545.333333 / 1000.000000
Elapsed Time: 545.500000 / 1000.000000
Elapsed Time: 545.666667 / 1000.000000
Elapsed Time: 545.833333 / 1000.000000
Elapsed Time: 546.000000 / 1000.000000
Elapsed Time: 546.166667 / 1000.000000
Elapsed Time: 546.333333 / 1000.000000
Elapsed Time: 546.500000 / 1000.000000
Elapsed Time: 546.666667 / 1000.000000
Elapsed Time: 546.833333 / 1000.000000
Elapsed Time: 547.000000 / 1000.000000
Elapsed Time: 547.166667 / 1000.000000
Elapsed Time: 547.333333 / 1000.000000
Elapsed Time: 547.500000 / 1000.000000
Elapsed Time: 547.666667 / 1000.000000
Elapsed Time: 547.833333 / 1000.000000
Elapsed Time: 548.000000 / 1000.000000
Elapsed Time: 548.166667 / 1000.000000
Elapsed Time: 548.333333 / 1000.000000
Elapsed Time: 548.500000 / 1000.000000
Elapsed Time: 548.666667 / 1000.000000
Elapsed Time: 548.833333 / 1000.000000
Elapsed Time: 549.000000 / 1000.000000
Elapsed Time: 549.166667 / 1000.000000
Elapsed Time: 549.333333 / 1000.000000
Elapsed Time: 549.500000 / 1000.000000
Elapsed Time: 549.666667 / 1000.000000
Elapsed Time: 549.833333 / 1000.000000
Elapsed Time: 550.000000 / 1000.000000
Elapsed Time: 550.166667 / 1000.000000
Elapsed Time: 550.333333 / 1000.000000
Elapsed Time: 550.500000 / 1000.000000
Elapsed Time: 550.666667 / 1000.000000
Elapsed Time: 550.833333 / 1000.000000
Elapsed Time: 551.000000 / 1000.000000
Elapsed Time: 551.166667 / 1000.000000
Elapsed Time: 551.333333 / 1000.000000
Elapsed Time: 551.500000 / 1000.000000
Elapsed Time: 551.666667 / 1000.000000
Elapsed Time: 551.833333 / 1000.000000
Elapsed Time: 552.000000 / 1000.000000
Elapsed Time: 552.166667 / 1000.000000
Elapsed Time: 552.333333 / 1000.000000
Elapsed Time: 552.500000 / 1000.000000
Elapsed Time: 552.666667 / 1000.000000
Elapsed Time: 552.833333 / 1000.000000
Elapsed Time: 553.000000 / 1000.000000
Elapsed Time: 553.166667 / 1000.000000
Elapsed Time: 553.333333 / 1000.000000
Elapsed Time: 553.500000 / 1000.000000
Elapsed Time: 553.666667 / 1000.000000
Elapsed Time: 553.833333 / 1000.000000
Elapsed Time: 554.000000 / 1000.000000
Elapsed Time: 554.166667 / 1000.000000
Elapsed Time: 554.333333 / 1000.000000
Elapsed Time: 554.500000 / 1000.000000
Elapsed Time: 554.666667 / 1000.000000
Elapsed Time: 554.833333 / 1000.000000
Elapsed Time: 555.000000 / 1000.000000
Elapsed Time: 555.166667 / 1000.000000
Elapsed Time: 555.333333 / 1000.000000
Elapsed Time: 555.500000 / 1000.000000
Elapsed Time: 555.666667 / 1000.000000
Elapsed Time: 555.833333 / 1000.000000
Elapsed Time: 556.000000 / 1000.000000
Elapsed Time: 556.166667 / 1000.000000
Elapsed Time: 556.333333 / 1000.000000
Elapsed Time: 556.500000 / 1000.000000
Elapsed Time: 556.666667 / 1000.000000
Elapsed Time: 556.833333 / 1000.000000
Elapsed Time: 557.000000 / 1000.000000
Elapsed Time: 557.166667 / 1000.000000
Elapsed Time: 557.333333 / 1000.000000
Elapsed Time: 557.500000 / 1000.000000
Elapsed Time: 557.666667 / 1000.000000
Elapsed Time: 557.833333 / 1000.000000
Elapsed Time: 558.000000 / 1000.000000
Elapsed Time: 558.166667 / 1000.000000
Elapsed Time: 558.333333 / 1000.000000
Elapsed Time: 558.500000 / 1000.000000
Elapsed Time: 558.666667 / 1000.000000
Elapsed Time: 558.833333 / 1000.000000
Elapsed Time: 559.000000 / 1000.000000
Elapsed Time: 559.166667 / 1000.000000
Elapsed Time: 559.333333 / 1000.000000
Elapsed Time: 559.500000 / 1000.000000
Elapsed Time: 559.666667 / 1000.000000
Elapsed Time: 559.833333 / 1000.000000
Elapsed Time: 560.000000 / 1000.000000
Elapsed Time: 560.166667 / 1000.000000
Elapsed Time: 560.333333 / 1000.000000
Elapsed Time: 560.500000 / 1000.000000
Elapsed Time: 560.666667 / 1000.000000
Elapsed Time: 560.833333 / 1000.000000
Elapsed Time: 561.000000 / 1000.000000
Elapsed Time: 561.166667 / 1000.000000
Elapsed Time: 561.333333 / 1000.000000
Elapsed Time: 561.500000 / 1000.000000
Elapsed Time: 561.666667 / 1000.000000
Elapsed Time: 561.833333 / 1000.000000
Elapsed Time: 562.000000 / 1000.000000
Elapsed Time: 562.166667 / 1000.000000
Elapsed Time: 562.333333 / 1000.000000
Elapsed Time: 562.500000 / 1000.000000
Elapsed Time: 562.666667 / 1000.000000
Elapsed Time: 562.833333 / 1000.000000
Elapsed Time: 563.000000 / 1000.000000
Elapsed Time: 563.166667 / 1000.000000
Elapsed Time: 563.333333 / 1000.000000
Elapsed Time: 563.500000 / 1000.000000
Elapsed Time: 563.666667 / 1000.000000
Elapsed Time: 563.833333 / 1000.000000
Elapsed Time: 564.000000 / 1000.000000
Elapsed Time: 564.166667 / 1000.000000
Elapsed Time: 564.333333 / 1000.000000
Elapsed Time: 564.500000 / 1000.000000
Elapsed Time: 564.666667 / 1000.000000
Elapsed Time: 564.833333 / 1000.000000
Elapsed Time: 565.000000 / 1000.000000
Elapsed Time: 565.166667 / 1000.000000
Elapsed Time: 565.333333 / 1000.000000
Elapsed Time: 565.500000 / 1000.000000
Elapsed Time: 565.666667 / 1000.000000
Elapsed Time: 565.833333 / 1000.000000
Elapsed Time: 566.000000 / 1000.000000
Elapsed Time: 566.166667 / 1000.000000
Elapsed Time: 566.333333 / 1000.000000
Elapsed Time: 566.500000 / 1000.000000
Elapsed Time: 566.666667 / 1000.000000
Elapsed Time: 566.833333 / 1000.000000
Elapsed Time: 567.000000 / 1000.000000
Elapsed Time: 567.166667 / 1000.000000
Elapsed Time: 567.333333 / 1000.000000
Elapsed Time: 567.500000 / 1000.000000
Elapsed Time: 567.666667 / 1000.000000
Elapsed Time: 567.833333 / 1000.000000
Elapsed Time: 568.000000 / 1000.000000
Elapsed Time: 568.166667 / 1000.000000
Elapsed Time: 568.333333 / 1000.000000
Elapsed Time: 568.500000 / 1000.000000
Elapsed Time: 568.666667 / 1000.000000
Elapsed Time: 568.833333 / 1000.000000
Elapsed Time: 569.000000 / 1000.000000
Elapsed Time: 569.166667 / 1000.000000
Elapsed Time: 569.333333 / 1000.000000
Elapsed Time: 569.500000 / 1000.000000
Elapsed Time: 569.666667 / 1000.000000
Elapsed Time: 569.833333 / 1000.000000
Elapsed Time: 570.000000 / 1000.000000
Elapsed Time: 570.166667 / 1000.000000
Elapsed Time: 570.333333 / 1000.000000
Elapsed Time: 570.500000 / 1000.000000
Elapsed Time: 570.666667 / 1000.000000
Elapsed Time: 570.833333 / 1000.000000
Elapsed Time: 571.000000 / 1000.000000
Elapsed Time: 571.166667 / 1000.000000
Elapsed Time: 571.333333 / 1000.000000
Elapsed Time: 571.500000 / 1000.000000
Elapsed Time: 571.666667 / 1000.000000
Elapsed Time: 571.833333 / 1000.000000
Elapsed Time: 572.000000 / 1000.000000
Elapsed Time: 572.166667 / 1000.000000
Elapsed Time: 572.333333 / 1000.000000
Elapsed Time: 572.500000 / 1000.000000
Elapsed Time: 572.666667 / 1000.000000
Elapsed Time: 572.833333 / 1000.000000
Elapsed Time: 573.000000 / 1000.000000
Elapsed Time: 573.166667 / 1000.000000
Elapsed Time: 573.333333 / 1000.000000
Elapsed Time: 573.500000 / 1000.000000
Elapsed Time: 573.666667 / 1000.000000
Elapsed Time: 573.833333 / 1000.000000
Elapsed Time: 574.000000 / 1000.000000
Elapsed Time: 574.166667 / 1000.000000
Elapsed Time: 574.333333 / 1000.000000
Elapsed Time: 574.500000 / 1000.000000
Elapsed Time: 574.666667 / 1000.000000
Elapsed Time: 574.833333 / 1000.000000
Elapsed Time: 575.000000 / 1000.000000
Elapsed Time: 575.166667 / 1000.000000
Elapsed Time: 575.333333 / 1000.000000
Elapsed Time: 575.500000 / 1000.000000
Elapsed Time: 575.666667 / 1000.000000
Elapsed Time: 575.833333 / 1000.000000
Elapsed Time: 576.000000 / 1000.000000
Elapsed Time: 576.166667 / 1000.000000
Elapsed Time: 576.333333 / 1000.000000
Elapsed Time: 576.500000 / 1000.000000
Elapsed Time: 576.666667 / 1000.000000
Elapsed Time: 576.833333 / 1000.000000
Elapsed Time: 577.000000 / 1000.000000
Elapsed Time: 577.166667 / 1000.000000
Elapsed Time: 577.333333 / 1000.000000
Elapsed Time: 577.500000 / 1000.000000
Elapsed Time: 577.666667 / 1000.000000
Elapsed Time: 577.833333 / 1000.000000
Elapsed Time: 578.000000 / 1000.000000
Elapsed Time: 578.166667 / 1000.000000
Elapsed Time: 578.333333 / 1000.000000
Elapsed Time: 578.500000 / 1000.000000
Elapsed Time: 578.666667 / 1000.000000
Elapsed Time: 578.833333 / 1000.000000
Elapsed Time: 579.000000 / 1000.000000
Elapsed Time: 579.166667 / 1000.000000
Elapsed Time: 579.333333 / 1000.000000
Elapsed Time: 579.500000 / 1000.000000
Elapsed Time: 579.666667 / 1000.000000
Elapsed Time: 579.833333 / 1000.000000
Elapsed Time: 580.000000 / 1000.000000
Elapsed Time: 580.166667 / 1000.000000
Elapsed Time: 580.333333 / 1000.000000
Elapsed Time: 580.500000 / 1000.000000
Elapsed Time: 580.666667 / 1000.000000
Elapsed Time: 580.833333 / 1000.000000
Elapsed Time: 581.000000 / 1000.000000
Elapsed Time: 581.166667 / 1000.000000
Elapsed Time: 581.333333 / 1000.000000
Elapsed Time: 581.500000 / 1000.000000
Elapsed Time: 581.666667 / 1000.000000
Elapsed Time: 581.833333 / 1000.000000
Elapsed Time: 582.000000 / 1000.000000
Elapsed Time: 582.166667 / 1000.000000
Elapsed Time: 582.333333 / 1000.000000
Elapsed Time: 582.500000 / 1000.000000
Elapsed Time: 582.666667 / 1000.000000
Elapsed Time: 582.833333 / 1000.000000
Elapsed Time: 583.000000 / 1000.000000
Elapsed Time: 583.166667 / 1000.000000
Elapsed Time: 583.333333 / 1000.000000
Elapsed Time: 583.500000 / 1000.000000
Elapsed Time: 583.666667 / 1000.000000
Elapsed Time: 583.833333 / 1000.000000
Elapsed Time: 584.000000 / 1000.000000
Elapsed Time: 584.166667 / 1000.000000
Elapsed Time: 584.333333 / 1000.000000
Elapsed Time: 584.500000 / 1000.000000
Elapsed Time: 584.666667 / 1000.000000
Elapsed Time: 584.833333 / 1000.000000
Elapsed Time: 585.000000 / 1000.000000
Elapsed Time: 585.166667 / 1000.000000
Elapsed Time: 585.333333 / 1000.000000
Elapsed Time: 585.500000 / 1000.000000
Elapsed Time: 585.666667 / 1000.000000
Elapsed Time: 585.833333 / 1000.000000
Elapsed Time: 586.000000 / 1000.000000
Elapsed Time: 586.166667 / 1000.000000
Elapsed Time: 586.333333 / 1000.000000
Elapsed Time: 586.500000 / 1000.000000
Elapsed Time: 586.666667 / 1000.000000
Elapsed Time: 586.833333 / 1000.000000
Elapsed Time: 587.000000 / 1000.000000
Elapsed Time: 587.166667 / 1000.000000
Elapsed Time: 587.333333 / 1000.000000
Elapsed Time: 587.500000 / 1000.000000
Elapsed Time: 587.666667 / 1000.000000
Elapsed Time: 587.833333 / 1000.000000
Elapsed Time: 588.000000 / 1000.000000
Elapsed Time: 588.166667 / 1000.000000
Elapsed Time: 588.333333 / 1000.000000
Elapsed Time: 588.500000 / 1000.000000
Elapsed Time: 588.666667 / 1000.000000
Elapsed Time: 588.833333 / 1000.000000
Elapsed Time: 589.000000 / 1000.000000
Elapsed Time: 589.166667 / 1000.000000
Elapsed Time: 589.333333 / 1000.000000
Elapsed Time: 589.500000 / 1000.000000
Elapsed Time: 589.666667 / 1000.000000
Elapsed Time: 589.833333 / 1000.000000
Elapsed Time: 590.000000 / 1000.000000
Elapsed Time: 590.166667 / 1000.000000
Elapsed Time: 590.333333 / 1000.000000
Elapsed Time: 590.500000 / 1000.000000
Elapsed Time: 590.666667 / 1000.000000
Elapsed Time: 590.833333 / 1000.000000
Elapsed Time: 591.000000 / 1000.000000
Elapsed Time: 591.166667 / 1000.000000
Elapsed Time: 591.333333 / 1000.000000
Elapsed Time: 591.500000 / 1000.000000
Elapsed Time: 591.666667 / 1000.000000
Elapsed Time: 591.833333 / 1000.000000
Elapsed Time: 592.000000 / 1000.000000
Elapsed Time: 592.166667 / 1000.000000
Elapsed Time: 592.333333 / 1000.000000
Elapsed Time: 592.500000 / 1000.000000
Elapsed Time: 592.666667 / 1000.000000
Elapsed Time: 592.833333 / 1000.000000
Elapsed Time: 593.000000 / 1000.000000
Elapsed Time: 593.166667 / 1000.000000
Elapsed Time: 593.333333 / 1000.000000
Elapsed Time: 593.500000 / 1000.000000
Elapsed Time: 593.666667 / 1000.000000
Elapsed Time: 593.833333 / 1000.000000
Elapsed Time: 594.000000 / 1000.000000
Elapsed Time: 594.166667 / 1000.000000
Elapsed Time: 594.333333 / 1000.000000
Elapsed Time: 594.500000 / 1000.000000
Elapsed Time: 594.666667 / 1000.000000
Elapsed Time: 594.833333 / 1000.000000
Elapsed Time: 595.000000 / 1000.000000
Elapsed Time: 595.166667 / 1000.000000
Elapsed Time: 595.333333 / 1000.000000
Elapsed Time: 595.500000 / 1000.000000
Elapsed Time: 595.666667 / 1000.000000
Elapsed Time: 595.833333 / 1000.000000
Elapsed Time: 596.000000 / 1000.000000
Elapsed Time: 596.166667 / 1000.000000
Elapsed Time: 596.333333 / 1000.000000
Elapsed Time: 596.500000 / 1000.000000
Elapsed Time: 596.666667 / 1000.000000
Elapsed Time: 596.833333 / 1000.000000
Elapsed Time: 597.000000 / 1000.000000
Elapsed Time: 597.166667 / 1000.000000
Elapsed Time: 597.333333 / 1000.000000
Elapsed Time: 597.500000 / 1000.000000
Elapsed Time: 597.666667 / 1000.000000
Elapsed Time: 597.833333 / 1000.000000
Elapsed Time: 598.000000 / 1000.000000
Elapsed Time: 598.166667 / 1000.000000
Elapsed Time: 598.333333 / 1000.000000
Elapsed Time: 598.500000 / 1000.000000
Elapsed Time: 598.666667 / 1000.000000
Elapsed Time: 598.833333 / 1000.000000
Elapsed Time: 599.000000 / 1000.000000
Elapsed Time: 599.166667 / 1000.000000
Elapsed Time: 599.333333 / 1000.000000
Elapsed Time: 599.500000 / 1000.000000
Elapsed Time: 599.666667 / 1000.000000
Elapsed Time: 599.833333 / 1000.000000
Elapsed Time: 600.000000 / 1000.000000
Elapsed Time: 600.166667 / 1000.000000
Elapsed Time: 600.333333 / 1000.000000
Elapsed Time: 600.500000 / 1000.000000
Elapsed Time: 600.666667 / 1000.000000
Elapsed Time: 600.833333 / 1000.000000
Elapsed Time: 601.000000 / 1000.000000
Elapsed Time: 601.166667 / 1000.000000
Elapsed Time: 601.333333 / 1000.000000
Elapsed Time: 601.500000 / 1000.000000
Elapsed Time: 601.666667 / 1000.000000
Elapsed Time: 601.833333 / 1000.000000
Elapsed Time: 602.000000 / 1000.000000
Elapsed Time: 602.166667 / 1000.000000
Elapsed Time: 602.333333 / 1000.000000
Elapsed Time: 602.500000 / 1000.000000
Elapsed Time: 602.666667 / 1000.000000
Elapsed Time: 602.833333 / 1000.000000
Elapsed Time: 603.000000 / 1000.000000
Elapsed Time: 603.166667 / 1000.000000
Elapsed Time: 603.333333 / 1000.000000
Elapsed Time: 603.500000 / 1000.000000
Elapsed Time: 603.666667 / 1000.000000
Elapsed Time: 603.833333 / 1000.000000
Elapsed Time: 604.000000 / 1000.000000
Elapsed Time: 604.166667 / 1000.000000
Elapsed Time: 604.333333 / 1000.000000
Elapsed Time: 604.500000 / 1000.000000
Elapsed Time: 604.666667 / 1000.000000
Elapsed Time: 604.833333 / 1000.000000
Elapsed Time: 605.000000 / 1000.000000
Elapsed Time: 605.166667 / 1000.000000
Elapsed Time: 605.333333 / 1000.000000
Elapsed Time: 605.500000 / 1000.000000
Elapsed Time: 605.666667 / 1000.000000
Elapsed Time: 605.833333 / 1000.000000
Elapsed Time: 606.000000 / 1000.000000
Elapsed Time: 606.166667 / 1000.000000
Elapsed Time: 606.333333 / 1000.000000
Elapsed Time: 606.500000 / 1000.000000
Elapsed Time: 606.666667 / 1000.000000
Elapsed Time: 606.833333 / 1000.000000
Elapsed Time: 607.000000 / 1000.000000
Elapsed Time: 607.166667 / 1000.000000
Elapsed Time: 607.333333 / 1000.000000
Elapsed Time: 607.500000 / 1000.000000
Elapsed Time: 607.666667 / 1000.000000
Elapsed Time: 607.833333 / 1000.000000
Elapsed Time: 608.000000 / 1000.000000
Elapsed Time: 608.166667 / 1000.000000
Elapsed Time: 608.333333 / 1000.000000
Elapsed Time: 608.500000 / 1000.000000
Elapsed Time: 608.666667 / 1000.000000
Elapsed Time: 608.833333 / 1000.000000
Elapsed Time: 609.000000 / 1000.000000
Elapsed Time: 609.166667 / 1000.000000
Elapsed Time: 609.333333 / 1000.000000
Elapsed Time: 609.500000 / 1000.000000
Elapsed Time: 609.666667 / 1000.000000
Elapsed Time: 609.833333 / 1000.000000
Elapsed Time: 610.000000 / 1000.000000
Elapsed Time: 610.166667 / 1000.000000
Elapsed Time: 610.333333 / 1000.000000
Elapsed Time: 610.500000 / 1000.000000
Elapsed Time: 610.666667 / 1000.000000
Elapsed Time: 610.833333 / 1000.000000
Elapsed Time: 611.000000 / 1000.000000
Elapsed Time: 611.166667 / 1000.000000
Elapsed Time: 611.333333 / 1000.000000
Elapsed Time: 611.500000 / 1000.000000
Elapsed Time: 611.666667 / 1000.000000
Elapsed Time: 611.833333 / 1000.000000
Elapsed Time: 612.000000 / 1000.000000
Elapsed Time: 612.166667 / 1000.000000
Elapsed Time: 612.333333 / 1000.000000
Elapsed Time: 612.500000 / 1000.000000
Elapsed Time: 612.666667 / 1000.000000
Elapsed Time: 612.833333 / 1000.000000
Elapsed Time: 613.000000 / 1000.000000
Elapsed Time: 613.166667 / 1000.000000
Elapsed Time: 613.333333 / 1000.000000
Elapsed Time: 613.500000 / 1000.000000
Elapsed Time: 613.666667 / 1000.000000
Elapsed Time: 613.833333 / 1000.000000
Elapsed Time: 614.000000 / 1000.000000
Elapsed Time: 614.166667 / 1000.000000
Elapsed Time: 614.333333 / 1000.000000
Elapsed Time: 614.500000 / 1000.000000
Elapsed Time: 614.666667 / 1000.000000
Elapsed Time: 614.833333 / 1000.000000
Elapsed Time: 615.000000 / 1000.000000
Elapsed Time: 615.166667 / 1000.000000
Elapsed Time: 615.333333 / 1000.000000
Elapsed Time: 615.500000 / 1000.000000
Elapsed Time: 615.666667 / 1000.000000
Elapsed Time: 615.833333 / 1000.000000
Elapsed Time: 616.000000 / 1000.000000
Elapsed Time: 616.166667 / 1000.000000
Elapsed Time: 616.333333 / 1000.000000
Elapsed Time: 616.500000 / 1000.000000
Elapsed Time: 616.666667 / 1000.000000
Elapsed Time: 616.833333 / 1000.000000
Elapsed Time: 617.000000 / 1000.000000
Elapsed Time: 617.166667 / 1000.000000
Elapsed Time: 617.333333 / 1000.000000
Elapsed Time: 617.500000 / 1000.000000
Elapsed Time: 617.666667 / 1000.000000
Elapsed Time: 617.833333 / 1000.000000
Elapsed Time: 618.000000 / 1000.000000
Elapsed Time: 618.166667 / 1000.000000
Elapsed Time: 618.333333 / 1000.000000
Elapsed Time: 618.500000 / 1000.000000
Elapsed Time: 618.666667 / 1000.000000
Elapsed Time: 618.833333 / 1000.000000
Elapsed Time: 619.000000 / 1000.000000
Elapsed Time: 619.166667 / 1000.000000
Elapsed Time: 619.333333 / 1000.000000
Elapsed Time: 619.500000 / 1000.000000
Elapsed Time: 619.666667 / 1000.000000
Elapsed Time: 619.833333 / 1000.000000
Elapsed Time: 620.000000 / 1000.000000
Elapsed Time: 620.166667 / 1000.000000
Elapsed Time: 620.333333 / 1000.000000
Elapsed Time: 620.500000 / 1000.000000
Elapsed Time: 620.666667 / 1000.000000
Elapsed Time: 620.833333 / 1000.000000
Elapsed Time: 621.000000 / 1000.000000
Elapsed Time: 621.166667 / 1000.000000
Elapsed Time: 621.333333 / 1000.000000
Elapsed Time: 621.500000 / 1000.000000
Elapsed Time: 621.666667 / 1000.000000
Elapsed Time: 621.833333 / 1000.000000
Elapsed Time: 622.000000 / 1000.000000
Elapsed Time: 622.166667 / 1000.000000
Elapsed Time: 622.333333 / 1000.000000
Elapsed Time: 622.500000 / 1000.000000
Elapsed Time: 622.666667 / 1000.000000
Elapsed Time: 622.833333 / 1000.000000
Elapsed Time: 623.000000 / 1000.000000
Elapsed Time: 623.166667 / 1000.000000
Elapsed Time: 623.333333 / 1000.000000
Elapsed Time: 623.500000 / 1000.000000
Elapsed Time: 623.666667 / 1000.000000
Elapsed Time: 623.833333 / 1000.000000
Elapsed Time: 624.000000 / 1000.000000
Elapsed Time: 624.166667 / 1000.000000
Elapsed Time: 624.333333 / 1000.000000
Elapsed Time: 624.500000 / 1000.000000
Elapsed Time: 624.666667 / 1000.000000
Elapsed Time: 624.833333 / 1000.000000
Elapsed Time: 625.000000 / 1000.000000
Elapsed Time: 625.166667 / 1000.000000
Elapsed Time: 625.333333 / 1000.000000
Elapsed Time: 625.500000 / 1000.000000
Elapsed Time: 625.666667 / 1000.000000
Elapsed Time: 625.833333 / 1000.000000
Elapsed Time: 626.000000 / 1000.000000
Elapsed Time: 626.166667 / 1000.000000
Elapsed Time: 626.333333 / 1000.000000
Elapsed Time: 626.500000 / 1000.000000
Elapsed Time: 626.666667 / 1000.000000
Elapsed Time: 626.833333 / 1000.000000
Elapsed Time: 627.000000 / 1000.000000
Elapsed Time: 627.166667 / 1000.000000
Elapsed Time: 627.333333 / 1000.000000
Elapsed Time: 627.500000 / 1000.000000
Elapsed Time: 627.666667 / 1000.000000
Elapsed Time: 627.833333 / 1000.000000
Elapsed Time: 628.000000 / 1000.000000
Elapsed Time: 628.166667 / 1000.000000
Elapsed Time: 628.333333 / 1000.000000
Elapsed Time: 628.500000 / 1000.000000
Elapsed Time: 628.666667 / 1000.000000
Elapsed Time: 628.833333 / 1000.000000
Elapsed Time: 629.000000 / 1000.000000
Elapsed Time: 629.166667 / 1000.000000
Elapsed Time: 629.333333 / 1000.000000
Elapsed Time: 629.500000 / 1000.000000
Elapsed Time: 629.666667 / 1000.000000
Elapsed Time: 629.833333 / 1000.000000
Elapsed Time: 630.000000 / 1000.000000
Elapsed Time: 630.166667 / 1000.000000
Elapsed Time: 630.333333 / 1000.000000
Elapsed Time: 630.500000 / 1000.000000
Elapsed Time: 630.666667 / 1000.000000
Elapsed Time: 630.833333 / 1000.000000
Elapsed Time: 631.000000 / 1000.000000
Elapsed Time: 631.166667 / 1000.000000
Elapsed Time: 631.333333 / 1000.000000
Elapsed Time: 631.500000 / 1000.000000
Elapsed Time: 631.666667 / 1000.000000
Elapsed Time: 631.833333 / 1000.000000
Elapsed Time: 632.000000 / 1000.000000
Elapsed Time: 632.166667 / 1000.000000
Elapsed Time: 632.333333 / 1000.000000
Elapsed Time: 632.500000 / 1000.000000
Elapsed Time: 632.666667 / 1000.000000
Elapsed Time: 632.833333 / 1000.000000
Elapsed Time: 633.000000 / 1000.000000
Elapsed Time: 633.166667 / 1000.000000
Elapsed Time: 633.333333 / 1000.000000
Elapsed Time: 633.500000 / 1000.000000
Elapsed Time: 633.666667 / 1000.000000
Elapsed Time: 633.833333 / 1000.000000
Elapsed Time: 634.000000 / 1000.000000
Elapsed Time: 634.166667 / 1000.000000
Elapsed Time: 634.333333 / 1000.000000
Elapsed Time: 634.500000 / 1000.000000
Elapsed Time: 634.666667 / 1000.000000
Elapsed Time: 634.833333 / 1000.000000
Elapsed Time: 635.000000 / 1000.000000
Elapsed Time: 635.166667 / 1000.000000
Elapsed Time: 635.333333 / 1000.000000
Elapsed Time: 635.500000 / 1000.000000
Elapsed Time: 635.666667 / 1000.000000
Elapsed Time: 635.833333 / 1000.000000
Elapsed Time: 636.000000 / 1000.000000
Elapsed Time: 636.166667 / 1000.000000
Elapsed Time: 636.333333 / 1000.000000
Elapsed Time: 636.500000 / 1000.000000
Elapsed Time: 636.666667 / 1000.000000
Elapsed Time: 636.833333 / 1000.000000
Elapsed Time: 637.000000 / 1000.000000
Elapsed Time: 637.166667 / 1000.000000
Elapsed Time: 637.333333 / 1000.000000
Elapsed Time: 637.500000 / 1000.000000
Elapsed Time: 637.666667 / 1000.000000
Elapsed Time: 637.833333 / 1000.000000
Elapsed Time: 638.000000 / 1000.000000
Elapsed Time: 638.166667 / 1000.000000
Elapsed Time: 638.333333 / 1000.000000
Elapsed Time: 638.500000 / 1000.000000
Elapsed Time: 638.666667 / 1000.000000
Elapsed Time: 638.833333 / 1000.000000
Elapsed Time: 639.000000 / 1000.000000
Elapsed Time: 639.166667 / 1000.000000
Elapsed Time: 639.333333 / 1000.000000
Elapsed Time: 639.500000 / 1000.000000
Elapsed Time: 639.666667 / 1000.000000
Elapsed Time: 639.833333 / 1000.000000
Elapsed Time: 640.000000 / 1000.000000
Elapsed Time: 640.166667 / 1000.000000
Elapsed Time: 640.333333 / 1000.000000
Elapsed Time: 640.500000 / 1000.000000
Elapsed Time: 640.666667 / 1000.000000
Elapsed Time: 640.833333 / 1000.000000
Elapsed Time: 641.000000 / 1000.000000
Elapsed Time: 641.166667 / 1000.000000
Elapsed Time: 641.333333 / 1000.000000
Elapsed Time: 641.500000 / 1000.000000
Elapsed Time: 641.666667 / 1000.000000
Elapsed Time: 641.833333 / 1000.000000
Elapsed Time: 642.000000 / 1000.000000
Elapsed Time: 642.166667 / 1000.000000
Elapsed Time: 642.333333 / 1000.000000
Elapsed Time: 642.500000 / 1000.000000
Elapsed Time: 642.666667 / 1000.000000
Elapsed Time: 642.833333 / 1000.000000
Elapsed Time: 643.000000 / 1000.000000
Elapsed Time: 643.166667 / 1000.000000
Elapsed Time: 643.333333 / 1000.000000
Elapsed Time: 643.500000 / 1000.000000
Elapsed Time: 643.666667 / 1000.000000
Elapsed Time: 643.833333 / 1000.000000
Elapsed Time: 644.000000 / 1000.000000
Elapsed Time: 644.166667 / 1000.000000
Elapsed Time: 644.333333 / 1000.000000
Elapsed Time: 644.500000 / 1000.000000
Elapsed Time: 644.666667 / 1000.000000
Elapsed Time: 644.833333 / 1000.000000
Elapsed Time: 645.000000 / 1000.000000
Elapsed Time: 645.166667 / 1000.000000
Elapsed Time: 645.333333 / 1000.000000
Elapsed Time: 645.500000 / 1000.000000
Elapsed Time: 645.666667 / 1000.000000
Elapsed Time: 645.833333 / 1000.000000
Elapsed Time: 646.000000 / 1000.000000
Elapsed Time: 646.166667 / 1000.000000
Elapsed Time: 646.333333 / 1000.000000
Elapsed Time: 646.500000 / 1000.000000
Elapsed Time: 646.666667 / 1000.000000
Elapsed Time: 646.833333 / 1000.000000
Elapsed Time: 647.000000 / 1000.000000
Elapsed Time: 647.166667 / 1000.000000
Elapsed Time: 647.333333 / 1000.000000
Elapsed Time: 647.500000 / 1000.000000
Elapsed Time: 647.666667 / 1000.000000
Elapsed Time: 647.833333 / 1000.000000
Elapsed Time: 648.000000 / 1000.000000
Elapsed Time: 648.166667 / 1000.000000
Elapsed Time: 648.333333 / 1000.000000
Elapsed Time: 648.500000 / 1000.000000
Elapsed Time: 648.666667 / 1000.000000
Elapsed Time: 648.833333 / 1000.000000
Elapsed Time: 649.000000 / 1000.000000
Elapsed Time: 649.166667 / 1000.000000
Elapsed Time: 649.333333 / 1000.000000
Elapsed Time: 649.500000 / 1000.000000
Elapsed Time: 649.666667 / 1000.000000
Elapsed Time: 649.833333 / 1000.000000
Elapsed Time: 650.000000 / 1000.000000
Elapsed Time: 650.166667 / 1000.000000
Elapsed Time: 650.333333 / 1000.000000
Elapsed Time: 650.500000 / 1000.000000
Elapsed Time: 650.666667 / 1000.000000
Elapsed Time: 650.833333 / 1000.000000
Elapsed Time: 651.000000 / 1000.000000
Elapsed Time: 651.166667 / 1000.000000
Elapsed Time: 651.333333 / 1000.000000
Elapsed Time: 651.500000 / 1000.000000
Elapsed Time: 651.666667 / 1000.000000
Elapsed Time: 651.833333 / 1000.000000
Elapsed Time: 652.000000 / 1000.000000
Elapsed Time: 652.166667 / 1000.000000
Elapsed Time: 652.333333 / 1000.000000
Elapsed Time: 652.500000 / 1000.000000
Elapsed Time: 652.666667 / 1000.000000
Elapsed Time: 652.833333 / 1000.000000
Elapsed Time: 653.000000 / 1000.000000
Elapsed Time: 653.166667 / 1000.000000
Elapsed Time: 653.333333 / 1000.000000
Elapsed Time: 653.500000 / 1000.000000
Elapsed Time: 653.666667 / 1000.000000
Elapsed Time: 653.833333 / 1000.000000
Elapsed Time: 654.000000 / 1000.000000
Elapsed Time: 654.166667 / 1000.000000
Elapsed Time: 654.333333 / 1000.000000
Elapsed Time: 654.500000 / 1000.000000
Elapsed Time: 654.666667 / 1000.000000
Elapsed Time: 654.833333 / 1000.000000
Elapsed Time: 655.000000 / 1000.000000
Elapsed Time: 655.166667 / 1000.000000
Elapsed Time: 655.333333 / 1000.000000
Elapsed Time: 655.500000 / 1000.000000
Elapsed Time: 655.666667 / 1000.000000
Elapsed Time: 655.833333 / 1000.000000
Elapsed Time: 656.000000 / 1000.000000
Elapsed Time: 656.166667 / 1000.000000
Elapsed Time: 656.333333 / 1000.000000
Elapsed Time: 656.500000 / 1000.000000
Elapsed Time: 656.666667 / 1000.000000
Elapsed Time: 656.833333 / 1000.000000
Elapsed Time: 657.000000 / 1000.000000
Elapsed Time: 657.166667 / 1000.000000
Elapsed Time: 657.333333 / 1000.000000
Elapsed Time: 657.500000 / 1000.000000
Elapsed Time: 657.666667 / 1000.000000
Elapsed Time: 657.833333 / 1000.000000
Elapsed Time: 658.000000 / 1000.000000
Elapsed Time: 658.166667 / 1000.000000
Elapsed Time: 658.333333 / 1000.000000
Elapsed Time: 658.500000 / 1000.000000
Elapsed Time: 658.666667 / 1000.000000
Elapsed Time: 658.833333 / 1000.000000
Elapsed Time: 659.000000 / 1000.000000
Elapsed Time: 659.166667 / 1000.000000
Elapsed Time: 659.333333 / 1000.000000
Elapsed Time: 659.500000 / 1000.000000
Elapsed Time: 659.666667 / 1000.000000
Elapsed Time: 659.833333 / 1000.000000
Elapsed Time: 660.000000 / 1000.000000
Elapsed Time: 660.166667 / 1000.000000
Elapsed Time: 660.333333 / 1000.000000
Elapsed Time: 660.500000 / 1000.000000
Elapsed Time: 660.666667 / 1000.000000
Elapsed Time: 660.833333 / 1000.000000
Elapsed Time: 661.000000 / 1000.000000
Elapsed Time: 661.166667 / 1000.000000
Elapsed Time: 661.333333 / 1000.000000
Elapsed Time: 661.500000 / 1000.000000
Elapsed Time: 661.666667 / 1000.000000
Elapsed Time: 661.833333 / 1000.000000
Elapsed Time: 662.000000 / 1000.000000
Elapsed Time: 662.166667 / 1000.000000
Elapsed Time: 662.333333 / 1000.000000
Elapsed Time: 662.500000 / 1000.000000
Elapsed Time: 662.666667 / 1000.000000
Elapsed Time: 662.833333 / 1000.000000
Elapsed Time: 663.000000 / 1000.000000
Elapsed Time: 663.166667 / 1000.000000
Elapsed Time: 663.333333 / 1000.000000
Elapsed Time: 663.500000 / 1000.000000
Elapsed Time: 663.666667 / 1000.000000
Elapsed Time: 663.833333 / 1000.000000
Elapsed Time: 664.000000 / 1000.000000
Elapsed Time: 664.166667 / 1000.000000
Elapsed Time: 664.333333 / 1000.000000
Elapsed Time: 664.500000 / 1000.000000
Elapsed Time: 664.666667 / 1000.000000
Elapsed Time: 664.833333 / 1000.000000
Elapsed Time: 665.000000 / 1000.000000
Elapsed Time: 665.166667 / 1000.000000
Elapsed Time: 665.333333 / 1000.000000
Elapsed Time: 665.500000 / 1000.000000
Elapsed Time: 665.666667 / 1000.000000
Elapsed Time: 665.833333 / 1000.000000
Elapsed Time: 666.000000 / 1000.000000
Elapsed Time: 666.166667 / 1000.000000
Elapsed Time: 666.333333 / 1000.000000
Elapsed Time: 666.500000 / 1000.000000
Elapsed Time: 666.666667 / 1000.000000
Elapsed Time: 666.833333 / 1000.000000
Elapsed Time: 667.000000 / 1000.000000
Elapsed Time: 667.166667 / 1000.000000
Elapsed Time: 667.333333 / 1000.000000
Elapsed Time: 667.500000 / 1000.000000
Elapsed Time: 667.666667 / 1000.000000
Elapsed Time: 667.833333 / 1000.000000
Elapsed Time: 668.000000 / 1000.000000
Elapsed Time: 668.166667 / 1000.000000
Elapsed Time: 668.333333 / 1000.000000
Elapsed Time: 668.500000 / 1000.000000
Elapsed Time: 668.666667 / 1000.000000
Elapsed Time: 668.833333 / 1000.000000
Elapsed Time: 669.000000 / 1000.000000
Elapsed Time: 669.166667 / 1000.000000
Elapsed Time: 669.333333 / 1000.000000
Elapsed Time: 669.500000 / 1000.000000
Elapsed Time: 669.666667 / 1000.000000
Elapsed Time: 669.833333 / 1000.000000
Elapsed Time: 670.000000 / 1000.000000
Elapsed Time: 670.166667 / 1000.000000
Elapsed Time: 670.333333 / 1000.000000
Elapsed Time: 670.500000 / 1000.000000
Elapsed Time: 670.666667 / 1000.000000
Elapsed Time: 670.833333 / 1000.000000
Elapsed Time: 671.000000 / 1000.000000
Elapsed Time: 671.166667 / 1000.000000
Elapsed Time: 671.333333 / 1000.000000
Elapsed Time: 671.500000 / 1000.000000
Elapsed Time: 671.666667 / 1000.000000
Elapsed Time: 671.833333 / 1000.000000
Elapsed Time: 672.000000 / 1000.000000
Elapsed Time: 672.166667 / 1000.000000
Elapsed Time: 672.333333 / 1000.000000
Elapsed Time: 672.500000 / 1000.000000
Elapsed Time: 672.666667 / 1000.000000
Elapsed Time: 672.833333 / 1000.000000
Elapsed Time: 673.000000 / 1000.000000
Elapsed Time: 673.166667 / 1000.000000
Elapsed Time: 673.333333 / 1000.000000
Elapsed Time: 673.500000 / 1000.000000
Elapsed Time: 673.666667 / 1000.000000
Elapsed Time: 673.833333 / 1000.000000
Elapsed Time: 674.000000 / 1000.000000
Elapsed Time: 674.166667 / 1000.000000
Elapsed Time: 674.333333 / 1000.000000
Elapsed Time: 674.500000 / 1000.000000
Elapsed Time: 674.666667 / 1000.000000
Elapsed Time: 674.833333 / 1000.000000
Elapsed Time: 675.000000 / 1000.000000
Elapsed Time: 675.166667 / 1000.000000
Elapsed Time: 675.333333 / 1000.000000
Elapsed Time: 675.500000 / 1000.000000
Elapsed Time: 675.666667 / 1000.000000
Elapsed Time: 675.833333 / 1000.000000
Elapsed Time: 676.000000 / 1000.000000
Elapsed Time: 676.166667 / 1000.000000
Elapsed Time: 676.333333 / 1000.000000
Elapsed Time: 676.500000 / 1000.000000
Elapsed Time: 676.666667 / 1000.000000
Elapsed Time: 676.833333 / 1000.000000
Elapsed Time: 677.000000 / 1000.000000
Elapsed Time: 677.166667 / 1000.000000
Elapsed Time: 677.333333 / 1000.000000
Elapsed Time: 677.500000 / 1000.000000
Elapsed Time: 677.666667 / 1000.000000
Elapsed Time: 677.833333 / 1000.000000
Elapsed Time: 678.000000 / 1000.000000
Elapsed Time: 678.166667 / 1000.000000
Elapsed Time: 678.333333 / 1000.000000
Elapsed Time: 678.500000 / 1000.000000
Elapsed Time: 678.666667 / 1000.000000
Elapsed Time: 678.833333 / 1000.000000
Elapsed Time: 679.000000 / 1000.000000
Elapsed Time: 679.166667 / 1000.000000
Elapsed Time: 679.333333 / 1000.000000
Elapsed Time: 679.500000 / 1000.000000
Elapsed Time: 679.666667 / 1000.000000
Elapsed Time: 679.833333 / 1000.000000
Elapsed Time: 680.000000 / 1000.000000
Elapsed Time: 680.166667 / 1000.000000
Elapsed Time: 680.333333 / 1000.000000
Elapsed Time: 680.500000 / 1000.000000
Elapsed Time: 680.666667 / 1000.000000
Elapsed Time: 680.833333 / 1000.000000
Elapsed Time: 681.000000 / 1000.000000
Elapsed Time: 681.166667 / 1000.000000
Elapsed Time: 681.333333 / 1000.000000
Elapsed Time: 681.500000 / 1000.000000
Elapsed Time: 681.666667 / 1000.000000
Elapsed Time: 681.833333 / 1000.000000
Elapsed Time: 682.000000 / 1000.000000
Elapsed Time: 682.166667 / 1000.000000
Elapsed Time: 682.333333 / 1000.000000
Elapsed Time: 682.500000 / 1000.000000
Elapsed Time: 682.666667 / 1000.000000
Elapsed Time: 682.833333 / 1000.000000
Elapsed Time: 683.000000 / 1000.000000
Elapsed Time: 683.166667 / 1000.000000
Elapsed Time: 683.333333 / 1000.000000
Elapsed Time: 683.500000 / 1000.000000
Elapsed Time: 683.666667 / 1000.000000
Elapsed Time: 683.833333 / 1000.000000
Elapsed Time: 684.000000 / 1000.000000
Elapsed Time: 684.166667 / 1000.000000
Elapsed Time: 684.333333 / 1000.000000
Elapsed Time: 684.500000 / 1000.000000
Elapsed Time: 684.666667 / 1000.000000
Elapsed Time: 684.833333 / 1000.000000
Elapsed Time: 685.000000 / 1000.000000
Elapsed Time: 685.166667 / 1000.000000
Elapsed Time: 685.333333 / 1000.000000
Elapsed Time: 685.500000 / 1000.000000
Elapsed Time: 685.666667 / 1000.000000
Elapsed Time: 685.833333 / 1000.000000
Elapsed Time: 686.000000 / 1000.000000
Elapsed Time: 686.166667 / 1000.000000
Elapsed Time: 686.333333 / 1000.000000
Elapsed Time: 686.500000 / 1000.000000
Elapsed Time: 686.666667 / 1000.000000
Elapsed Time: 686.833333 / 1000.000000
Elapsed Time: 687.000000 / 1000.000000
Elapsed Time: 687.166667 / 1000.000000
Elapsed Time: 687.333333 / 1000.000000
Elapsed Time: 687.500000 / 1000.000000
Elapsed Time: 687.666667 / 1000.000000
Elapsed Time: 687.833333 / 1000.000000
Elapsed Time: 688.000000 / 1000.000000
Elapsed Time: 688.166667 / 1000.000000
Elapsed Time: 688.333333 / 1000.000000
Elapsed Time: 688.500000 / 1000.000000
Elapsed Time: 688.666667 / 1000.000000
Elapsed Time: 688.833333 / 1000.000000
Elapsed Time: 689.000000 / 1000.000000
Elapsed Time: 689.166667 / 1000.000000
Elapsed Time: 689.333333 / 1000.000000
Elapsed Time: 689.500000 / 1000.000000
Elapsed Time: 689.666667 / 1000.000000
Elapsed Time: 689.833333 / 1000.000000
Elapsed Time: 690.000000 / 1000.000000
Elapsed Time: 690.166667 / 1000.000000
Elapsed Time: 690.333333 / 1000.000000
Elapsed Time: 690.500000 / 1000.000000
Elapsed Time: 690.666667 / 1000.000000
Elapsed Time: 690.833333 / 1000.000000
Elapsed Time: 691.000000 / 1000.000000
Elapsed Time: 691.166667 / 1000.000000
Elapsed Time: 691.333333 / 1000.000000
Elapsed Time: 691.500000 / 1000.000000
Elapsed Time: 691.666667 / 1000.000000
Elapsed Time: 691.833333 / 1000.000000
Elapsed Time: 692.000000 / 1000.000000
Elapsed Time: 692.166667 / 1000.000000
Elapsed Time: 692.333333 / 1000.000000
Elapsed Time: 692.500000 / 1000.000000
Elapsed Time: 692.666667 / 1000.000000
Elapsed Time: 692.833333 / 1000.000000
Elapsed Time: 693.000000 / 1000.000000
Elapsed Time: 693.166667 / 1000.000000
Elapsed Time: 693.333333 / 1000.000000
Elapsed Time: 693.500000 / 1000.000000
Elapsed Time: 693.666667 / 1000.000000
Elapsed Time: 693.833333 / 1000.000000
Elapsed Time: 694.000000 / 1000.000000
Elapsed Time: 694.166667 / 1000.000000
Elapsed Time: 694.333333 / 1000.000000
Elapsed Time: 694.500000 / 1000.000000
Elapsed Time: 694.666667 / 1000.000000
Elapsed Time: 694.833333 / 1000.000000
Elapsed Time: 695.000000 / 1000.000000
Elapsed Time: 695.166667 / 1000.000000
Elapsed Time: 695.333333 / 1000.000000
Elapsed Time: 695.500000 / 1000.000000
Elapsed Time: 695.666667 / 1000.000000
Elapsed Time: 695.833333 / 1000.000000
Elapsed Time: 696.000000 / 1000.000000
Elapsed Time: 696.166667 / 1000.000000
Elapsed Time: 696.333333 / 1000.000000
Elapsed Time: 696.500000 / 1000.000000
Elapsed Time: 696.666667 / 1000.000000
Elapsed Time: 696.833333 / 1000.000000
Elapsed Time: 697.000000 / 1000.000000
Elapsed Time: 697.166667 / 1000.000000
Elapsed Time: 697.333333 / 1000.000000
Elapsed Time: 697.500000 / 1000.000000
Elapsed Time: 697.666667 / 1000.000000
Elapsed Time: 697.833333 / 1000.000000
Elapsed Time: 698.000000 / 1000.000000
Elapsed Time: 698.166667 / 1000.000000
Elapsed Time: 698.333333 / 1000.000000
Elapsed Time: 698.500000 / 1000.000000
Elapsed Time: 698.666667 / 1000.000000
Elapsed Time: 698.833333 / 1000.000000
Elapsed Time: 699.000000 / 1000.000000
Elapsed Time: 699.166667 / 1000.000000
Elapsed Time: 699.333333 / 1000.000000
Elapsed Time: 699.500000 / 1000.000000
Elapsed Time: 699.666667 / 1000.000000
Elapsed Time: 699.833333 / 1000.000000
Elapsed Time: 700.000000 / 1000.000000
Elapsed Time: 700.166667 / 1000.000000
Elapsed Time: 700.333333 / 1000.000000
Elapsed Time: 700.500000 / 1000.000000
Elapsed Time: 700.666667 / 1000.000000
Elapsed Time: 700.833333 / 1000.000000
Elapsed Time: 701.000000 / 1000.000000
Elapsed Time: 701.166667 / 1000.000000
Elapsed Time: 701.333333 / 1000.000000
Elapsed Time: 701.500000 / 1000.000000
Elapsed Time: 701.666667 / 1000.000000
Elapsed Time: 701.833333 / 1000.000000
Elapsed Time: 702.000000 / 1000.000000
Elapsed Time: 702.166667 / 1000.000000
Elapsed Time: 702.333333 / 1000.000000
Elapsed Time: 702.500000 / 1000.000000
Elapsed Time: 702.666667 / 1000.000000
Elapsed Time: 702.833333 / 1000.000000
Elapsed Time: 703.000000 / 1000.000000
Elapsed Time: 703.166667 / 1000.000000
Elapsed Time: 703.333333 / 1000.000000
Elapsed Time: 703.500000 / 1000.000000
Elapsed Time: 703.666667 / 1000.000000
Elapsed Time: 703.833333 / 1000.000000
Elapsed Time: 704.000000 / 1000.000000
Elapsed Time: 704.166667 / 1000.000000
Elapsed Time: 704.333333 / 1000.000000
Elapsed Time: 704.500000 / 1000.000000
Elapsed Time: 704.666667 / 1000.000000
Elapsed Time: 704.833333 / 1000.000000
Elapsed Time: 705.000000 / 1000.000000
Elapsed Time: 705.166667 / 1000.000000
Elapsed Time: 705.333333 / 1000.000000
Elapsed Time: 705.500000 / 1000.000000
Elapsed Time: 705.666667 / 1000.000000
Elapsed Time: 705.833333 / 1000.000000
Elapsed Time: 706.000000 / 1000.000000
Elapsed Time: 706.166667 / 1000.000000
Elapsed Time: 706.333333 / 1000.000000
Elapsed Time: 706.500000 / 1000.000000
Elapsed Time: 706.666667 / 1000.000000
Elapsed Time: 706.833333 / 1000.000000
Elapsed Time: 707.000000 / 1000.000000
Elapsed Time: 707.166667 / 1000.000000
Elapsed Time: 707.333333 / 1000.000000
Elapsed Time: 707.500000 / 1000.000000
Elapsed Time: 707.666667 / 1000.000000
Elapsed Time: 707.833333 / 1000.000000
Elapsed Time: 708.000000 / 1000.000000
Elapsed Time: 708.166667 / 1000.000000
Elapsed Time: 708.333333 / 1000.000000
Elapsed Time: 708.500000 / 1000.000000
Elapsed Time: 708.666667 / 1000.000000
Elapsed Time: 708.833333 / 1000.000000
Elapsed Time: 709.000000 / 1000.000000
Elapsed Time: 709.166667 / 1000.000000
Elapsed Time: 709.333333 / 1000.000000
Elapsed Time: 709.500000 / 1000.000000
Elapsed Time: 709.666667 / 1000.000000
Elapsed Time: 709.833333 / 1000.000000
Elapsed Time: 710.000000 / 1000.000000
Elapsed Time: 710.166667 / 1000.000000
Elapsed Time: 710.333333 / 1000.000000
Elapsed Time: 710.500000 / 1000.000000
Elapsed Time: 710.666667 / 1000.000000
Elapsed Time: 710.833333 / 1000.000000
Elapsed Time: 711.000000 / 1000.000000
Elapsed Time: 711.166667 / 1000.000000
Elapsed Time: 711.333333 / 1000.000000
Elapsed Time: 711.500000 / 1000.000000
Elapsed Time: 711.666667 / 1000.000000
Elapsed Time: 711.833333 / 1000.000000
Elapsed Time: 712.000000 / 1000.000000
Elapsed Time: 712.166667 / 1000.000000
Elapsed Time: 712.333333 / 1000.000000
Elapsed Time: 712.500000 / 1000.000000
Elapsed Time: 712.666667 / 1000.000000
Elapsed Time: 712.833333 / 1000.000000
Elapsed Time: 713.000000 / 1000.000000
Elapsed Time: 713.166667 / 1000.000000
Elapsed Time: 713.333333 / 1000.000000
Elapsed Time: 713.500000 / 1000.000000
Elapsed Time: 713.666667 / 1000.000000
Elapsed Time: 713.833333 / 1000.000000
Elapsed Time: 714.000000 / 1000.000000
Elapsed Time: 714.166667 / 1000.000000
Elapsed Time: 714.333333 / 1000.000000
Elapsed Time: 714.500000 / 1000.000000
Elapsed Time: 714.666667 / 1000.000000
Elapsed Time: 714.833333 / 1000.000000
Elapsed Time: 715.000000 / 1000.000000
Elapsed Time: 715.166667 / 1000.000000
Elapsed Time: 715.333333 / 1000.000000
Elapsed Time: 715.500000 / 1000.000000
Elapsed Time: 715.666667 / 1000.000000
Elapsed Time: 715.833333 / 1000.000000
Elapsed Time: 716.000000 / 1000.000000
Elapsed Time: 716.166667 / 1000.000000
Elapsed Time: 716.333333 / 1000.000000
Elapsed Time: 716.500000 / 1000.000000
Elapsed Time: 716.666667 / 1000.000000
Elapsed Time: 716.833333 / 1000.000000
Elapsed Time: 717.000000 / 1000.000000
Elapsed Time: 717.166667 / 1000.000000
Elapsed Time: 717.333333 / 1000.000000
Elapsed Time: 717.500000 / 1000.000000
Elapsed Time: 717.666667 / 1000.000000
Elapsed Time: 717.833333 / 1000.000000
Elapsed Time: 718.000000 / 1000.000000
Elapsed Time: 718.166667 / 1000.000000
Elapsed Time: 718.333333 / 1000.000000
Elapsed Time: 718.500000 / 1000.000000
Elapsed Time: 718.666667 / 1000.000000
Elapsed Time: 718.833333 / 1000.000000
Elapsed Time: 719.000000 / 1000.000000
Elapsed Time: 719.166667 / 1000.000000
Elapsed Time: 719.333333 / 1000.000000
Elapsed Time: 719.500000 / 1000.000000
Elapsed Time: 719.666667 / 1000.000000
Elapsed Time: 719.833333 / 1000.000000
Elapsed Time: 720.000000 / 1000.000000
Elapsed Time: 720.166667 / 1000.000000
Elapsed Time: 720.333333 / 1000.000000
Elapsed Time: 720.500000 / 1000.000000
Elapsed Time: 720.666667 / 1000.000000
Elapsed Time: 720.833333 / 1000.000000
Elapsed Time: 721.000000 / 1000.000000
Elapsed Time: 721.166667 / 1000.000000
Elapsed Time: 721.333333 / 1000.000000
Elapsed Time: 721.500000 / 1000.000000
Elapsed Time: 721.666667 / 1000.000000
Elapsed Time: 721.833333 / 1000.000000
Elapsed Time: 722.000000 / 1000.000000
Elapsed Time: 722.166667 / 1000.000000
Elapsed Time: 722.333333 / 1000.000000
Elapsed Time: 722.500000 / 1000.000000
Elapsed Time: 722.666667 / 1000.000000
Elapsed Time: 722.833333 / 1000.000000
Elapsed Time: 723.000000 / 1000.000000
Elapsed Time: 723.166667 / 1000.000000
Elapsed Time: 723.333333 / 1000.000000
Elapsed Time: 723.500000 / 1000.000000
Elapsed Time: 723.666667 / 1000.000000
Elapsed Time: 723.833333 / 1000.000000
Elapsed Time: 724.000000 / 1000.000000
Elapsed Time: 724.166667 / 1000.000000
Elapsed Time: 724.333333 / 1000.000000
Elapsed Time: 724.500000 / 1000.000000
Elapsed Time: 724.666667 / 1000.000000
Elapsed Time: 724.833333 / 1000.000000
Elapsed Time: 725.000000 / 1000.000000
Elapsed Time: 725.166667 / 1000.000000
Elapsed Time: 725.333333 / 1000.000000
Elapsed Time: 725.500000 / 1000.000000
Elapsed Time: 725.666667 / 1000.000000
Elapsed Time: 725.833333 / 1000.000000
Elapsed Time: 726.000000 / 1000.000000
Elapsed Time: 726.166667 / 1000.000000
Elapsed Time: 726.333333 / 1000.000000
Elapsed Time: 726.500000 / 1000.000000
Elapsed Time: 726.666667 / 1000.000000
Elapsed Time: 726.833333 / 1000.000000
Elapsed Time: 727.000000 / 1000.000000
Elapsed Time: 727.166667 / 1000.000000
Elapsed Time: 727.333333 / 1000.000000
Elapsed Time: 727.500000 / 1000.000000
Elapsed Time: 727.666667 / 1000.000000
Elapsed Time: 727.833333 / 1000.000000
Elapsed Time: 728.000000 / 1000.000000
Elapsed Time: 728.166667 / 1000.000000
Elapsed Time: 728.333333 / 1000.000000
Elapsed Time: 728.500000 / 1000.000000
Elapsed Time: 728.666667 / 1000.000000
Elapsed Time: 728.833333 / 1000.000000
Elapsed Time: 729.000000 / 1000.000000
Elapsed Time: 729.166667 / 1000.000000
Elapsed Time: 729.333333 / 1000.000000
Elapsed Time: 729.500000 / 1000.000000
Elapsed Time: 729.666667 / 1000.000000
Elapsed Time: 729.833333 / 1000.000000
Elapsed Time: 730.000000 / 1000.000000
Elapsed Time: 730.166667 / 1000.000000
Elapsed Time: 730.333333 / 1000.000000
Elapsed Time: 730.500000 / 1000.000000
Elapsed Time: 730.666667 / 1000.000000
Elapsed Time: 730.833333 / 1000.000000
Elapsed Time: 731.000000 / 1000.000000
Elapsed Time: 731.166667 / 1000.000000
Elapsed Time: 731.333333 / 1000.000000
Elapsed Time: 731.500000 / 1000.000000
Elapsed Time: 731.666667 / 1000.000000
Elapsed Time: 731.833333 / 1000.000000
Elapsed Time: 732.000000 / 1000.000000
Elapsed Time: 732.166667 / 1000.000000
Elapsed Time: 732.333333 / 1000.000000
Elapsed Time: 732.500000 / 1000.000000
Elapsed Time: 732.666667 / 1000.000000
Elapsed Time: 732.833333 / 1000.000000
Elapsed Time: 733.000000 / 1000.000000
Elapsed Time: 733.166667 / 1000.000000
Elapsed Time: 733.333333 / 1000.000000
Elapsed Time: 733.500000 / 1000.000000
Elapsed Time: 733.666667 / 1000.000000
Elapsed Time: 733.833333 / 1000.000000
Elapsed Time: 734.000000 / 1000.000000
Elapsed Time: 734.166667 / 1000.000000
Elapsed Time: 734.333333 / 1000.000000
Elapsed Time: 734.500000 / 1000.000000
Elapsed Time: 734.666667 / 1000.000000
Elapsed Time: 734.833333 / 1000.000000
Elapsed Time: 735.000000 / 1000.000000
Elapsed Time: 735.166667 / 1000.000000
Elapsed Time: 735.333333 / 1000.000000
Elapsed Time: 735.500000 / 1000.000000
Elapsed Time: 735.666667 / 1000.000000
Elapsed Time: 735.833333 / 1000.000000
Elapsed Time: 736.000000 / 1000.000000
Elapsed Time: 736.166667 / 1000.000000
Elapsed Time: 736.333333 / 1000.000000
Elapsed Time: 736.500000 / 1000.000000
Elapsed Time: 736.666667 / 1000.000000
Elapsed Time: 736.833333 / 1000.000000
Elapsed Time: 737.000000 / 1000.000000
Elapsed Time: 737.166667 / 1000.000000
Elapsed Time: 737.333333 / 1000.000000
Elapsed Time: 737.500000 / 1000.000000
Elapsed Time: 737.666667 / 1000.000000
Elapsed Time: 737.833333 / 1000.000000
Elapsed Time: 738.000000 / 1000.000000
Elapsed Time: 738.166667 / 1000.000000
Elapsed Time: 738.333333 / 1000.000000
Elapsed Time: 738.500000 / 1000.000000
Elapsed Time: 738.666667 / 1000.000000
Elapsed Time: 738.833333 / 1000.000000
Elapsed Time: 739.000000 / 1000.000000
Elapsed Time: 739.166667 / 1000.000000
Elapsed Time: 739.333333 / 1000.000000
Elapsed Time: 739.500000 / 1000.000000
Elapsed Time: 739.666667 / 1000.000000
Elapsed Time: 739.833333 / 1000.000000
Elapsed Time: 740.000000 / 1000.000000
Elapsed Time: 740.166667 / 1000.000000
Elapsed Time: 740.333333 / 1000.000000
Elapsed Time: 740.500000 / 1000.000000
Elapsed Time: 740.666667 / 1000.000000
Elapsed Time: 740.833333 / 1000.000000
Elapsed Time: 741.000000 / 1000.000000
Elapsed Time: 741.166667 / 1000.000000
Elapsed Time: 741.333333 / 1000.000000
Elapsed Time: 741.500000 / 1000.000000
Elapsed Time: 741.666667 / 1000.000000
Elapsed Time: 741.833333 / 1000.000000
Elapsed Time: 742.000000 / 1000.000000
Elapsed Time: 742.166667 / 1000.000000
Elapsed Time: 742.333333 / 1000.000000
Elapsed Time: 742.500000 / 1000.000000
Elapsed Time: 742.666667 / 1000.000000
Elapsed Time: 742.833333 / 1000.000000
Elapsed Time: 743.000000 / 1000.000000
Elapsed Time: 743.166667 / 1000.000000
Elapsed Time: 743.333333 / 1000.000000
Elapsed Time: 743.500000 / 1000.000000
Elapsed Time: 743.666667 / 1000.000000
Elapsed Time: 743.833333 / 1000.000000
Elapsed Time: 744.000000 / 1000.000000
Elapsed Time: 744.166667 / 1000.000000
Elapsed Time: 744.333333 / 1000.000000
Elapsed Time: 744.500000 / 1000.000000
Elapsed Time: 744.666667 / 1000.000000
Elapsed Time: 744.833333 / 1000.000000
Elapsed Time: 745.000000 / 1000.000000
Elapsed Time: 745.166667 / 1000.000000
Elapsed Time: 745.333333 / 1000.000000
Elapsed Time: 745.500000 / 1000.000000
Elapsed Time: 745.666667 / 1000.000000
Elapsed Time: 745.833333 / 1000.000000
Elapsed Time: 746.000000 / 1000.000000
Elapsed Time: 746.166667 / 1000.000000
Elapsed Time: 746.333333 / 1000.000000
Elapsed Time: 746.500000 / 1000.000000
Elapsed Time: 746.666667 / 1000.000000
Elapsed Time: 746.833333 / 1000.000000
Elapsed Time: 747.000000 / 1000.000000
Elapsed Time: 747.166667 / 1000.000000
Elapsed Time: 747.333333 / 1000.000000
Elapsed Time: 747.500000 / 1000.000000
Elapsed Time: 747.666667 / 1000.000000
Elapsed Time: 747.833333 / 1000.000000
Elapsed Time: 748.000000 / 1000.000000
Elapsed Time: 748.166667 / 1000.000000
Elapsed Time: 748.333333 / 1000.000000
Elapsed Time: 748.500000 / 1000.000000
Elapsed Time: 748.666667 / 1000.000000
Elapsed Time: 748.833333 / 1000.000000
Elapsed Time: 749.000000 / 1000.000000
Elapsed Time: 749.166667 / 1000.000000
Elapsed Time: 749.333333 / 1000.000000
Elapsed Time: 749.500000 / 1000.000000
Elapsed Time: 749.666667 / 1000.000000
Elapsed Time: 749.833333 / 1000.000000
Elapsed Time: 750.000000 / 1000.000000
Elapsed Time: 750.166667 / 1000.000000
Elapsed Time: 750.333333 / 1000.000000
Elapsed Time: 750.500000 / 1000.000000
Elapsed Time: 750.666667 / 1000.000000
Elapsed Time: 750.833333 / 1000.000000
Elapsed Time: 751.000000 / 1000.000000
Elapsed Time: 751.166667 / 1000.000000
Elapsed Time: 751.333333 / 1000.000000
Elapsed Time: 751.500000 / 1000.000000
Elapsed Time: 751.666667 / 1000.000000
Elapsed Time: 751.833333 / 1000.000000
Elapsed Time: 752.000000 / 1000.000000
Elapsed Time: 752.166667 / 1000.000000
Elapsed Time: 752.333333 / 1000.000000
Elapsed Time: 752.500000 / 1000.000000
Elapsed Time: 752.666667 / 1000.000000
Elapsed Time: 752.833333 / 1000.000000
Elapsed Time: 753.000000 / 1000.000000
Elapsed Time: 753.166667 / 1000.000000
Elapsed Time: 753.333333 / 1000.000000
Elapsed Time: 753.500000 / 1000.000000
Elapsed Time: 753.666667 / 1000.000000
Elapsed Time: 753.833333 / 1000.000000
Elapsed Time: 754.000000 / 1000.000000
Elapsed Time: 754.166667 / 1000.000000
Elapsed Time: 754.333333 / 1000.000000
Elapsed Time: 754.500000 / 1000.000000
Elapsed Time: 754.666667 / 1000.000000
Elapsed Time: 754.833333 / 1000.000000
Elapsed Time: 755.000000 / 1000.000000
Elapsed Time: 755.166667 / 1000.000000
Elapsed Time: 755.333333 / 1000.000000
Elapsed Time: 755.500000 / 1000.000000
Elapsed Time: 755.666667 / 1000.000000
Elapsed Time: 755.833333 / 1000.000000
Elapsed Time: 756.000000 / 1000.000000
Elapsed Time: 756.166667 / 1000.000000
Elapsed Time: 756.333333 / 1000.000000
Elapsed Time: 756.500000 / 1000.000000
Elapsed Time: 756.666667 / 1000.000000
Elapsed Time: 756.833333 / 1000.000000
Elapsed Time: 757.000000 / 1000.000000
Elapsed Time: 757.166667 / 1000.000000
Elapsed Time: 757.333333 / 1000.000000
Elapsed Time: 757.500000 / 1000.000000
Elapsed Time: 757.666667 / 1000.000000
Elapsed Time: 757.833333 / 1000.000000
Elapsed Time: 758.000000 / 1000.000000
Elapsed Time: 758.166667 / 1000.000000
Elapsed Time: 758.333333 / 1000.000000
Elapsed Time: 758.500000 / 1000.000000
Elapsed Time: 758.666667 / 1000.000000
Elapsed Time: 758.833333 / 1000.000000
Elapsed Time: 759.000000 / 1000.000000
Elapsed Time: 759.166667 / 1000.000000
Elapsed Time: 759.333333 / 1000.000000
Elapsed Time: 759.500000 / 1000.000000
Elapsed Time: 759.666667 / 1000.000000
Elapsed Time: 759.833333 / 1000.000000
Elapsed Time: 760.000000 / 1000.000000
Elapsed Time: 760.166667 / 1000.000000
Elapsed Time: 760.333333 / 1000.000000
Elapsed Time: 760.500000 / 1000.000000
Elapsed Time: 760.666667 / 1000.000000
Elapsed Time: 760.833333 / 1000.000000
Elapsed Time: 761.000000 / 1000.000000
Elapsed Time: 761.166667 / 1000.000000
Elapsed Time: 761.333333 / 1000.000000
Elapsed Time: 761.500000 / 1000.000000
Elapsed Time: 761.666667 / 1000.000000
Elapsed Time: 761.833333 / 1000.000000
Elapsed Time: 762.000000 / 1000.000000
Elapsed Time: 762.166667 / 1000.000000
Elapsed Time: 762.333333 / 1000.000000
Elapsed Time: 762.500000 / 1000.000000
Elapsed Time: 762.666667 / 1000.000000
Elapsed Time: 762.833333 / 1000.000000
Elapsed Time: 763.000000 / 1000.000000
Elapsed Time: 763.166667 / 1000.000000
Elapsed Time: 763.333333 / 1000.000000
Elapsed Time: 763.500000 / 1000.000000
Elapsed Time: 763.666667 / 1000.000000
Elapsed Time: 763.833333 / 1000.000000
Elapsed Time: 764.000000 / 1000.000000
Elapsed Time: 764.166667 / 1000.000000
Elapsed Time: 764.333333 / 1000.000000
Elapsed Time: 764.500000 / 1000.000000
Elapsed Time: 764.666667 / 1000.000000
Elapsed Time: 764.833333 / 1000.000000
Elapsed Time: 765.000000 / 1000.000000
Elapsed Time: 765.166667 / 1000.000000
Elapsed Time: 765.333333 / 1000.000000
Elapsed Time: 765.500000 / 1000.000000
Elapsed Time: 765.666667 / 1000.000000
Elapsed Time: 765.833333 / 1000.000000
Elapsed Time: 766.000000 / 1000.000000
Elapsed Time: 766.166667 / 1000.000000
Elapsed Time: 766.333333 / 1000.000000
Elapsed Time: 766.500000 / 1000.000000
Elapsed Time: 766.666667 / 1000.000000
Elapsed Time: 766.833333 / 1000.000000
Elapsed Time: 767.000000 / 1000.000000
Elapsed Time: 767.166667 / 1000.000000
Elapsed Time: 767.333333 / 1000.000000
Elapsed Time: 767.500000 / 1000.000000
Elapsed Time: 767.666667 / 1000.000000
Elapsed Time: 767.833333 / 1000.000000
Elapsed Time: 768.000000 / 1000.000000
Elapsed Time: 768.166667 / 1000.000000
Elapsed Time: 768.333333 / 1000.000000
Elapsed Time: 768.500000 / 1000.000000
Elapsed Time: 768.666667 / 1000.000000
Elapsed Time: 768.833333 / 1000.000000
Elapsed Time: 769.000000 / 1000.000000
Elapsed Time: 769.166667 / 1000.000000
Elapsed Time: 769.333333 / 1000.000000
Elapsed Time: 769.500000 / 1000.000000
Elapsed Time: 769.666667 / 1000.000000
Elapsed Time: 769.833333 / 1000.000000
Elapsed Time: 770.000000 / 1000.000000
Elapsed Time: 770.166667 / 1000.000000
Elapsed Time: 770.333333 / 1000.000000
Elapsed Time: 770.500000 / 1000.000000
Elapsed Time: 770.666667 / 1000.000000
Elapsed Time: 770.833333 / 1000.000000
Elapsed Time: 771.000000 / 1000.000000
Elapsed Time: 771.166667 / 1000.000000
Elapsed Time: 771.333333 / 1000.000000
Elapsed Time: 771.500000 / 1000.000000
Elapsed Time: 771.666667 / 1000.000000
Elapsed Time: 771.833333 / 1000.000000
Elapsed Time: 772.000000 / 1000.000000
Elapsed Time: 772.166667 / 1000.000000
Elapsed Time: 772.333333 / 1000.000000
Elapsed Time: 772.500000 / 1000.000000
Elapsed Time: 772.666667 / 1000.000000
Elapsed Time: 772.833333 / 1000.000000
Elapsed Time: 773.000000 / 1000.000000
Elapsed Time: 773.166667 / 1000.000000
Elapsed Time: 773.333333 / 1000.000000
Elapsed Time: 773.500000 / 1000.000000
Elapsed Time: 773.666667 / 1000.000000
Elapsed Time: 773.833333 / 1000.000000
Elapsed Time: 774.000000 / 1000.000000
Elapsed Time: 774.166667 / 1000.000000
Elapsed Time: 774.333333 / 1000.000000
Elapsed Time: 774.500000 / 1000.000000
Elapsed Time: 774.666667 / 1000.000000
Elapsed Time: 774.833333 / 1000.000000
Elapsed Time: 775.000000 / 1000.000000
Elapsed Time: 775.166667 / 1000.000000
Elapsed Time: 775.333333 / 1000.000000
Elapsed Time: 775.500000 / 1000.000000
Elapsed Time: 775.666667 / 1000.000000
Elapsed Time: 775.833333 / 1000.000000
Elapsed Time: 776.000000 / 1000.000000
Elapsed Time: 776.166667 / 1000.000000
Elapsed Time: 776.333333 / 1000.000000
Elapsed Time: 776.500000 / 1000.000000
Elapsed Time: 776.666667 / 1000.000000
Elapsed Time: 776.833333 / 1000.000000
Elapsed Time: 777.000000 / 1000.000000
Elapsed Time: 777.166667 / 1000.000000
Elapsed Time: 777.333333 / 1000.000000
Elapsed Time: 777.500000 / 1000.000000
Elapsed Time: 777.666667 / 1000.000000
Elapsed Time: 777.833333 / 1000.000000
Elapsed Time: 778.000000 / 1000.000000
Elapsed Time: 778.166667 / 1000.000000
Elapsed Time: 778.333333 / 1000.000000
Elapsed Time: 778.500000 / 1000.000000
Elapsed Time: 778.666667 / 1000.000000
Elapsed Time: 778.833333 / 1000.000000
Elapsed Time: 779.000000 / 1000.000000
Elapsed Time: 779.166667 / 1000.000000
Elapsed Time: 779.333333 / 1000.000000
Elapsed Time: 779.500000 / 1000.000000
Elapsed Time: 779.666667 / 1000.000000
Elapsed Time: 779.833333 / 1000.000000
Elapsed Time: 780.000000 / 1000.000000
Elapsed Time: 780.166667 / 1000.000000
Elapsed Time: 780.333333 / 1000.000000
Elapsed Time: 780.500000 / 1000.000000
Elapsed Time: 780.666667 / 1000.000000
Elapsed Time: 780.833333 / 1000.000000
Elapsed Time: 781.000000 / 1000.000000
Elapsed Time: 781.166667 / 1000.000000
Elapsed Time: 781.333333 / 1000.000000
Elapsed Time: 781.500000 / 1000.000000
Elapsed Time: 781.666667 / 1000.000000
Elapsed Time: 781.833333 / 1000.000000
Elapsed Time: 782.000000 / 1000.000000
Elapsed Time: 782.166667 / 1000.000000
Elapsed Time: 782.333333 / 1000.000000
Elapsed Time: 782.500000 / 1000.000000
Elapsed Time: 782.666667 / 1000.000000
Elapsed Time: 782.833333 / 1000.000000
Elapsed Time: 783.000000 / 1000.000000
Elapsed Time: 783.166667 / 1000.000000
Elapsed Time: 783.333333 / 1000.000000
Elapsed Time: 783.500000 / 1000.000000
Elapsed Time: 783.666667 / 1000.000000
Elapsed Time: 783.833333 / 1000.000000
Elapsed Time: 784.000000 / 1000.000000
Elapsed Time: 784.166667 / 1000.000000
Elapsed Time: 784.333333 / 1000.000000
Elapsed Time: 784.500000 / 1000.000000
Elapsed Time: 784.666667 / 1000.000000
Elapsed Time: 784.833333 / 1000.000000
Elapsed Time: 785.000000 / 1000.000000
Elapsed Time: 785.166667 / 1000.000000
Elapsed Time: 785.333333 / 1000.000000
Elapsed Time: 785.500000 / 1000.000000
Elapsed Time: 785.666667 / 1000.000000
Elapsed Time: 785.833333 / 1000.000000
Elapsed Time: 786.000000 / 1000.000000
Elapsed Time: 786.166667 / 1000.000000
Elapsed Time: 786.333333 / 1000.000000
Elapsed Time: 786.500000 / 1000.000000
Elapsed Time: 786.666667 / 1000.000000
Elapsed Time: 786.833333 / 1000.000000
Elapsed Time: 787.000000 / 1000.000000
Elapsed Time: 787.166667 / 1000.000000
Elapsed Time: 787.333333 / 1000.000000
Elapsed Time: 787.500000 / 1000.000000
Elapsed Time: 787.666667 / 1000.000000
Elapsed Time: 787.833333 / 1000.000000
Elapsed Time: 788.000000 / 1000.000000
Elapsed Time: 788.166667 / 1000.000000
Elapsed Time: 788.333333 / 1000.000000
Elapsed Time: 788.500000 / 1000.000000
Elapsed Time: 788.666667 / 1000.000000
Elapsed Time: 788.833333 / 1000.000000
Elapsed Time: 789.000000 / 1000.000000
Elapsed Time: 789.166667 / 1000.000000
Elapsed Time: 789.333333 / 1000.000000
Elapsed Time: 789.500000 / 1000.000000
Elapsed Time: 789.666667 / 1000.000000
Elapsed Time: 789.833333 / 1000.000000
Elapsed Time: 790.000000 / 1000.000000
Elapsed Time: 790.166667 / 1000.000000
Elapsed Time: 790.333333 / 1000.000000
Elapsed Time: 790.500000 / 1000.000000
Elapsed Time: 790.666667 / 1000.000000
Elapsed Time: 790.833333 / 1000.000000
Elapsed Time: 791.000000 / 1000.000000
Elapsed Time: 791.166667 / 1000.000000
Elapsed Time: 791.333333 / 1000.000000
Elapsed Time: 791.500000 / 1000.000000
Elapsed Time: 791.666667 / 1000.000000
Elapsed Time: 791.833333 / 1000.000000
Elapsed Time: 792.000000 / 1000.000000
Elapsed Time: 792.166667 / 1000.000000
Elapsed Time: 792.333333 / 1000.000000
Elapsed Time: 792.500000 / 1000.000000
Elapsed Time: 792.666667 / 1000.000000
Elapsed Time: 792.833333 / 1000.000000
Elapsed Time: 793.000000 / 1000.000000
Elapsed Time: 793.166667 / 1000.000000
Elapsed Time: 793.333333 / 1000.000000
Elapsed Time: 793.500000 / 1000.000000
Elapsed Time: 793.666667 / 1000.000000
Elapsed Time: 793.833333 / 1000.000000
Elapsed Time: 794.000000 / 1000.000000
Elapsed Time: 794.166667 / 1000.000000
Elapsed Time: 794.333333 / 1000.000000
Elapsed Time: 794.500000 / 1000.000000
Elapsed Time: 794.666667 / 1000.000000
Elapsed Time: 794.833333 / 1000.000000
Elapsed Time: 795.000000 / 1000.000000
Elapsed Time: 795.166667 / 1000.000000
Elapsed Time: 795.333333 / 1000.000000
Elapsed Time: 795.500000 / 1000.000000
Elapsed Time: 795.666667 / 1000.000000
Elapsed Time: 795.833333 / 1000.000000
Elapsed Time: 796.000000 / 1000.000000
Elapsed Time: 796.166667 / 1000.000000
Elapsed Time: 796.333333 / 1000.000000
Elapsed Time: 796.500000 / 1000.000000
Elapsed Time: 796.666667 / 1000.000000
Elapsed Time: 796.833333 / 1000.000000
Elapsed Time: 797.000000 / 1000.000000
Elapsed Time: 797.166667 / 1000.000000
Elapsed Time: 797.333333 / 1000.000000
Elapsed Time: 797.500000 / 1000.000000
Elapsed Time: 797.666667 / 1000.000000
Elapsed Time: 797.833333 / 1000.000000
Elapsed Time: 798.000000 / 1000.000000
Elapsed Time: 798.166667 / 1000.000000
Elapsed Time: 798.333333 / 1000.000000
Elapsed Time: 798.500000 / 1000.000000
Elapsed Time: 798.666667 / 1000.000000
Elapsed Time: 798.833333 / 1000.000000
Elapsed Time: 799.000000 / 1000.000000
Elapsed Time: 799.166667 / 1000.000000
Elapsed Time: 799.333333 / 1000.000000
Elapsed Time: 799.500000 / 1000.000000
Elapsed Time: 799.666667 / 1000.000000
Elapsed Time: 799.833333 / 1000.000000
Elapsed Time: 800.000000 / 1000.000000
Elapsed Time: 800.166667 / 1000.000000
Elapsed Time: 800.333333 / 1000.000000
Elapsed Time: 800.500000 / 1000.000000
Elapsed Time: 800.666667 / 1000.000000
Elapsed Time: 800.833333 / 1000.000000
Elapsed Time: 801.000000 / 1000.000000
Elapsed Time: 801.166667 / 1000.000000
Elapsed Time: 801.333333 / 1000.000000
Elapsed Time: 801.500000 / 1000.000000
Elapsed Time: 801.666667 / 1000.000000
Elapsed Time: 801.833333 / 1000.000000
Elapsed Time: 802.000000 / 1000.000000
Elapsed Time: 802.166667 / 1000.000000
Elapsed Time: 802.333333 / 1000.000000
Elapsed Time: 802.500000 / 1000.000000
Elapsed Time: 802.666667 / 1000.000000
Elapsed Time: 802.833333 / 1000.000000
Elapsed Time: 803.000000 / 1000.000000
Elapsed Time: 803.166667 / 1000.000000
Elapsed Time: 803.333333 / 1000.000000
Elapsed Time: 803.500000 / 1000.000000
Elapsed Time: 803.666667 / 1000.000000
Elapsed Time: 803.833333 / 1000.000000
Elapsed Time: 804.000000 / 1000.000000
Elapsed Time: 804.166667 / 1000.000000
Elapsed Time: 804.333333 / 1000.000000
Elapsed Time: 804.500000 / 1000.000000
Elapsed Time: 804.666667 / 1000.000000
Elapsed Time: 804.833333 / 1000.000000
Elapsed Time: 805.000000 / 1000.000000
Elapsed Time: 805.166667 / 1000.000000
Elapsed Time: 805.333333 / 1000.000000
Elapsed Time: 805.500000 / 1000.000000
Elapsed Time: 805.666667 / 1000.000000
Elapsed Time: 805.833333 / 1000.000000
Elapsed Time: 806.000000 / 1000.000000
Elapsed Time: 806.166667 / 1000.000000
Elapsed Time: 806.333333 / 1000.000000
Elapsed Time: 806.500000 / 1000.000000
Elapsed Time: 806.666667 / 1000.000000
Elapsed Time: 806.833333 / 1000.000000
Elapsed Time: 807.000000 / 1000.000000
Elapsed Time: 807.166667 / 1000.000000
Elapsed Time: 807.333333 / 1000.000000
Elapsed Time: 807.500000 / 1000.000000
Elapsed Time: 807.666667 / 1000.000000
Elapsed Time: 807.833333 / 1000.000000
Elapsed Time: 808.000000 / 1000.000000
Elapsed Time: 808.166667 / 1000.000000
Elapsed Time: 808.333333 / 1000.000000
Elapsed Time: 808.500000 / 1000.000000
Elapsed Time: 808.666667 / 1000.000000
Elapsed Time: 808.833333 / 1000.000000
Elapsed Time: 809.000000 / 1000.000000
Elapsed Time: 809.166667 / 1000.000000
Elapsed Time: 809.333333 / 1000.000000
Elapsed Time: 809.500000 / 1000.000000
Elapsed Time: 809.666667 / 1000.000000
Elapsed Time: 809.833333 / 1000.000000
Elapsed Time: 810.000000 / 1000.000000
Elapsed Time: 810.166667 / 1000.000000
Elapsed Time: 810.333333 / 1000.000000
Elapsed Time: 810.500000 / 1000.000000
Elapsed Time: 810.666667 / 1000.000000
Elapsed Time: 810.833333 / 1000.000000
Elapsed Time: 811.000000 / 1000.000000
Elapsed Time: 811.166667 / 1000.000000
Elapsed Time: 811.333333 / 1000.000000
Elapsed Time: 811.500000 / 1000.000000
Elapsed Time: 811.666667 / 1000.000000
Elapsed Time: 811.833333 / 1000.000000
Elapsed Time: 812.000000 / 1000.000000
Elapsed Time: 812.166667 / 1000.000000
Elapsed Time: 812.333333 / 1000.000000
Elapsed Time: 812.500000 / 1000.000000
Elapsed Time: 812.666667 / 1000.000000
Elapsed Time: 812.833333 / 1000.000000
Elapsed Time: 813.000000 / 1000.000000
Elapsed Time: 813.166667 / 1000.000000
Elapsed Time: 813.333333 / 1000.000000
Elapsed Time: 813.500000 / 1000.000000
Elapsed Time: 813.666667 / 1000.000000
Elapsed Time: 813.833333 / 1000.000000
Elapsed Time: 814.000000 / 1000.000000
Elapsed Time: 814.166667 / 1000.000000
Elapsed Time: 814.333333 / 1000.000000
Elapsed Time: 814.500000 / 1000.000000
Elapsed Time: 814.666667 / 1000.000000
Elapsed Time: 814.833333 / 1000.000000
Elapsed Time: 815.000000 / 1000.000000
Elapsed Time: 815.166667 / 1000.000000
Elapsed Time: 815.333333 / 1000.000000
Elapsed Time: 815.500000 / 1000.000000
Elapsed Time: 815.666667 / 1000.000000
Elapsed Time: 815.833333 / 1000.000000
Elapsed Time: 816.000000 / 1000.000000
Elapsed Time: 816.166667 / 1000.000000
Elapsed Time: 816.333333 / 1000.000000
Elapsed Time: 816.500000 / 1000.000000
Elapsed Time: 816.666667 / 1000.000000
Elapsed Time: 816.833333 / 1000.000000
Elapsed Time: 817.000000 / 1000.000000
Elapsed Time: 817.166667 / 1000.000000
Elapsed Time: 817.333333 / 1000.000000
Elapsed Time: 817.500000 / 1000.000000
Elapsed Time: 817.666667 / 1000.000000
Elapsed Time: 817.833333 / 1000.000000
Elapsed Time: 818.000000 / 1000.000000
Elapsed Time: 818.166667 / 1000.000000
Elapsed Time: 818.333333 / 1000.000000
Elapsed Time: 818.500000 / 1000.000000
Elapsed Time: 818.666667 / 1000.000000
Elapsed Time: 818.833333 / 1000.000000
Elapsed Time: 819.000000 / 1000.000000
Elapsed Time: 819.166667 / 1000.000000
Elapsed Time: 819.333333 / 1000.000000
Elapsed Time: 819.500000 / 1000.000000
Elapsed Time: 819.666667 / 1000.000000
Elapsed Time: 819.833333 / 1000.000000
Elapsed Time: 820.000000 / 1000.000000
Elapsed Time: 820.166667 / 1000.000000
Elapsed Time: 820.333333 / 1000.000000
Elapsed Time: 820.500000 / 1000.000000
Elapsed Time: 820.666667 / 1000.000000
Elapsed Time: 820.833333 / 1000.000000
Elapsed Time: 821.000000 / 1000.000000
Elapsed Time: 821.166667 / 1000.000000
Elapsed Time: 821.333333 / 1000.000000
Elapsed Time: 821.500000 / 1000.000000
Elapsed Time: 821.666667 / 1000.000000
Elapsed Time: 821.833333 / 1000.000000
Elapsed Time: 822.000000 / 1000.000000
Elapsed Time: 822.166667 / 1000.000000
Elapsed Time: 822.333333 / 1000.000000
Elapsed Time: 822.500000 / 1000.000000
Elapsed Time: 822.666667 / 1000.000000
Elapsed Time: 822.833333 / 1000.000000
Elapsed Time: 823.000000 / 1000.000000
Elapsed Time: 823.166667 / 1000.000000
Elapsed Time: 823.333333 / 1000.000000
Elapsed Time: 823.500000 / 1000.000000
Elapsed Time: 823.666667 / 1000.000000
Elapsed Time: 823.833333 / 1000.000000
Elapsed Time: 824.000000 / 1000.000000
Elapsed Time: 824.166667 / 1000.000000
Elapsed Time: 824.333333 / 1000.000000
Elapsed Time: 824.500000 / 1000.000000
Elapsed Time: 824.666667 / 1000.000000
Elapsed Time: 824.833333 / 1000.000000
Elapsed Time: 825.000000 / 1000.000000
Elapsed Time: 825.166667 / 1000.000000
Elapsed Time: 825.333333 / 1000.000000
Elapsed Time: 825.500000 / 1000.000000
Elapsed Time: 825.666667 / 1000.000000
Elapsed Time: 825.833333 / 1000.000000
Elapsed Time: 826.000000 / 1000.000000
Elapsed Time: 826.166667 / 1000.000000
Elapsed Time: 826.333333 / 1000.000000
Elapsed Time: 826.500000 / 1000.000000
Elapsed Time: 826.666667 / 1000.000000
Elapsed Time: 826.833333 / 1000.000000
Elapsed Time: 827.000000 / 1000.000000
Elapsed Time: 827.166667 / 1000.000000
Elapsed Time: 827.333333 / 1000.000000
Elapsed Time: 827.500000 / 1000.000000
Elapsed Time: 827.666667 / 1000.000000
Elapsed Time: 827.833333 / 1000.000000
Elapsed Time: 828.000000 / 1000.000000
Elapsed Time: 828.166667 / 1000.000000
Elapsed Time: 828.333333 / 1000.000000
Elapsed Time: 828.500000 / 1000.000000
Elapsed Time: 828.666667 / 1000.000000
Elapsed Time: 828.833333 / 1000.000000
Elapsed Time: 829.000000 / 1000.000000
Elapsed Time: 829.166667 / 1000.000000
Elapsed Time: 829.333333 / 1000.000000
Elapsed Time: 829.500000 / 1000.000000
Elapsed Time: 829.666667 / 1000.000000
Elapsed Time: 829.833333 / 1000.000000
Elapsed Time: 830.000000 / 1000.000000
Elapsed Time: 830.166667 / 1000.000000
Elapsed Time: 830.333333 / 1000.000000
Elapsed Time: 830.500000 / 1000.000000
Elapsed Time: 830.666667 / 1000.000000
Elapsed Time: 830.833333 / 1000.000000
Elapsed Time: 831.000000 / 1000.000000
Elapsed Time: 831.166667 / 1000.000000
Elapsed Time: 831.333333 / 1000.000000
Elapsed Time: 831.500000 / 1000.000000
Elapsed Time: 831.666667 / 1000.000000
Elapsed Time: 831.833333 / 1000.000000
Elapsed Time: 832.000000 / 1000.000000
Elapsed Time: 832.166667 / 1000.000000
Elapsed Time: 832.333333 / 1000.000000
Elapsed Time: 832.500000 / 1000.000000
Elapsed Time: 832.666667 / 1000.000000
Elapsed Time: 832.833333 / 1000.000000
Elapsed Time: 833.000000 / 1000.000000
Elapsed Time: 833.166667 / 1000.000000
Elapsed Time: 833.333333 / 1000.000000
Elapsed Time: 833.500000 / 1000.000000
Elapsed Time: 833.666667 / 1000.000000
Elapsed Time: 833.833333 / 1000.000000
Elapsed Time: 834.000000 / 1000.000000
Elapsed Time: 834.166667 / 1000.000000
Elapsed Time: 834.333333 / 1000.000000
Elapsed Time: 834.500000 / 1000.000000
Elapsed Time: 834.666667 / 1000.000000
Elapsed Time: 834.833333 / 1000.000000
Elapsed Time: 835.000000 / 1000.000000
Elapsed Time: 835.166667 / 1000.000000
Elapsed Time: 835.333333 / 1000.000000
Elapsed Time: 835.500000 / 1000.000000
Elapsed Time: 835.666667 / 1000.000000
Elapsed Time: 835.833333 / 1000.000000
Elapsed Time: 836.000000 / 1000.000000
Elapsed Time: 836.166667 / 1000.000000
Elapsed Time: 836.333333 / 1000.000000
Elapsed Time: 836.500000 / 1000.000000
Elapsed Time: 836.666667 / 1000.000000
Elapsed Time: 836.833333 / 1000.000000
Elapsed Time: 837.000000 / 1000.000000
Elapsed Time: 837.166667 / 1000.000000
Elapsed Time: 837.333333 / 1000.000000
Elapsed Time: 837.500000 / 1000.000000
Elapsed Time: 837.666667 / 1000.000000
Elapsed Time: 837.833333 / 1000.000000
Elapsed Time: 838.000000 / 1000.000000
Elapsed Time: 838.166667 / 1000.000000
Elapsed Time: 838.333333 / 1000.000000
Elapsed Time: 838.500000 / 1000.000000
Elapsed Time: 838.666667 / 1000.000000
Elapsed Time: 838.833333 / 1000.000000
Elapsed Time: 839.000000 / 1000.000000
Elapsed Time: 839.166667 / 1000.000000
Elapsed Time: 839.333333 / 1000.000000
Elapsed Time: 839.500000 / 1000.000000
Elapsed Time: 839.666667 / 1000.000000
Elapsed Time: 839.833333 / 1000.000000
Elapsed Time: 840.000000 / 1000.000000
Elapsed Time: 840.166667 / 1000.000000
Elapsed Time: 840.333333 / 1000.000000
Elapsed Time: 840.500000 / 1000.000000
Elapsed Time: 840.666667 / 1000.000000
Elapsed Time: 840.833333 / 1000.000000
Elapsed Time: 841.000000 / 1000.000000
Elapsed Time: 841.166667 / 1000.000000
Elapsed Time: 841.333333 / 1000.000000
Elapsed Time: 841.500000 / 1000.000000
Elapsed Time: 841.666667 / 1000.000000
Elapsed Time: 841.833333 / 1000.000000
Elapsed Time: 842.000000 / 1000.000000
Elapsed Time: 842.166667 / 1000.000000
Elapsed Time: 842.333333 / 1000.000000
Elapsed Time: 842.500000 / 1000.000000
Elapsed Time: 842.666667 / 1000.000000
Elapsed Time: 842.833333 / 1000.000000
Elapsed Time: 843.000000 / 1000.000000
Elapsed Time: 843.166667 / 1000.000000
Elapsed Time: 843.333333 / 1000.000000
Elapsed Time: 843.500000 / 1000.000000
Elapsed Time: 843.666667 / 1000.000000
Elapsed Time: 843.833333 / 1000.000000
Elapsed Time: 844.000000 / 1000.000000
Elapsed Time: 844.166667 / 1000.000000
Elapsed Time: 844.333333 / 1000.000000
Elapsed Time: 844.500000 / 1000.000000
Elapsed Time: 844.666667 / 1000.000000
Elapsed Time: 844.833333 / 1000.000000
Elapsed Time: 845.000000 / 1000.000000
Elapsed Time: 845.166667 / 1000.000000
Elapsed Time: 845.333333 / 1000.000000
Elapsed Time: 845.500000 / 1000.000000
Elapsed Time: 845.666667 / 1000.000000
Elapsed Time: 845.833333 / 1000.000000
Elapsed Time: 846.000000 / 1000.000000
Elapsed Time: 846.166667 / 1000.000000
Elapsed Time: 846.333333 / 1000.000000
Elapsed Time: 846.500000 / 1000.000000
Elapsed Time: 846.666667 / 1000.000000
Elapsed Time: 846.833333 / 1000.000000
Elapsed Time: 847.000000 / 1000.000000
Elapsed Time: 847.166667 / 1000.000000
Elapsed Time: 847.333333 / 1000.000000
Elapsed Time: 847.500000 / 1000.000000
Elapsed Time: 847.666667 / 1000.000000
Elapsed Time: 847.833333 / 1000.000000
Elapsed Time: 848.000000 / 1000.000000
Elapsed Time: 848.166667 / 1000.000000
Elapsed Time: 848.333333 / 1000.000000
Elapsed Time: 848.500000 / 1000.000000
Elapsed Time: 848.666667 / 1000.000000
Elapsed Time: 848.833333 / 1000.000000
Elapsed Time: 849.000000 / 1000.000000
Elapsed Time: 849.166667 / 1000.000000
Elapsed Time: 849.333333 / 1000.000000
Elapsed Time: 849.500000 / 1000.000000
Elapsed Time: 849.666667 / 1000.000000
Elapsed Time: 849.833333 / 1000.000000
Elapsed Time: 850.000000 / 1000.000000
Elapsed Time: 850.166667 / 1000.000000
Elapsed Time: 850.333333 / 1000.000000
Elapsed Time: 850.500000 / 1000.000000
Elapsed Time: 850.666667 / 1000.000000
Elapsed Time: 850.833333 / 1000.000000
Elapsed Time: 851.000000 / 1000.000000
Elapsed Time: 851.166667 / 1000.000000
Elapsed Time: 851.333333 / 1000.000000
Elapsed Time: 851.500000 / 1000.000000
Elapsed Time: 851.666667 / 1000.000000
Elapsed Time: 851.833333 / 1000.000000
Elapsed Time: 852.000000 / 1000.000000
Elapsed Time: 852.166667 / 1000.000000
Elapsed Time: 852.333333 / 1000.000000
Elapsed Time: 852.500000 / 1000.000000
Elapsed Time: 852.666667 / 1000.000000
Elapsed Time: 852.833333 / 1000.000000
Elapsed Time: 853.000000 / 1000.000000
Elapsed Time: 853.166667 / 1000.000000
Elapsed Time: 853.333333 / 1000.000000
Elapsed Time: 853.500000 / 1000.000000
Elapsed Time: 853.666667 / 1000.000000
Elapsed Time: 853.833333 / 1000.000000
Elapsed Time: 854.000000 / 1000.000000
Elapsed Time: 854.166667 / 1000.000000
Elapsed Time: 854.333333 / 1000.000000
Elapsed Time: 854.500000 / 1000.000000
Elapsed Time: 854.666667 / 1000.000000
Elapsed Time: 854.833333 / 1000.000000
Elapsed Time: 855.000000 / 1000.000000
Elapsed Time: 855.166667 / 1000.000000
Elapsed Time: 855.333333 / 1000.000000
Elapsed Time: 855.500000 / 1000.000000
Elapsed Time: 855.666667 / 1000.000000
Elapsed Time: 855.833333 / 1000.000000
Elapsed Time: 856.000000 / 1000.000000
Elapsed Time: 856.166667 / 1000.000000
Elapsed Time: 856.333333 / 1000.000000
Elapsed Time: 856.500000 / 1000.000000
Elapsed Time: 856.666667 / 1000.000000
Elapsed Time: 856.833333 / 1000.000000
Elapsed Time: 857.000000 / 1000.000000
Elapsed Time: 857.166667 / 1000.000000
Elapsed Time: 857.333333 / 1000.000000
Elapsed Time: 857.500000 / 1000.000000
Elapsed Time: 857.666667 / 1000.000000
Elapsed Time: 857.833333 / 1000.000000
Elapsed Time: 858.000000 / 1000.000000
Elapsed Time: 858.166667 / 1000.000000
Elapsed Time: 858.333333 / 1000.000000
Elapsed Time: 858.500000 / 1000.000000
Elapsed Time: 858.666667 / 1000.000000
Elapsed Time: 858.833333 / 1000.000000
Elapsed Time: 859.000000 / 1000.000000
Elapsed Time: 859.166667 / 1000.000000
Elapsed Time: 859.333333 / 1000.000000
Elapsed Time: 859.500000 / 1000.000000
Elapsed Time: 859.666667 / 1000.000000
Elapsed Time: 859.833333 / 1000.000000
Elapsed Time: 860.000000 / 1000.000000
Elapsed Time: 860.166667 / 1000.000000
Elapsed Time: 860.333333 / 1000.000000
Elapsed Time: 860.500000 / 1000.000000
Elapsed Time: 860.666667 / 1000.000000
Elapsed Time: 860.833333 / 1000.000000
Elapsed Time: 861.000000 / 1000.000000
Elapsed Time: 861.166667 / 1000.000000
Elapsed Time: 861.333333 / 1000.000000
Elapsed Time: 861.500000 / 1000.000000
Elapsed Time: 861.666667 / 1000.000000
Elapsed Time: 861.833333 / 1000.000000
Elapsed Time: 862.000000 / 1000.000000
Elapsed Time: 862.166667 / 1000.000000
Elapsed Time: 862.333333 / 1000.000000
Elapsed Time: 862.500000 / 1000.000000
Elapsed Time: 862.666667 / 1000.000000
Elapsed Time: 862.833333 / 1000.000000
Elapsed Time: 863.000000 / 1000.000000
Elapsed Time: 863.166667 / 1000.000000
Elapsed Time: 863.333333 / 1000.000000
Elapsed Time: 863.500000 / 1000.000000
Elapsed Time: 863.666667 / 1000.000000
Elapsed Time: 863.833333 / 1000.000000
Elapsed Time: 864.000000 / 1000.000000
Elapsed Time: 864.166667 / 1000.000000
Elapsed Time: 864.333333 / 1000.000000
Elapsed Time: 864.500000 / 1000.000000
Elapsed Time: 864.666667 / 1000.000000
Elapsed Time: 864.833333 / 1000.000000
Elapsed Time: 865.000000 / 1000.000000
Elapsed Time: 865.166667 / 1000.000000
Elapsed Time: 865.333333 / 1000.000000
Elapsed Time: 865.500000 / 1000.000000
Elapsed Time: 865.666667 / 1000.000000
Elapsed Time: 865.833333 / 1000.000000
Elapsed Time: 866.000000 / 1000.000000
Elapsed Time: 866.166667 / 1000.000000
Elapsed Time: 866.333333 / 1000.000000
Elapsed Time: 866.500000 / 1000.000000
Elapsed Time: 866.666667 / 1000.000000
Elapsed Time: 866.833333 / 1000.000000
Elapsed Time: 867.000000 / 1000.000000
Elapsed Time: 867.166667 / 1000.000000
Elapsed Time: 867.333333 / 1000.000000
Elapsed Time: 867.500000 / 1000.000000
Elapsed Time: 867.666667 / 1000.000000
Elapsed Time: 867.833333 / 1000.000000
Elapsed Time: 868.000000 / 1000.000000
Elapsed Time: 868.166667 / 1000.000000
Elapsed Time: 868.333333 / 1000.000000
Elapsed Time: 868.500000 / 1000.000000
Elapsed Time: 868.666667 / 1000.000000
Elapsed Time: 868.833333 / 1000.000000
Elapsed Time: 869.000000 / 1000.000000
Elapsed Time: 869.166667 / 1000.000000
Elapsed Time: 869.333333 / 1000.000000
Elapsed Time: 869.500000 / 1000.000000
Elapsed Time: 869.666667 / 1000.000000
Elapsed Time: 869.833333 / 1000.000000
Elapsed Time: 870.000000 / 1000.000000
Elapsed Time: 870.166667 / 1000.000000
Elapsed Time: 870.333333 / 1000.000000
Elapsed Time: 870.500000 / 1000.000000
Elapsed Time: 870.666667 / 1000.000000
Elapsed Time: 870.833333 / 1000.000000
Elapsed Time: 871.000000 / 1000.000000
Elapsed Time: 871.166667 / 1000.000000
Elapsed Time: 871.333333 / 1000.000000
Elapsed Time: 871.500000 / 1000.000000
Elapsed Time: 871.666667 / 1000.000000
Elapsed Time: 871.833333 / 1000.000000
Elapsed Time: 872.000000 / 1000.000000
Elapsed Time: 872.166667 / 1000.000000
Elapsed Time: 872.333333 / 1000.000000
Elapsed Time: 872.500000 / 1000.000000
Elapsed Time: 872.666667 / 1000.000000
Elapsed Time: 872.833333 / 1000.000000
Elapsed Time: 873.000000 / 1000.000000
Elapsed Time: 873.166667 / 1000.000000
Elapsed Time: 873.333333 / 1000.000000
Elapsed Time: 873.500000 / 1000.000000
Elapsed Time: 873.666667 / 1000.000000
Elapsed Time: 873.833333 / 1000.000000
Elapsed Time: 874.000000 / 1000.000000
Elapsed Time: 874.166667 / 1000.000000
Elapsed Time: 874.333333 / 1000.000000
Elapsed Time: 874.500000 / 1000.000000
Elapsed Time: 874.666667 / 1000.000000
Elapsed Time: 874.833333 / 1000.000000
Elapsed Time: 875.000000 / 1000.000000
Elapsed Time: 875.166667 / 1000.000000
Elapsed Time: 875.333333 / 1000.000000
Elapsed Time: 875.500000 / 1000.000000
Elapsed Time: 875.666667 / 1000.000000
Elapsed Time: 875.833333 / 1000.000000
Elapsed Time: 876.000000 / 1000.000000
Elapsed Time: 876.166667 / 1000.000000
Elapsed Time: 876.333333 / 1000.000000
Elapsed Time: 876.500000 / 1000.000000
Elapsed Time: 876.666667 / 1000.000000
Elapsed Time: 876.833333 / 1000.000000
Elapsed Time: 877.000000 / 1000.000000
Elapsed Time: 877.166667 / 1000.000000
Elapsed Time: 877.333333 / 1000.000000
Elapsed Time: 877.500000 / 1000.000000
Elapsed Time: 877.666667 / 1000.000000
Elapsed Time: 877.833333 / 1000.000000
Elapsed Time: 878.000000 / 1000.000000
Elapsed Time: 878.166667 / 1000.000000
Elapsed Time: 878.333333 / 1000.000000
Elapsed Time: 878.500000 / 1000.000000
Elapsed Time: 878.666667 / 1000.000000
Elapsed Time: 878.833333 / 1000.000000
Elapsed Time: 879.000000 / 1000.000000
Elapsed Time: 879.166667 / 1000.000000
Elapsed Time: 879.333333 / 1000.000000
Elapsed Time: 879.500000 / 1000.000000
Elapsed Time: 879.666667 / 1000.000000
Elapsed Time: 879.833333 / 1000.000000
Elapsed Time: 880.000000 / 1000.000000
Elapsed Time: 880.166667 / 1000.000000
Elapsed Time: 880.333333 / 1000.000000
Elapsed Time: 880.500000 / 1000.000000
Elapsed Time: 880.666667 / 1000.000000
Elapsed Time: 880.833333 / 1000.000000
Elapsed Time: 881.000000 / 1000.000000
Elapsed Time: 881.166667 / 1000.000000
Elapsed Time: 881.333333 / 1000.000000
Elapsed Time: 881.500000 / 1000.000000
Elapsed Time: 881.666667 / 1000.000000
Elapsed Time: 881.833333 / 1000.000000
Elapsed Time: 882.000000 / 1000.000000
Elapsed Time: 882.166667 / 1000.000000
Elapsed Time: 882.333333 / 1000.000000
Elapsed Time: 882.500000 / 1000.000000
Elapsed Time: 882.666667 / 1000.000000
Elapsed Time: 882.833333 / 1000.000000
Elapsed Time: 883.000000 / 1000.000000
Elapsed Time: 883.166667 / 1000.000000
Elapsed Time: 883.333333 / 1000.000000
Elapsed Time: 883.500000 / 1000.000000
Elapsed Time: 883.666667 / 1000.000000
Elapsed Time: 883.833333 / 1000.000000
Elapsed Time: 884.000000 / 1000.000000
Elapsed Time: 884.166667 / 1000.000000
Elapsed Time: 884.333333 / 1000.000000
Elapsed Time: 884.500000 / 1000.000000
Elapsed Time: 884.666667 / 1000.000000
Elapsed Time: 884.833333 / 1000.000000
Elapsed Time: 885.000000 / 1000.000000
Elapsed Time: 885.166667 / 1000.000000
Elapsed Time: 885.333333 / 1000.000000
Elapsed Time: 885.500000 / 1000.000000
Elapsed Time: 885.666667 / 1000.000000
Elapsed Time: 885.833333 / 1000.000000
Elapsed Time: 886.000000 / 1000.000000
Elapsed Time: 886.166667 / 1000.000000
Elapsed Time: 886.333333 / 1000.000000
Elapsed Time: 886.500000 / 1000.000000
Elapsed Time: 886.666667 / 1000.000000
Elapsed Time: 886.833333 / 1000.000000
Elapsed Time: 887.000000 / 1000.000000
Elapsed Time: 887.166667 / 1000.000000
Elapsed Time: 887.333333 / 1000.000000
Elapsed Time: 887.500000 / 1000.000000
Elapsed Time: 887.666667 / 1000.000000
Elapsed Time: 887.833333 / 1000.000000
Elapsed Time: 888.000000 / 1000.000000
Elapsed Time: 888.166667 / 1000.000000
Elapsed Time: 888.333333 / 1000.000000
Elapsed Time: 888.500000 / 1000.000000
Elapsed Time: 888.666667 / 1000.000000
Elapsed Time: 888.833333 / 1000.000000
Elapsed Time: 889.000000 / 1000.000000
Elapsed Time: 889.166667 / 1000.000000
Elapsed Time: 889.333333 / 1000.000000
Elapsed Time: 889.500000 / 1000.000000
Elapsed Time: 889.666667 / 1000.000000
Elapsed Time: 889.833333 / 1000.000000
Elapsed Time: 890.000000 / 1000.000000
Elapsed Time: 890.166667 / 1000.000000
Elapsed Time: 890.333333 / 1000.000000
Elapsed Time: 890.500000 / 1000.000000
Elapsed Time: 890.666667 / 1000.000000
Elapsed Time: 890.833333 / 1000.000000
Elapsed Time: 891.000000 / 1000.000000
Elapsed Time: 891.166667 / 1000.000000
Elapsed Time: 891.333333 / 1000.000000
Elapsed Time: 891.500000 / 1000.000000
Elapsed Time: 891.666667 / 1000.000000
Elapsed Time: 891.833333 / 1000.000000
Elapsed Time: 892.000000 / 1000.000000
Elapsed Time: 892.166667 / 1000.000000
Elapsed Time: 892.333333 / 1000.000000
Elapsed Time: 892.500000 / 1000.000000
Elapsed Time: 892.666667 / 1000.000000
Elapsed Time: 892.833333 / 1000.000000
Elapsed Time: 893.000000 / 1000.000000
Elapsed Time: 893.166667 / 1000.000000
Elapsed Time: 893.333333 / 1000.000000
Elapsed Time: 893.500000 / 1000.000000
Elapsed Time: 893.666667 / 1000.000000
Elapsed Time: 893.833333 / 1000.000000
Elapsed Time: 894.000000 / 1000.000000
Elapsed Time: 894.166667 / 1000.000000
Elapsed Time: 894.333333 / 1000.000000
Elapsed Time: 894.500000 / 1000.000000
Elapsed Time: 894.666667 / 1000.000000
Elapsed Time: 894.833333 / 1000.000000
Elapsed Time: 895.000000 / 1000.000000
Elapsed Time: 895.166667 / 1000.000000
Elapsed Time: 895.333333 / 1000.000000
Elapsed Time: 895.500000 / 1000.000000
Elapsed Time: 895.666667 / 1000.000000
Elapsed Time: 895.833333 / 1000.000000
Elapsed Time: 896.000000 / 1000.000000
Elapsed Time: 896.166667 / 1000.000000
Elapsed Time: 896.333333 / 1000.000000
Elapsed Time: 896.500000 / 1000.000000
Elapsed Time: 896.666667 / 1000.000000
Elapsed Time: 896.833333 / 1000.000000
Elapsed Time: 897.000000 / 1000.000000
Elapsed Time: 897.166667 / 1000.000000
Elapsed Time: 897.333333 / 1000.000000
Elapsed Time: 897.500000 / 1000.000000
Elapsed Time: 897.666667 / 1000.000000
Elapsed Time: 897.833333 / 1000.000000
Elapsed Time: 898.000000 / 1000.000000
Elapsed Time: 898.166667 / 1000.000000
Elapsed Time: 898.333333 / 1000.000000
Elapsed Time: 898.500000 / 1000.000000
Elapsed Time: 898.666667 / 1000.000000
Elapsed Time: 898.833333 / 1000.000000
Elapsed Time: 899.000000 / 1000.000000
Elapsed Time: 899.166667 / 1000.000000
Elapsed Time: 899.333333 / 1000.000000
Elapsed Time: 899.500000 / 1000.000000
Elapsed Time: 899.666667 / 1000.000000
Elapsed Time: 899.833333 / 1000.000000
Elapsed Time: 900.000000 / 1000.000000
Elapsed Time: 900.166667 / 1000.000000
Elapsed Time: 900.333333 / 1000.000000
Elapsed Time: 900.500000 / 1000.000000
Elapsed Time: 900.666667 / 1000.000000
Elapsed Time: 900.833333 / 1000.000000
Elapsed Time: 901.000000 / 1000.000000
Elapsed Time: 901.166667 / 1000.000000
Elapsed Time: 901.333333 / 1000.000000
Elapsed Time: 901.500000 / 1000.000000
Elapsed Time: 901.666667 / 1000.000000
Elapsed Time: 901.833333 / 1000.000000
Elapsed Time: 902.000000 / 1000.000000
Elapsed Time: 902.166667 / 1000.000000
Elapsed Time: 902.333333 / 1000.000000
Elapsed Time: 902.500000 / 1000.000000
Elapsed Time: 902.666667 / 1000.000000
Elapsed Time: 902.833333 / 1000.000000
Elapsed Time: 903.000000 / 1000.000000
Elapsed Time: 903.166667 / 1000.000000
Elapsed Time: 903.333333 / 1000.000000
Elapsed Time: 903.500000 / 1000.000000
Elapsed Time: 903.666667 / 1000.000000
Elapsed Time: 903.833333 / 1000.000000
Elapsed Time: 904.000000 / 1000.000000
Elapsed Time: 904.166667 / 1000.000000
Elapsed Time: 904.333333 / 1000.000000
Elapsed Time: 904.500000 / 1000.000000
Elapsed Time: 904.666667 / 1000.000000
Elapsed Time: 904.833333 / 1000.000000
Elapsed Time: 905.000000 / 1000.000000
Elapsed Time: 905.166667 / 1000.000000
Elapsed Time: 905.333333 / 1000.000000
Elapsed Time: 905.500000 / 1000.000000
Elapsed Time: 905.666667 / 1000.000000
Elapsed Time: 905.833333 / 1000.000000
Elapsed Time: 906.000000 / 1000.000000
Elapsed Time: 906.166667 / 1000.000000
Elapsed Time: 906.333333 / 1000.000000
Elapsed Time: 906.500000 / 1000.000000
Elapsed Time: 906.666667 / 1000.000000
Elapsed Time: 906.833333 / 1000.000000
Elapsed Time: 907.000000 / 1000.000000
Elapsed Time: 907.166667 / 1000.000000
Elapsed Time: 907.333333 / 1000.000000
Elapsed Time: 907.500000 / 1000.000000
Elapsed Time: 907.666667 / 1000.000000
Elapsed Time: 907.833333 / 1000.000000
Elapsed Time: 908.000000 / 1000.000000
Elapsed Time: 908.166667 / 1000.000000
Elapsed Time: 908.333333 / 1000.000000
Elapsed Time: 908.500000 / 1000.000000
Elapsed Time: 908.666667 / 1000.000000
Elapsed Time: 908.833333 / 1000.000000
Elapsed Time: 909.000000 / 1000.000000
Elapsed Time: 909.166667 / 1000.000000
Elapsed Time: 909.333333 / 1000.000000
Elapsed Time: 909.500000 / 1000.000000
Elapsed Time: 909.666667 / 1000.000000
Elapsed Time: 909.833333 / 1000.000000
Elapsed Time: 910.000000 / 1000.000000
Elapsed Time: 910.166667 / 1000.000000
Elapsed Time: 910.333333 / 1000.000000
Elapsed Time: 910.500000 / 1000.000000
Elapsed Time: 910.666667 / 1000.000000
Elapsed Time: 910.833333 / 1000.000000
Elapsed Time: 911.000000 / 1000.000000
Elapsed Time: 911.166667 / 1000.000000
Elapsed Time: 911.333333 / 1000.000000
Elapsed Time: 911.500000 / 1000.000000
Elapsed Time: 911.666667 / 1000.000000
Elapsed Time: 911.833333 / 1000.000000
Elapsed Time: 912.000000 / 1000.000000
Elapsed Time: 912.166667 / 1000.000000
Elapsed Time: 912.333333 / 1000.000000
Elapsed Time: 912.500000 / 1000.000000
Elapsed Time: 912.666667 / 1000.000000
Elapsed Time: 912.833333 / 1000.000000
Elapsed Time: 913.000000 / 1000.000000
Elapsed Time: 913.166667 / 1000.000000
Elapsed Time: 913.333333 / 1000.000000
Elapsed Time: 913.500000 / 1000.000000
Elapsed Time: 913.666667 / 1000.000000
Elapsed Time: 913.833333 / 1000.000000
Elapsed Time: 914.000000 / 1000.000000
Elapsed Time: 914.166667 / 1000.000000
Elapsed Time: 914.333333 / 1000.000000
Elapsed Time: 914.500000 / 1000.000000
Elapsed Time: 914.666667 / 1000.000000
Elapsed Time: 914.833333 / 1000.000000
Elapsed Time: 915.000000 / 1000.000000
Elapsed Time: 915.166667 / 1000.000000
Elapsed Time: 915.333333 / 1000.000000
Elapsed Time: 915.500000 / 1000.000000
Elapsed Time: 915.666667 / 1000.000000
Elapsed Time: 915.833333 / 1000.000000
Elapsed Time: 916.000000 / 1000.000000
Elapsed Time: 916.166667 / 1000.000000
Elapsed Time: 916.333333 / 1000.000000
Elapsed Time: 916.500000 / 1000.000000
Elapsed Time: 916.666667 / 1000.000000
Elapsed Time: 916.833333 / 1000.000000
Elapsed Time: 917.000000 / 1000.000000
Elapsed Time: 917.166667 / 1000.000000
Elapsed Time: 917.333333 / 1000.000000
Elapsed Time: 917.500000 / 1000.000000
Elapsed Time: 917.666667 / 1000.000000
Elapsed Time: 917.833333 / 1000.000000
Elapsed Time: 918.000000 / 1000.000000
Elapsed Time: 918.166667 / 1000.000000
Elapsed Time: 918.333333 / 1000.000000
Elapsed Time: 918.500000 / 1000.000000
Elapsed Time: 918.666667 / 1000.000000
Elapsed Time: 918.833333 / 1000.000000
Elapsed Time: 919.000000 / 1000.000000
Elapsed Time: 919.166667 / 1000.000000
Elapsed Time: 919.333333 / 1000.000000
Elapsed Time: 919.500000 / 1000.000000
Elapsed Time: 919.666667 / 1000.000000
Elapsed Time: 919.833333 / 1000.000000
Elapsed Time: 920.000000 / 1000.000000
Elapsed Time: 920.166667 / 1000.000000
Elapsed Time: 920.333333 / 1000.000000
Elapsed Time: 920.500000 / 1000.000000
Elapsed Time: 920.666667 / 1000.000000
Elapsed Time: 920.833333 / 1000.000000
Elapsed Time: 921.000000 / 1000.000000
Elapsed Time: 921.166667 / 1000.000000
Elapsed Time: 921.333333 / 1000.000000
Elapsed Time: 921.500000 / 1000.000000
Elapsed Time: 921.666667 / 1000.000000
Elapsed Time: 921.833333 / 1000.000000
Elapsed Time: 922.000000 / 1000.000000
Elapsed Time: 922.166667 / 1000.000000
Elapsed Time: 922.333333 / 1000.000000
Elapsed Time: 922.500000 / 1000.000000
Elapsed Time: 922.666667 / 1000.000000
Elapsed Time: 922.833333 / 1000.000000
Elapsed Time: 923.000000 / 1000.000000
Elapsed Time: 923.166667 / 1000.000000
Elapsed Time: 923.333333 / 1000.000000
Elapsed Time: 923.500000 / 1000.000000
Elapsed Time: 923.666667 / 1000.000000
Elapsed Time: 923.833333 / 1000.000000
Elapsed Time: 924.000000 / 1000.000000
Elapsed Time: 924.166667 / 1000.000000
Elapsed Time: 924.333333 / 1000.000000
Elapsed Time: 924.500000 / 1000.000000
Elapsed Time: 924.666667 / 1000.000000
Elapsed Time: 924.833333 / 1000.000000
Elapsed Time: 925.000000 / 1000.000000
Elapsed Time: 925.166667 / 1000.000000
Elapsed Time: 925.333333 / 1000.000000
Elapsed Time: 925.500000 / 1000.000000
Elapsed Time: 925.666667 / 1000.000000
Elapsed Time: 925.833333 / 1000.000000
Elapsed Time: 926.000000 / 1000.000000
Elapsed Time: 926.166667 / 1000.000000
Elapsed Time: 926.333333 / 1000.000000
Elapsed Time: 926.500000 / 1000.000000
Elapsed Time: 926.666667 / 1000.000000
Elapsed Time: 926.833333 / 1000.000000
Elapsed Time: 927.000000 / 1000.000000
Elapsed Time: 927.166667 / 1000.000000
Elapsed Time: 927.333333 / 1000.000000
Elapsed Time: 927.500000 / 1000.000000
Elapsed Time: 927.666667 / 1000.000000
Elapsed Time: 927.833333 / 1000.000000
Elapsed Time: 928.000000 / 1000.000000
Elapsed Time: 928.166667 / 1000.000000
Elapsed Time: 928.333333 / 1000.000000
Elapsed Time: 928.500000 / 1000.000000
Elapsed Time: 928.666667 / 1000.000000
Elapsed Time: 928.833333 / 1000.000000
Elapsed Time: 929.000000 / 1000.000000
Elapsed Time: 929.166667 / 1000.000000
Elapsed Time: 929.333333 / 1000.000000
Elapsed Time: 929.500000 / 1000.000000
Elapsed Time: 929.666667 / 1000.000000
Elapsed Time: 929.833333 / 1000.000000
Elapsed Time: 930.000000 / 1000.000000
Elapsed Time: 930.166667 / 1000.000000
Elapsed Time: 930.333333 / 1000.000000
Elapsed Time: 930.500000 / 1000.000000
Elapsed Time: 930.666667 / 1000.000000
Elapsed Time: 930.833333 / 1000.000000
Elapsed Time: 931.000000 / 1000.000000
Elapsed Time: 931.166667 / 1000.000000
Elapsed Time: 931.333333 / 1000.000000
Elapsed Time: 931.500000 / 1000.000000
Elapsed Time: 931.666667 / 1000.000000
Elapsed Time: 931.833333 / 1000.000000
Elapsed Time: 932.000000 / 1000.000000
Elapsed Time: 932.166667 / 1000.000000
Elapsed Time: 932.333333 / 1000.000000
Elapsed Time: 932.500000 / 1000.000000
Elapsed Time: 932.666667 / 1000.000000
Elapsed Time: 932.833333 / 1000.000000
Elapsed Time: 933.000000 / 1000.000000
Elapsed Time: 933.166667 / 1000.000000
Elapsed Time: 933.333333 / 1000.000000
Elapsed Time: 933.500000 / 1000.000000
Elapsed Time: 933.666667 / 1000.000000
Elapsed Time: 933.833333 / 1000.000000
Elapsed Time: 934.000000 / 1000.000000
Elapsed Time: 934.166667 / 1000.000000
Elapsed Time: 934.333333 / 1000.000000
Elapsed Time: 934.500000 / 1000.000000
Elapsed Time: 934.666667 / 1000.000000
Elapsed Time: 934.833333 / 1000.000000
Elapsed Time: 935.000000 / 1000.000000
Elapsed Time: 935.166667 / 1000.000000
Elapsed Time: 935.333333 / 1000.000000
Elapsed Time: 935.500000 / 1000.000000
Elapsed Time: 935.666667 / 1000.000000
Elapsed Time: 935.833333 / 1000.000000
Elapsed Time: 936.000000 / 1000.000000
Elapsed Time: 936.166667 / 1000.000000
Elapsed Time: 936.333333 / 1000.000000
Elapsed Time: 936.500000 / 1000.000000
Elapsed Time: 936.666667 / 1000.000000
Elapsed Time: 936.833333 / 1000.000000
Elapsed Time: 937.000000 / 1000.000000
Elapsed Time: 937.166667 / 1000.000000
Elapsed Time: 937.333333 / 1000.000000
Elapsed Time: 937.500000 / 1000.000000
Elapsed Time: 937.666667 / 1000.000000
Elapsed Time: 937.833333 / 1000.000000
Elapsed Time: 938.000000 / 1000.000000
Elapsed Time: 938.166667 / 1000.000000
Elapsed Time: 938.333333 / 1000.000000
Elapsed Time: 938.500000 / 1000.000000
Elapsed Time: 938.666667 / 1000.000000
Elapsed Time: 938.833333 / 1000.000000
Elapsed Time: 939.000000 / 1000.000000
Elapsed Time: 939.166667 / 1000.000000
Elapsed Time: 939.333333 / 1000.000000
Elapsed Time: 939.500000 / 1000.000000
Elapsed Time: 939.666667 / 1000.000000
Elapsed Time: 939.833333 / 1000.000000
Elapsed Time: 940.000000 / 1000.000000
Elapsed Time: 940.166667 / 1000.000000
Elapsed Time: 940.333333 / 1000.000000
Elapsed Time: 940.500000 / 1000.000000
Elapsed Time: 940.666667 / 1000.000000
Elapsed Time: 940.833333 / 1000.000000
Elapsed Time: 941.000000 / 1000.000000
Elapsed Time: 941.166667 / 1000.000000
Elapsed Time: 941.333333 / 1000.000000
Elapsed Time: 941.500000 / 1000.000000
Elapsed Time: 941.666667 / 1000.000000
Elapsed Time: 941.833333 / 1000.000000
Elapsed Time: 942.000000 / 1000.000000
Elapsed Time: 942.166667 / 1000.000000
Elapsed Time: 942.333333 / 1000.000000
Elapsed Time: 942.500000 / 1000.000000
Elapsed Time: 942.666667 / 1000.000000
Elapsed Time: 942.833333 / 1000.000000
Elapsed Time: 943.000000 / 1000.000000
Elapsed Time: 943.166667 / 1000.000000
Elapsed Time: 943.333333 / 1000.000000
Elapsed Time: 943.500000 / 1000.000000
Elapsed Time: 943.666667 / 1000.000000
Elapsed Time: 943.833333 / 1000.000000
Elapsed Time: 944.000000 / 1000.000000
Elapsed Time: 944.166667 / 1000.000000
Elapsed Time: 944.333333 / 1000.000000
Elapsed Time: 944.500000 / 1000.000000
Elapsed Time: 944.666667 / 1000.000000
Elapsed Time: 944.833333 / 1000.000000
Elapsed Time: 945.000000 / 1000.000000
Elapsed Time: 945.166667 / 1000.000000
Elapsed Time: 945.333333 / 1000.000000
Elapsed Time: 945.500000 / 1000.000000
Elapsed Time: 945.666667 / 1000.000000
Elapsed Time: 945.833333 / 1000.000000
Elapsed Time: 946.000000 / 1000.000000
Elapsed Time: 946.166667 / 1000.000000
Elapsed Time: 946.333333 / 1000.000000
Elapsed Time: 946.500000 / 1000.000000
Elapsed Time: 946.666667 / 1000.000000
Elapsed Time: 946.833333 / 1000.000000
Elapsed Time: 947.000000 / 1000.000000
Elapsed Time: 947.166667 / 1000.000000
Elapsed Time: 947.333333 / 1000.000000
Elapsed Time: 947.500000 / 1000.000000
Elapsed Time: 947.666667 / 1000.000000
Elapsed Time: 947.833333 / 1000.000000
Elapsed Time: 948.000000 / 1000.000000
Elapsed Time: 948.166667 / 1000.000000
Elapsed Time: 948.333333 / 1000.000000
Elapsed Time: 948.500000 / 1000.000000
Elapsed Time: 948.666667 / 1000.000000
Elapsed Time: 948.833333 / 1000.000000
Elapsed Time: 949.000000 / 1000.000000
Elapsed Time: 949.166667 / 1000.000000
Elapsed Time: 949.333333 / 1000.000000
Elapsed Time: 949.500000 / 1000.000000
Elapsed Time: 949.666667 / 1000.000000
Elapsed Time: 949.833333 / 1000.000000
Elapsed Time: 950.000000 / 1000.000000
Elapsed Time: 950.166667 / 1000.000000
Elapsed Time: 950.333333 / 1000.000000
Elapsed Time: 950.500000 / 1000.000000
Elapsed Time: 950.666667 / 1000.000000
Elapsed Time: 950.833333 / 1000.000000
Elapsed Time: 951.000000 / 1000.000000
Elapsed Time: 951.166667 / 1000.000000
Elapsed Time: 951.333333 / 1000.000000
Elapsed Time: 951.500000 / 1000.000000
Elapsed Time: 951.666667 / 1000.000000
Elapsed Time: 951.833333 / 1000.000000
Elapsed Time: 952.000000 / 1000.000000
Elapsed Time: 952.166667 / 1000.000000
Elapsed Time: 952.333333 / 1000.000000
Elapsed Time: 952.500000 / 1000.000000
Elapsed Time: 952.666667 / 1000.000000
Elapsed Time: 952.833333 / 1000.000000
Elapsed Time: 953.000000 / 1000.000000
Elapsed Time: 953.166667 / 1000.000000
Elapsed Time: 953.333333 / 1000.000000
Elapsed Time: 953.500000 / 1000.000000
Elapsed Time: 953.666667 / 1000.000000
Elapsed Time: 953.833333 / 1000.000000
Elapsed Time: 954.000000 / 1000.000000
Elapsed Time: 954.166667 / 1000.000000
Elapsed Time: 954.333333 / 1000.000000
Elapsed Time: 954.500000 / 1000.000000
Elapsed Time: 954.666667 / 1000.000000
Elapsed Time: 954.833333 / 1000.000000
Elapsed Time: 955.000000 / 1000.000000
Elapsed Time: 955.166667 / 1000.000000
Elapsed Time: 955.333333 / 1000.000000
Elapsed Time: 955.500000 / 1000.000000
Elapsed Time: 955.666667 / 1000.000000
Elapsed Time: 955.833333 / 1000.000000
Elapsed Time: 956.000000 / 1000.000000
Elapsed Time: 956.166667 / 1000.000000
Elapsed Time: 956.333333 / 1000.000000
Elapsed Time: 956.500000 / 1000.000000
Elapsed Time: 956.666667 / 1000.000000
Elapsed Time: 956.833333 / 1000.000000
Elapsed Time: 957.000000 / 1000.000000
Elapsed Time: 957.166667 / 1000.000000
Elapsed Time: 957.333333 / 1000.000000
Elapsed Time: 957.500000 / 1000.000000
Elapsed Time: 957.666667 / 1000.000000
Elapsed Time: 957.833333 / 1000.000000
Elapsed Time: 958.000000 / 1000.000000
Elapsed Time: 958.166667 / 1000.000000
Elapsed Time: 958.333333 / 1000.000000
Elapsed Time: 958.500000 / 1000.000000
Elapsed Time: 958.666667 / 1000.000000
Elapsed Time: 958.833333 / 1000.000000
Elapsed Time: 959.000000 / 1000.000000
Elapsed Time: 959.166667 / 1000.000000
Elapsed Time: 959.333333 / 1000.000000
Elapsed Time: 959.500000 / 1000.000000
Elapsed Time: 959.666667 / 1000.000000
Elapsed Time: 959.833333 / 1000.000000
Elapsed Time: 960.000000 / 1000.000000
Elapsed Time: 960.166667 / 1000.000000
Elapsed Time: 960.333333 / 1000.000000
Elapsed Time: 960.500000 / 1000.000000
Elapsed Time: 960.666667 / 1000.000000
Elapsed Time: 960.833333 / 1000.000000
Elapsed Time: 961.000000 / 1000.000000
Elapsed Time: 961.166667 / 1000.000000
Elapsed Time: 961.333333 / 1000.000000
Elapsed Time: 961.500000 / 1000.000000
Elapsed Time: 961.666667 / 1000.000000
Elapsed Time: 961.833333 / 1000.000000
Elapsed Time: 962.000000 / 1000.000000
Elapsed Time: 962.166667 / 1000.000000
Elapsed Time: 962.333333 / 1000.000000
Elapsed Time: 962.500000 / 1000.000000
Elapsed Time: 962.666667 / 1000.000000
Elapsed Time: 962.833333 / 1000.000000
Elapsed Time: 963.000000 / 1000.000000
Elapsed Time: 963.166667 / 1000.000000
Elapsed Time: 963.333333 / 1000.000000
Elapsed Time: 963.500000 / 1000.000000
Elapsed Time: 963.666667 / 1000.000000
Elapsed Time: 963.833333 / 1000.000000
Elapsed Time: 964.000000 / 1000.000000
Elapsed Time: 964.166667 / 1000.000000
Elapsed Time: 964.333333 / 1000.000000
Elapsed Time: 964.500000 / 1000.000000
Elapsed Time: 964.666667 / 1000.000000
Elapsed Time: 964.833333 / 1000.000000
Elapsed Time: 965.000000 / 1000.000000
Elapsed Time: 965.166667 / 1000.000000
Elapsed Time: 965.333333 / 1000.000000
Elapsed Time: 965.500000 / 1000.000000
Elapsed Time: 965.666667 / 1000.000000
Elapsed Time: 965.833333 / 1000.000000
Elapsed Time: 966.000000 / 1000.000000
Elapsed Time: 966.166667 / 1000.000000
Elapsed Time: 966.333333 / 1000.000000
Elapsed Time: 966.500000 / 1000.000000
Elapsed Time: 966.666667 / 1000.000000
Elapsed Time: 966.833333 / 1000.000000
Elapsed Time: 967.000000 / 1000.000000
Elapsed Time: 967.166667 / 1000.000000
Elapsed Time: 967.333333 / 1000.000000
Elapsed Time: 967.500000 / 1000.000000
Elapsed Time: 967.666667 / 1000.000000
Elapsed Time: 967.833333 / 1000.000000
Elapsed Time: 968.000000 / 1000.000000
Elapsed Time: 968.166667 / 1000.000000
Elapsed Time: 968.333333 / 1000.000000
Elapsed Time: 968.500000 / 1000.000000
Elapsed Time: 968.666667 / 1000.000000
Elapsed Time: 968.833333 / 1000.000000
Elapsed Time: 969.000000 / 1000.000000
Elapsed Time: 969.166667 / 1000.000000
Elapsed Time: 969.333333 / 1000.000000
Elapsed Time: 969.500000 / 1000.000000
Elapsed Time: 969.666667 / 1000.000000
Elapsed Time: 969.833333 / 1000.000000
Elapsed Time: 970.000000 / 1000.000000
Elapsed Time: 970.166667 / 1000.000000
Elapsed Time: 970.333333 / 1000.000000
Elapsed Time: 970.500000 / 1000.000000
Elapsed Time: 970.666667 / 1000.000000
Elapsed Time: 970.833333 / 1000.000000
Elapsed Time: 971.000000 / 1000.000000
Elapsed Time: 971.166667 / 1000.000000
Elapsed Time: 971.333333 / 1000.000000
Elapsed Time: 971.500000 / 1000.000000
Elapsed Time: 971.666667 / 1000.000000
Elapsed Time: 971.833333 / 1000.000000
Elapsed Time: 972.000000 / 1000.000000
Elapsed Time: 972.166667 / 1000.000000
Elapsed Time: 972.333333 / 1000.000000
Elapsed Time: 972.500000 / 1000.000000
Elapsed Time: 972.666667 / 1000.000000
Elapsed Time: 972.833333 / 1000.000000
Elapsed Time: 973.000000 / 1000.000000
Elapsed Time: 973.166667 / 1000.000000
Elapsed Time: 973.333333 / 1000.000000
Elapsed Time: 973.500000 / 1000.000000
Elapsed Time: 973.666667 / 1000.000000
Elapsed Time: 973.833333 / 1000.000000
Elapsed Time: 974.000000 / 1000.000000
Elapsed Time: 974.166667 / 1000.000000
Elapsed Time: 974.333333 / 1000.000000
Elapsed Time: 974.500000 / 1000.000000
Elapsed Time: 974.666667 / 1000.000000
Elapsed Time: 974.833333 / 1000.000000
Elapsed Time: 975.000000 / 1000.000000
Elapsed Time: 975.166667 / 1000.000000
Elapsed Time: 975.333333 / 1000.000000
Elapsed Time: 975.500000 / 1000.000000
Elapsed Time: 975.666667 / 1000.000000
Elapsed Time: 975.833333 / 1000.000000
Elapsed Time: 976.000000 / 1000.000000
Elapsed Time: 976.166667 / 1000.000000
Elapsed Time: 976.333333 / 1000.000000
Elapsed Time: 976.500000 / 1000.000000
Elapsed Time: 976.666667 / 1000.000000
Elapsed Time: 976.833333 / 1000.000000
Elapsed Time: 977.000000 / 1000.000000
Elapsed Time: 977.166667 / 1000.000000
Elapsed Time: 977.333333 / 1000.000000
Elapsed Time: 977.500000 / 1000.000000
Elapsed Time: 977.666667 / 1000.000000
Elapsed Time: 977.833333 / 1000.000000
Elapsed Time: 978.000000 / 1000.000000
Elapsed Time: 978.166667 / 1000.000000
Elapsed Time: 978.333333 / 1000.000000
Elapsed Time: 978.500000 / 1000.000000
Elapsed Time: 978.666667 / 1000.000000
Elapsed Time: 978.833333 / 1000.000000
Elapsed Time: 979.000000 / 1000.000000
Elapsed Time: 979.166667 / 1000.000000
Elapsed Time: 979.333333 / 1000.000000
Elapsed Time: 979.500000 / 1000.000000
Elapsed Time: 979.666667 / 1000.000000
Elapsed Time: 979.833333 / 1000.000000
Elapsed Time: 980.000000 / 1000.000000
Elapsed Time: 980.166667 / 1000.000000
Elapsed Time: 980.333333 / 1000.000000
Elapsed Time: 980.500000 / 1000.000000
Elapsed Time: 980.666667 / 1000.000000
Elapsed Time: 980.833333 / 1000.000000
Elapsed Time: 981.000000 / 1000.000000
Elapsed Time: 981.166667 / 1000.000000
Elapsed Time: 981.333333 / 1000.000000
Elapsed Time: 981.500000 / 1000.000000
Elapsed Time: 981.666667 / 1000.000000
Elapsed Time: 981.833333 / 1000.000000
Elapsed Time: 982.000000 / 1000.000000
Elapsed Time: 982.166667 / 1000.000000
Elapsed Time: 982.333333 / 1000.000000
Elapsed Time: 982.500000 / 1000.000000
Elapsed Time: 982.666667 / 1000.000000
Elapsed Time: 982.833333 / 1000.000000
Elapsed Time: 983.000000 / 1000.000000
Elapsed Time: 983.166667 / 1000.000000
Elapsed Time: 983.333333 / 1000.000000
Elapsed Time: 983.500000 / 1000.000000
Elapsed Time: 983.666667 / 1000.000000
Elapsed Time: 983.833333 / 1000.000000
Elapsed Time: 984.000000 / 1000.000000
Elapsed Time: 984.166667 / 1000.000000
Elapsed Time: 984.333333 / 1000.000000
Elapsed Time: 984.500000 / 1000.000000
Elapsed Time: 984.666667 / 1000.000000
Elapsed Time: 984.833333 / 1000.000000
Elapsed Time: 985.000000 / 1000.000000
Elapsed Time: 985.166667 / 1000.000000
Elapsed Time: 985.333333 / 1000.000000
Elapsed Time: 985.500000 / 1000.000000
Elapsed Time: 985.666667 / 1000.000000
Elapsed Time: 985.833333 / 1000.000000
Elapsed Time: 986.000000 / 1000.000000
Elapsed Time: 986.166667 / 1000.000000
Elapsed Time: 986.333333 / 1000.000000
Elapsed Time: 986.500000 / 1000.000000
Elapsed Time: 986.666667 / 1000.000000
Elapsed Time: 986.833333 / 1000.000000
Elapsed Time: 987.000000 / 1000.000000
Elapsed Time: 987.166667 / 1000.000000
Elapsed Time: 987.333333 / 1000.000000
Elapsed Time: 987.500000 / 1000.000000
Elapsed Time: 987.666667 / 1000.000000
Elapsed Time: 987.833333 / 1000.000000
Elapsed Time: 988.000000 / 1000.000000
Elapsed Time: 988.166667 / 1000.000000
Elapsed Time: 988.333333 / 1000.000000
Elapsed Time: 988.500000 / 1000.000000
Elapsed Time: 988.666667 / 1000.000000
Elapsed Time: 988.833333 / 1000.000000
Elapsed Time: 989.000000 / 1000.000000
Elapsed Time: 989.166667 / 1000.000000
Elapsed Time: 989.333333 / 1000.000000
Elapsed Time: 989.500000 / 1000.000000
Elapsed Time: 989.666667 / 1000.000000
Elapsed Time: 989.833333 / 1000.000000
Elapsed Time: 990.000000 / 1000.000000
Elapsed Time: 990.166667 / 1000.000000
Elapsed Time: 990.333333 / 1000.000000
Elapsed Time: 990.500000 / 1000.000000
Elapsed Time: 990.666667 / 1000.000000
Elapsed Time: 990.833333 / 1000.000000
Elapsed Time: 991.000000 / 1000.000000
Elapsed Time: 991.166667 / 1000.000000
Elapsed Time: 991.333333 / 1000.000000
Elapsed Time: 991.500000 / 1000.000000
Elapsed Time: 991.666667 / 1000.000000
Elapsed Time: 991.833333 / 1000.000000
Elapsed Time: 992.000000 / 1000.000000
Elapsed Time: 992.166667 / 1000.000000
Elapsed Time: 992.333333 / 1000.000000
Elapsed Time: 992.500000 / 1000.000000
Elapsed Time: 992.666667 / 1000.000000
Elapsed Time: 992.833333 / 1000.000000
Elapsed Time: 993.000000 / 1000.000000
Elapsed Time: 993.166667 / 1000.000000
Elapsed Time: 993.333333 / 1000.000000
Elapsed Time: 993.500000 / 1000.000000
Elapsed Time: 993.666667 / 1000.000000
Elapsed Time: 993.833333 / 1000.000000
Elapsed Time: 994.000000 / 1000.000000
Elapsed Time: 994.166667 / 1000.000000
Elapsed Time: 994.333333 / 1000.000000
Elapsed Time: 994.500000 / 1000.000000
Elapsed Time: 994.666667 / 1000.000000
Elapsed Time: 994.833333 / 1000.000000
Elapsed Time: 995.000000 / 1000.000000
Elapsed Time: 995.166667 / 1000.000000
Elapsed Time: 995.333333 / 1000.000000
Elapsed Time: 995.500000 / 1000.000000
Elapsed Time: 995.666667 / 1000.000000
Elapsed Time: 995.833333 / 1000.000000
Elapsed Time: 996.000000 / 1000.000000
Elapsed Time: 996.166667 / 1000.000000
Elapsed Time: 996.333333 / 1000.000000
Elapsed Time: 996.500000 / 1000.000000
Elapsed Time: 996.666667 / 1000.000000
Elapsed Time: 996.833333 / 1000.000000
Elapsed Time: 997.000000 / 1000.000000
Elapsed Time: 997.166667 / 1000.000000
Elapsed Time: 997.333333 / 1000.000000
Elapsed Time: 997.500000 / 1000.000000
Elapsed Time: 997.666667 / 1000.000000
Elapsed Time: 997.833333 / 1000.000000
Elapsed Time: 998.000000 / 1000.000000
Elapsed Time: 998.166667 / 1000.000000
Elapsed Time: 998.333333 / 1000.000000
Elapsed Time: 998.500000 / 1000.000000
Elapsed Time: 998.666667 / 1000.000000
Elapsed Time: 998.833333 / 1000.000000
Elapsed Time: 999.000000 / 1000.000000
Elapsed Time: 999.166667 / 1000.000000
Elapsed Time: 999.333333 / 1000.000000
Elapsed Time: 999.500000 / 1000.000000
Elapsed Time: 999.666667 / 1000.000000
Elapsed Time: 999.833333 / 1000.000000
Elapsed Time: 1000.000000 / 1000.000000
*** OUTPUT ***
CPU Time: 113.675 sec
d_mass: -3.437737e-13
d_te:   5.205049e-04
